[{"meeting_key": 1143, "session_key": 7787, "stint_number": 1, "driver_number": 77, "lap_start": 1, "lap_end": 1, "compound": "SOFT", "tyre_age_at_start": 0}, {"meeting_key": 1143, "session_key": 7787, "stint_number": 1, "driver_number": 21, "lap_start": 1, "lap_end": 8, "compound": "HARD", "tyre_age_at_start": 0}, {"meeting_key": 1143, "session_key": 7787, "stint_number": 1, "driver_number": 1, "lap_start": 1, "lap_end": 8, "compound": "MEDIUM", "tyre_age_at_start": 0}, {"meeting_key": 1143, "session_key": 7787, "stint_number": 1, "driver_number": 16, "lap_start": null, "lap_end": null, "compound": "MEDIUM", "tyre_age_at_start": 0}, {"meeting_key": 1143, "session_key": 7787, "stint_number": 1, "driver_number": 27, "lap_start": 1, "lap_end": 8, "compound": "MEDIUM", "tyre_age_at_start": 0}, {"meeting_key": 1143, "session_key": 7787, "stint_number": 1, "driver_number": 22, "lap_start": 1, "lap_end": 8, "compound": "MEDIUM", "tyre_age_at_start": 0}, {"meeting_key": 1143, "session_key": 7787, "stint_number": 1, "driver_number": 2, "lap_start": 1, "lap_end": 1, "compound": "HARD", "tyre_age_at_start": 0}, {"meeting_key": 1143, "session_key": 7787, "stint_number": 1, "driver_number": 11, "lap_start": 1, "lap_end": 1, "compound": "HARD", "tyre_age_at_start": 0}, {"meeting_key": 1143, "session_key": 7787, "stint_number": 1, "driver_number": 23, "lap_start": 1, "lap_end": 6, "compound": "MEDIUM", "tyre_age_at_start": 0}, {"meeting_key": 1143, "session_key": 7787, "stint_number": 1, "driver_number": 63, "lap_start": 1, "lap_end": 7, "compound": "MEDIUM", "tyre_age_at_start": 0}, {"meeting_key": 1143, "session_key": 7787, "stint_number": 1, "driver_number": 18, "lap_start": 1, "lap_end": 8, "compound": "MEDIUM", "tyre_age_at_start": 1}, {"meeting_key": 1143, "session_key": 7787, "stint_number": 1, "driver_number": 14, "lap_start": 1, "lap_end": 8, "compound": "MEDIUM", "tyre_age_at_start": 1}, {"meeting_key": 1143, "session_key": 7787, "stint_number": 1, "driver_number": 4, "lap_start": 1, "lap_end": 8, "compound": "MEDIUM", "tyre_age_at_start": 0}, {"meeting_key": 1143, "session_key": 7787, "stint_number": 1, "driver_number": 24, "lap_start": 1, "lap_end": 1, "compound": "SOFT", "tyre_age_at_start": 0}, {"meeting_key": 1143, "session_key": 7787, "stint_number": 1, "driver_number": 55, "lap_start": 1, "lap_end": 7, "compound": "MEDIUM", "tyre_age_at_start": 0}, {"meeting_key": 1143, "session_key": 7787, "stint_number": 1, "driver_number": 44, "lap_start": 1, "lap_end": 8, "compound": "MEDIUM", "tyre_age_at_start": 0}, {"meeting_key": 1143, "session_key": 7787, "stint_number": 1, "driver_number": 10, "lap_start": 1, "lap_end": 8, "compound": "SOFT", "tyre_age_at_start": 0}, {"meeting_key": 1143, "session_key": 7787, "stint_number": 1, "driver_number": 81, "lap_start": 1, "lap_end": 8, "compound": "MEDIUM", "tyre_age_at_start": 0}, {"meeting_key": 1143, "session_key": 7787, "stint_number": 1, "driver_number": 31, "lap_start": 1, "lap_end": 1, "compound": "SOFT", "tyre_age_at_start": 0}, {"meeting_key": 1143, "session_key": 7787, "stint_number": 1, "driver_number": 20, "lap_start": 1, "lap_end": 7, "compound": "MEDIUM", "tyre_age_at_start": 0}, {"meeting_key": 1143, "session_key": 7787, "stint_number": 2, "driver_number": 31, "lap_start": 1, "lap_end": 8, "compound": "HARD", "tyre_age_at_start": 0}, {"meeting_key": 1143, "session_key": 7787, "stint_number": 2, "driver_number": 11, "lap_start": 1, "lap_end": 2, "compound": "MEDIUM", "tyre_age_at_start": 0}, {"meeting_key": 1143, "session_key": 7787, "stint_number": 2, "driver_number": 2, "lap_start": 1, "lap_end": 2, "compound": "MEDIUM", "tyre_age_at_start": 0}, {"meeting_key": 1143, "session_key": 7787, "stint_number": 2, "driver_number": 24, "lap_start": 1, "lap_end": 8, "compound": "HARD", "tyre_age_at_start": 0}, {"meeting_key": 1143, "session_key": 7787, "stint_number": 2, "driver_number": 77, "lap_start": 1, "lap_end": 8, "compound": "HARD", "tyre_age_at_start": 0}, {"meeting_key": 1143, "session_key": 7787, "stint_number": 3, "driver_number": 2, "lap_start": 2, "lap_end": 8, "compound": "HARD", "tyre_age_at_start": 1}, {"meeting_key": 1143, "session_key": 7787, "stint_number": 3, "driver_number": 11, "lap_start": 2, "lap_end": 8, "compound": "HARD", "tyre_age_at_start": 0}, {"meeting_key": 1143, "session_key": 7787, "stint_number": 2, "driver_number": 63, "lap_start": 7, "lap_end": 8, "compound": "HARD", "tyre_age_at_start": 0}, {"meeting_key": 1143, "session_key": 7787, "stint_number": 2, "driver_number": 55, "lap_start": 7, "lap_end": 8, "compound": "HARD", "tyre_age_at_start": 0}, {"meeting_key": 1143, "session_key": 7787, "stint_number": 2, "driver_number": 20, "lap_start": 7, "lap_end": 8, "compound": "HARD", "tyre_age_at_start": 0}, {"meeting_key": 1143, "session_key": 7787, "stint_number": 2, "driver_number": 1, "lap_start": 8, "lap_end": 55, "compound": "HARD", "tyre_age_at_start": 0}, {"meeting_key": 1143, "session_key": 7787, "stint_number": 2, "driver_number": 44, "lap_start": 9, "lap_end": 55, "compound": "HARD", "tyre_age_at_start": 0}, {"meeting_key": 1143, "session_key": 7787, "stint_number": 2, "driver_number": 14, "lap_start": 8, "lap_end": 55, "compound": "HARD", "tyre_age_at_start": 0}, {"meeting_key": 1143, "session_key": 7787, "stint_number": 2, "driver_number": 10, "lap_start": 8, "lap_end": 55, "compound": "HARD", "tyre_age_at_start": 0}, {"meeting_key": 1143, "session_key": 7787, "stint_number": 2, "driver_number": 27, "lap_start": 8, "lap_end": 55, "compound": "HARD", "tyre_age_at_start": 0}, {"meeting_key": 1143, "session_key": 7787, "stint_number": 2, "driver_number": 18, "lap_start": 8, "lap_end": 55, "compound": "HARD", "tyre_age_at_start": 0}, {"meeting_key": 1143, "session_key": 7787, "stint_number": 3, "driver_number": 63, "lap_start": 8, "lap_end": 17, "compound": "HARD", "tyre_age_at_start": 1}, {"meeting_key": 1143, "session_key": 7787, "stint_number": 2, "driver_number": 22, "lap_start": 8, "lap_end": 54, "compound": "HARD", "tyre_age_at_start": 0}, {"meeting_key": 1143, "session_key": 7787, "stint_number": 2, "driver_number": 4, "lap_start": 8, "lap_end": 55, "compound": "HARD", "tyre_age_at_start": 0}, {"meeting_key": 1143, "session_key": 7787, "stint_number": 2, "driver_number": 81, "lap_start": 8, "lap_end": 54, "compound": "HARD", "tyre_age_at_start": 0}, {"meeting_key": 1143, "session_key": 7787, "stint_number": 3, "driver_number": 55, "lap_start": 8, "lap_end": 55, "compound": "HARD", "tyre_age_at_start": 1}, {"meeting_key": 1143, "session_key": 7787, "stint_number": 3, "driver_number": 31, "lap_start": 8, "lap_end": 55, "compound": "HARD", "tyre_age_at_start": 7}, {"meeting_key": 1143, "session_key": 7787, "stint_number": 2, "driver_number": 21, "lap_start": 8, "lap_end": 45, "compound": "MEDIUM", "tyre_age_at_start": 0}, {"meeting_key": 1143, "session_key": 7787, "stint_number": 4, "driver_number": 11, "lap_start": 8, "lap_end": 55, "compound": "HARD", "tyre_age_at_start": 1}, {"meeting_key": 1143, "session_key": 7787, "stint_number": 3, "driver_number": 24, "lap_start": 8, "lap_end": 54, "compound": "HARD", "tyre_age_at_start": 7}, {"meeting_key": 1143, "session_key": 7787, "stint_number": 4, "driver_number": 2, "lap_start": 8, "lap_end": 36, "compound": "MEDIUM", "tyre_age_at_start": 0}, {"meeting_key": 1143, "session_key": 7787, "stint_number": 3, "driver_number": 77, "lap_start": 8, "lap_end": 53, "compound": "HARD", "tyre_age_at_start": 7}, {"meeting_key": 1143, "session_key": 7787, "stint_number": 3, "driver_number": 20, "lap_start": 8, "lap_end": 52, "compound": "HARD", "tyre_age_at_start": 1}, {"meeting_key": 1143, "session_key": 7787, "stint_number": 5, "driver_number": 2, "lap_start": 36, "lap_end": 54, "compound": "HARD", "tyre_age_at_start": 7}, {"meeting_key": 1143, "session_key": 7787, "stint_number": 3, "driver_number": 21, "lap_start": 45, "lap_end": 54, "compound": "SOFT", "tyre_age_at_start": 0}, {"meeting_key": 1143, "session_key": 7787, "stint_number": 4, "driver_number": 77, "lap_start": 53, "lap_end": 54, "compound": "SOFT", "tyre_age_at_start": 0}, {"meeting_key": 1143, "session_key": 7787, "stint_number": 3, "driver_number": 81, "lap_start": 54, "lap_end": 55, "compound": "SOFT", "tyre_age_at_start": 0}, {"meeting_key": 1143, "session_key": 7787, "stint_number": 4, "driver_number": 24, "lap_start": 54, "lap_end": 55, "compound": "SOFT", "tyre_age_at_start": 0}, {"meeting_key": 1143, "session_key": 7787, "stint_number": 3, "driver_number": 22, "lap_start": 54, "lap_end": 55, "compound": "SOFT", "tyre_age_at_start": 0}, {"meeting_key": 1143, "session_key": 7787, "stint_number": 6, "driver_number": 2, "lap_start": 55, "lap_end": 55, "compound": "SOFT", "tyre_age_at_start": 0}, {"meeting_key": 1143, "session_key": 7787, "stint_number": 5, "driver_number": 77, "lap_start": 55, "lap_end": 54, "compound": "SOFT", "tyre_age_at_start": 0}, {"meeting_key": 1143, "session_key": 7787, "stint_number": 4, "driver_number": 21, "lap_start": 55, "lap_end": 55, "compound": "SOFT", "tyre_age_at_start": 4}, {"meeting_key": 1143, "session_key": 7787, "stint_number": 3, "driver_number": 1, "lap_start": 56, "lap_end": 57, "compound": "SOFT", "tyre_age_at_start": 3}, {"meeting_key": 1143, "session_key": 7787, "stint_number": 3, "driver_number": 44, "lap_start": 56, "lap_end": 57, "compound": "SOFT", "tyre_age_at_start": 4}, {"meeting_key": 1143, "session_key": 7787, "stint_number": 3, "driver_number": 14, "lap_start": 55, "lap_end": 57, "compound": "SOFT", "tyre_age_at_start": 4}, {"meeting_key": 1143, "session_key": 7787, "stint_number": 4, "driver_number": 55, "lap_start": 55, "lap_end": 57, "compound": "SOFT", "tyre_age_at_start": 4}, {"meeting_key": 1143, "session_key": 7787, "stint_number": 3, "driver_number": 10, "lap_start": 55, "lap_end": 56, "compound": "SOFT", "tyre_age_at_start": 0}, {"meeting_key": 1143, "session_key": 7787, "stint_number": 3, "driver_number": 18, "lap_start": 55, "lap_end": 57, "compound": "SOFT", "tyre_age_at_start": 5}, {"meeting_key": 1143, "session_key": 7787, "stint_number": 5, "driver_number": 11, "lap_start": 55, "lap_end": 57, "compound": "SOFT", "tyre_age_at_start": 0}, {"meeting_key": 1143, "session_key": 7787, "stint_number": 3, "driver_number": 4, "lap_start": 55, "lap_end": 57, "compound": "SOFT", "tyre_age_at_start": 0}, {"meeting_key": 1143, "session_key": 7787, "stint_number": 4, "driver_number": 31, "lap_start": 55, "lap_end": 56, "compound": "SOFT", "tyre_age_at_start": 0}, {"meeting_key": 1143, "session_key": 7787, "stint_number": 3, "driver_number": 27, "lap_start": 55, "lap_end": 57, "compound": "SOFT", "tyre_age_at_start": 4}, {"meeting_key": 1143, "session_key": 7787, "stint_number": 4, "driver_number": 81, "lap_start": 55, "lap_end": 57, "compound": "SOFT", "tyre_age_at_start": 0}, {"meeting_key": 1143, "session_key": 7787, "stint_number": 5, "driver_number": 24, "lap_start": 55, "lap_end": 57, "compound": "SOFT", "tyre_age_at_start": 0}, {"meeting_key": 1143, "session_key": 7787, "stint_number": 4, "driver_number": 22, "lap_start": 55, "lap_end": 57, "compound": "SOFT", "tyre_age_at_start": 4}, {"meeting_key": 1143, "session_key": 7787, "stint_number": 6, "driver_number": 77, "lap_start": 55, "lap_end": 57, "compound": "SOFT", "tyre_age_at_start": 2}, {"meeting_key": 1143, "session_key": 7787, "stint_number": 7, "driver_number": 2, "lap_start": 55, "lap_end": 56, "compound": "SOFT", "tyre_age_at_start": 1}, {"meeting_key": 1143, "session_key": 7787, "stint_number": 5, "driver_number": 21, "lap_start": 55, "lap_end": 56, "compound": "SOFT", "tyre_age_at_start": 0}, {"meeting_key": 1143, "session_key": 7787, "stint_number": 4, "driver_number": 1, "lap_start": 58, "lap_end": 58, "compound": "SOFT", "tyre_age_at_start": 5}, {"meeting_key": 1143, "session_key": 7787, "stint_number": 4, "driver_number": 14, "lap_start": 57, "lap_end": 58, "compound": "SOFT", "tyre_age_at_start": 4}, {"meeting_key": 1143, "session_key": 7787, "stint_number": 4, "driver_number": 44, "lap_start": 58, "lap_end": 58, "compound": "SOFT", "tyre_age_at_start": 4}, {"meeting_key": 1143, "session_key": 7787, "stint_number": 4, "driver_number": 18, "lap_start": 57, "lap_end": 58, "compound": "SOFT", "tyre_age_at_start": 6}, {"meeting_key": 1143, "session_key": 7787, "stint_number": 5, "driver_number": 55, "lap_start": 57, "lap_end": 58, "compound": "SOFT", "tyre_age_at_start": 4}, {"meeting_key": 1143, "session_key": 7787, "stint_number": 6, "driver_number": 11, "lap_start": 57, "lap_end": 58, "compound": "SOFT", "tyre_age_at_start": 0}, {"meeting_key": 1143, "session_key": 7787, "stint_number": 4, "driver_number": 27, "lap_start": 57, "lap_end": 58, "compound": "SOFT", "tyre_age_at_start": 0}, {"meeting_key": 1143, "session_key": 7787, "stint_number": 4, "driver_number": 4, "lap_start": 57, "lap_end": 58, "compound": "SOFT", "tyre_age_at_start": 4}, {"meeting_key": 1143, "session_key": 7787, "stint_number": 5, "driver_number": 22, "lap_start": 57, "lap_end": 58, "compound": "SOFT", "tyre_age_at_start": 8}, {"meeting_key": 1143, "session_key": 7787, "stint_number": 6, "driver_number": 24, "lap_start": 57, "lap_end": 58, "compound": "SOFT", "tyre_age_at_start": 2}, {"meeting_key": 1143, "session_key": 7787, "stint_number": 5, "driver_number": 81, "lap_start": 57, "lap_end": 58, "compound": "SOFT", "tyre_age_at_start": 0}, {"meeting_key": 1143, "session_key": 7787, "stint_number": 7, "driver_number": 77, "lap_start": 57, "lap_end": 58, "compound": "SOFT", "tyre_age_at_start": 4}]