[{"meeting_key": 1217, "session_key": 9149, "stint_number": 1, "driver_number": 14, "lap_start": 1, "lap_end": 2, "compound": "SOFT", "tyre_age_at_start": 0}, {"meeting_key": 1217, "session_key": 9149, "stint_number": 1, "driver_number": 18, "lap_start": 1, "lap_end": 4, "compound": "SOFT", "tyre_age_at_start": 0}, {"meeting_key": 1217, "session_key": 9149, "stint_number": 1, "driver_number": 40, "lap_start": 1, "lap_end": 1, "compound": "SOFT", "tyre_age_at_start": 0}, {"meeting_key": 1217, "session_key": 9149, "stint_number": 1, "driver_number": 27, "lap_start": 1, "lap_end": 16, "compound": "SOFT", "tyre_age_at_start": 0}, {"meeting_key": 1217, "session_key": 9149, "stint_number": 1, "driver_number": 20, "lap_start": 1, "lap_end": 1, "compound": "SOFT", "tyre_age_at_start": 0}, {"meeting_key": 1217, "session_key": 9149, "stint_number": 1, "driver_number": 22, "lap_start": 1, "lap_end": 1, "compound": "SOFT", "tyre_age_at_start": 0}, {"meeting_key": 1217, "session_key": 9149, "stint_number": 1, "driver_number": 24, "lap_start": 1, "lap_end": 1, "compound": "SOFT", "tyre_age_at_start": 0}, {"meeting_key": 1217, "session_key": 9149, "stint_number": 1, "driver_number": 10, "lap_start": 1, "lap_end": 1, "compound": "SOFT", "tyre_age_at_start": 0}, {"meeting_key": 1217, "session_key": 9149, "stint_number": 1, "driver_number": 1, "lap_start": 1, "lap_end": 2, "compound": "SOFT", "tyre_age_at_start": 0}, {"meeting_key": 1217, "session_key": 9149, "stint_number": 1, "driver_number": 81, "lap_start": 1, "lap_end": 15, "compound": "SOFT", "tyre_age_at_start": 0}, {"meeting_key": 1217, "session_key": 9149, "stint_number": 1, "driver_number": 63, "lap_start": 1, "lap_end": 4, "compound": "SOFT", "tyre_age_at_start": 0}, {"meeting_key": 1217, "session_key": 9149, "stint_number": 1, "driver_number": 23, "lap_start": 1, "lap_end": 44, "compound": "SOFT", "tyre_age_at_start": 0}, {"meeting_key": 1217, "session_key": 9149, "stint_number": 1, "driver_number": 16, "lap_start": 1, "lap_end": 1, "compound": "SOFT", "tyre_age_at_start": 0}, {"meeting_key": 1217, "session_key": 9149, "stint_number": 1, "driver_number": 44, "lap_start": 1, "lap_end": 3, "compound": "MEDIUM", "tyre_age_at_start": 0}, {"meeting_key": 1217, "session_key": 9149, "stint_number": 1, "driver_number": 11, "lap_start": 1, "lap_end": 1, "compound": "SOFT", "tyre_age_at_start": 0}, {"meeting_key": 1217, "session_key": 9149, "stint_number": 1, "driver_number": 31, "lap_start": 1, "lap_end": 2, "compound": "SOFT", "tyre_age_at_start": 0}, {"meeting_key": 1217, "session_key": 9149, "stint_number": 1, "driver_number": 2, "lap_start": 1, "lap_end": 14, "compound": "SOFT", "tyre_age_at_start": 0}, {"meeting_key": 1217, "session_key": 9149, "stint_number": 1, "driver_number": 4, "lap_start": 1, "lap_end": 3, "compound": "SOFT", "tyre_age_at_start": 0}, {"meeting_key": 1217, "session_key": 9149, "stint_number": 1, "driver_number": 55, "lap_start": 1, "lap_end": 2, "compound": "SOFT", "tyre_age_at_start": 0}, {"meeting_key": 1217, "session_key": 9149, "stint_number": 1, "driver_number": 77, "lap_start": 1, "lap_end": 16, "compound": "SOFT", "tyre_age_at_start": 0}, {"meeting_key": 1217, "session_key": 9149, "stint_number": 2, "driver_number": 11, "lap_start": 2, "lap_end": 12, "compound": "INTERMEDIATE", "tyre_age_at_start": 0}, {"meeting_key": 1217, "session_key": 9149, "stint_number": 2, "driver_number": 24, "lap_start": 2, "lap_end": 10, "compound": "INTERMEDIATE", "tyre_age_at_start": 0}, {"meeting_key": 1217, "session_key": 9149, "stint_number": 2, "driver_number": 10, "lap_start": 2, "lap_end": 11, "compound": "INTERMEDIATE", "tyre_age_at_start": 0}, {"meeting_key": 1217, "session_key": 9149, "stint_number": 2, "driver_number": 22, "lap_start": 2, "lap_end": 10, "compound": "INTERMEDIATE", "tyre_age_at_start": 5}, {"meeting_key": 1217, "session_key": 9149, "stint_number": 2, "driver_number": 16, "lap_start": 2, "lap_end": 11, "compound": "INTERMEDIATE", "tyre_age_at_start": 8}, {"meeting_key": 1217, "session_key": 9149, "stint_number": 2, "driver_number": 20, "lap_start": 2, "lap_end": 9, "compound": "INTERMEDIATE", "tyre_age_at_start": 0}, {"meeting_key": 1217, "session_key": 9149, "stint_number": 2, "driver_number": 40, "lap_start": 2, "lap_end": 10, "compound": "INTERMEDIATE", "tyre_age_at_start": 5}, {"meeting_key": 1217, "session_key": 9149, "stint_number": 2, "driver_number": 1, "lap_start": 3, "lap_end": 11, "compound": "INTERMEDIATE", "tyre_age_at_start": 0}, {"meeting_key": 1217, "session_key": 9149, "stint_number": 2, "driver_number": 14, "lap_start": 3, "lap_end": 10, "compound": "INTERMEDIATE", "tyre_age_at_start": 0}, {"meeting_key": 1217, "session_key": 9149, "stint_number": 2, "driver_number": 55, "lap_start": 3, "lap_end": 10, "compound": "INTERMEDIATE", "tyre_age_at_start": 7}, {"meeting_key": 1217, "session_key": 9149, "stint_number": 2, "driver_number": 31, "lap_start": 3, "lap_end": 10, "compound": "INTERMEDIATE", "tyre_age_at_start": 0}, {"meeting_key": 1217, "session_key": 9149, "stint_number": 2, "driver_number": 4, "lap_start": 4, "lap_end": 10, "compound": "INTERMEDIATE", "tyre_age_at_start": 0}, {"meeting_key": 1217, "session_key": 9149, "stint_number": 2, "driver_number": 44, "lap_start": 4, "lap_end": 9, "compound": "INTERMEDIATE", "tyre_age_at_start": 0}, {"meeting_key": 1217, "session_key": 9149, "stint_number": 2, "driver_number": 63, "lap_start": 5, "lap_end": 10, "compound": "INTERMEDIATE", "tyre_age_at_start": 0}, {"meeting_key": 1217, "session_key": 9149, "stint_number": 2, "driver_number": 18, "lap_start": 5, "lap_end": 9, "compound": "INTERMEDIATE", "tyre_age_at_start": 0}, {"meeting_key": 1217, "session_key": 9149, "stint_number": 3, "driver_number": 20, "lap_start": 10, "lap_end": 35, "compound": "SOFT", "tyre_age_at_start": 0}, {"meeting_key": 1217, "session_key": 9149, "stint_number": 3, "driver_number": 44, "lap_start": 10, "lap_end": 45, "compound": "SOFT", "tyre_age_at_start": 0}, {"meeting_key": 1217, "session_key": 9149, "stint_number": 3, "driver_number": 18, "lap_start": 10, "lap_end": 16, "compound": "SOFT", "tyre_age_at_start": 0}, {"meeting_key": 1217, "session_key": 9149, "stint_number": 3, "driver_number": 24, "lap_start": 11, "lap_end": 37, "compound": "MEDIUM", "tyre_age_at_start": 0}, {"meeting_key": 1217, "session_key": 9149, "stint_number": 3, "driver_number": 14, "lap_start": 11, "lap_end": 48, "compound": "SOFT", "tyre_age_at_start": 0}, {"meeting_key": 1217, "session_key": 9149, "stint_number": 3, "driver_number": 55, "lap_start": 11, "lap_end": 41, "compound": "SOFT", "tyre_age_at_start": 0}, {"meeting_key": 1217, "session_key": 9149, "stint_number": 3, "driver_number": 22, "lap_start": 11, "lap_end": 60, "compound": "SOFT", "tyre_age_at_start": 0}, {"meeting_key": 1217, "session_key": 9149, "stint_number": 3, "driver_number": 31, "lap_start": 11, "lap_end": 43, "compound": "SOFT", "tyre_age_at_start": 0}, {"meeting_key": 1217, "session_key": 9149, "stint_number": 3, "driver_number": 4, "lap_start": 11, "lap_end": 42, "compound": "SOFT", "tyre_age_at_start": 0}, {"meeting_key": 1217, "session_key": 9149, "stint_number": 3, "driver_number": 40, "lap_start": 11, "lap_end": 17, "compound": "SOFT", "tyre_age_at_start": 0}, {"meeting_key": 1217, "session_key": 9149, "stint_number": 3, "driver_number": 63, "lap_start": 11, "lap_end": 16, "compound": "SOFT", "tyre_age_at_start": 0}, {"meeting_key": 1217, "session_key": 9149, "stint_number": 3, "driver_number": 1, "lap_start": 12, "lap_end": 49, "compound": "SOFT", "tyre_age_at_start": 0}, {"meeting_key": 1217, "session_key": 9149, "stint_number": 3, "driver_number": 10, "lap_start": 12, "lap_end": 46, "compound": "SOFT", "tyre_age_at_start": 0}, {"meeting_key": 1217, "session_key": 9149, "stint_number": 3, "driver_number": 16, "lap_start": 12, "lap_end": 41, "compound": "SOFT", "tyre_age_at_start": 0}, {"meeting_key": 1217, "session_key": 9149, "stint_number": 3, "driver_number": 11, "lap_start": 13, "lap_end": 45, "compound": "SOFT", "tyre_age_at_start": 0}, {"meeting_key": 1217, "session_key": 9149, "stint_number": 2, "driver_number": 81, "lap_start": 16, "lap_end": 46, "compound": "SOFT", "tyre_age_at_start": 0}, {"meeting_key": 1217, "session_key": 9149, "stint_number": 2, "driver_number": 77, "lap_start": 17, "lap_end": 47, "compound": "MEDIUM", "tyre_age_at_start": 0}, {"meeting_key": 1217, "session_key": 9149, "stint_number": 2, "driver_number": 27, "lap_start": 17, "lap_end": 48, "compound": "MEDIUM", "tyre_age_at_start": 0}, {"meeting_key": 1217, "session_key": 9149, "stint_number": 4, "driver_number": 63, "lap_start": 17, "lap_end": 60, "compound": "HARD", "tyre_age_at_start": 0}, {"meeting_key": 1217, "session_key": 9149, "stint_number": 4, "driver_number": 18, "lap_start": 17, "lap_end": 34, "compound": "MEDIUM", "tyre_age_at_start": 0}, {"meeting_key": 1217, "session_key": 9149, "stint_number": 4, "driver_number": 40, "lap_start": 18, "lap_end": 46, "compound": "MEDIUM", "tyre_age_at_start": 0}, {"meeting_key": 1217, "session_key": 9149, "stint_number": 5, "driver_number": 18, "lap_start": 35, "lap_end": 60, "compound": "SOFT", "tyre_age_at_start": 0}, {"meeting_key": 1217, "session_key": 9149, "stint_number": 4, "driver_number": 20, "lap_start": 36, "lap_end": 60, "compound": "MEDIUM", "tyre_age_at_start": 0}, {"meeting_key": 1217, "session_key": 9149, "stint_number": 4, "driver_number": 24, "lap_start": 38, "lap_end": 60, "compound": "SOFT", "tyre_age_at_start": 0}, {"meeting_key": 1217, "session_key": 9149, "stint_number": 4, "driver_number": 55, "lap_start": 42, "lap_end": 60, "compound": "SOFT", "tyre_age_at_start": 2}, {"meeting_key": 1217, "session_key": 9149, "stint_number": 4, "driver_number": 4, "lap_start": 43, "lap_end": 60, "compound": "SOFT", "tyre_age_at_start": 3}, {"meeting_key": 1217, "session_key": 9149, "stint_number": 4, "driver_number": 31, "lap_start": 44, "lap_end": 61, "compound": "SOFT", "tyre_age_at_start": 0}, {"meeting_key": 1217, "session_key": 9149, "stint_number": 2, "driver_number": 23, "lap_start": 45, "lap_end": 61, "compound": "MEDIUM", "tyre_age_at_start": 0}, {"meeting_key": 1217, "session_key": 9149, "stint_number": 4, "driver_number": 11, "lap_start": 46, "lap_end": 60, "compound": "SOFT", "tyre_age_at_start": 1}, {"meeting_key": 1217, "session_key": 9149, "stint_number": 4, "driver_number": 44, "lap_start": 46, "lap_end": 60, "compound": "SOFT", "tyre_age_at_start": 3}, {"meeting_key": 1217, "session_key": 9149, "stint_number": 4, "driver_number": 10, "lap_start": 47, "lap_end": 60, "compound": "SOFT", "tyre_age_at_start": 0}, {"meeting_key": 1217, "session_key": 9149, "stint_number": 3, "driver_number": 81, "lap_start": 47, "lap_end": 60, "compound": "MEDIUM", "tyre_age_at_start": 0}, {"meeting_key": 1217, "session_key": 9149, "stint_number": 5, "driver_number": 40, "lap_start": 47, "lap_end": 59, "compound": "SOFT", "tyre_age_at_start": 0}, {"meeting_key": 1217, "session_key": 9149, "stint_number": 3, "driver_number": 77, "lap_start": 48, "lap_end": 59, "compound": "SOFT", "tyre_age_at_start": 0}, {"meeting_key": 1217, "session_key": 9149, "stint_number": 4, "driver_number": 14, "lap_start": 49, "lap_end": 61, "compound": "SOFT", "tyre_age_at_start": 2}, {"meeting_key": 1217, "session_key": 9149, "stint_number": 3, "driver_number": 27, "lap_start": 49, "lap_end": 60, "compound": "SOFT", "tyre_age_at_start": 0}, {"meeting_key": 1217, "session_key": 9149, "stint_number": 4, "driver_number": 1, "lap_start": 50, "lap_end": 61, "compound": "SOFT", "tyre_age_at_start": 1}, {"meeting_key": 1217, "session_key": 9149, "stint_number": 4, "driver_number": 77, "lap_start": 60, "lap_end": 63, "compound": "INTERMEDIATE", "tyre_age_at_start": 0}, {"meeting_key": 1217, "session_key": 9149, "stint_number": 6, "driver_number": 40, "lap_start": 60, "lap_end": 63, "compound": "INTERMEDIATE", "tyre_age_at_start": 7}, {"meeting_key": 1217, "session_key": 9149, "stint_number": 5, "driver_number": 11, "lap_start": 61, "lap_end": 63, "compound": "INTERMEDIATE", "tyre_age_at_start": 6}, {"meeting_key": 1217, "session_key": 9149, "stint_number": 5, "driver_number": 55, "lap_start": 61, "lap_end": 64, "compound": "INTERMEDIATE", "tyre_age_at_start": 15}, {"meeting_key": 1217, "session_key": 9149, "stint_number": 5, "driver_number": 10, "lap_start": 61, "lap_end": 64, "compound": "INTERMEDIATE", "tyre_age_at_start": 0}, {"meeting_key": 1217, "session_key": 9149, "stint_number": 5, "driver_number": 44, "lap_start": 61, "lap_end": 64, "compound": "INTERMEDIATE", "tyre_age_at_start": 6}, {"meeting_key": 1217, "session_key": 9149, "stint_number": 5, "driver_number": 63, "lap_start": 61, "lap_end": 63, "compound": "INTERMEDIATE", "tyre_age_at_start": 12}, {"meeting_key": 1217, "session_key": 9149, "stint_number": 5, "driver_number": 4, "lap_start": 61, "lap_end": 63, "compound": "INTERMEDIATE", "tyre_age_at_start": 4}, {"meeting_key": 1217, "session_key": 9149, "stint_number": 4, "driver_number": 81, "lap_start": 61, "lap_end": 63, "compound": "INTERMEDIATE", "tyre_age_at_start": 5}, {"meeting_key": 1217, "session_key": 9149, "stint_number": 4, "driver_number": 22, "lap_start": 61, "lap_end": 63, "compound": "INTERMEDIATE", "tyre_age_at_start": 5}, {"meeting_key": 1217, "session_key": 9149, "stint_number": 5, "driver_number": 24, "lap_start": 61, "lap_end": 62, "compound": "INTERMEDIATE", "tyre_age_at_start": 0}, {"meeting_key": 1217, "session_key": 9149, "stint_number": 6, "driver_number": 18, "lap_start": 61, "lap_end": 63, "compound": "INTERMEDIATE", "tyre_age_at_start": 5}, {"meeting_key": 1217, "session_key": 9149, "stint_number": 4, "driver_number": 27, "lap_start": 61, "lap_end": 63, "compound": "INTERMEDIATE", "tyre_age_at_start": 3}, {"meeting_key": 1217, "session_key": 9149, "stint_number": 5, "driver_number": 1, "lap_start": 62, "lap_end": 63, "compound": "INTERMEDIATE", "tyre_age_at_start": 12}, {"meeting_key": 1217, "session_key": 9149, "stint_number": 5, "driver_number": 20, "lap_start": 61, "lap_end": 63, "compound": "INTERMEDIATE", "tyre_age_at_start": 0}, {"meeting_key": 1217, "session_key": 9149, "stint_number": 5, "driver_number": 14, "lap_start": 62, "lap_end": 64, "compound": "INTERMEDIATE", "tyre_age_at_start": 3}, {"meeting_key": 1217, "session_key": 9149, "stint_number": 3, "driver_number": 23, "lap_start": 62, "lap_end": 63, "compound": "INTERMEDIATE", "tyre_age_at_start": 5}, {"meeting_key": 1217, "session_key": 9149, "stint_number": 5, "driver_number": 31, "lap_start": 62, "lap_end": 63, "compound": "WET", "tyre_age_at_start": 0}, {"meeting_key": 1217, "session_key": 9149, "stint_number": 6, "driver_number": 1, "lap_start": 64, "lap_end": 64, "compound": "WET", "tyre_age_at_start": 0}, {"meeting_key": 1217, "session_key": 9149, "stint_number": 6, "driver_number": 11, "lap_start": 64, "lap_end": 64, "compound": "INTERMEDIATE", "tyre_age_at_start": 6}, {"meeting_key": 1217, "session_key": 9149, "stint_number": 6, "driver_number": 4, "lap_start": 64, "lap_end": 64, "compound": "INTERMEDIATE", "tyre_age_at_start": 11}, {"meeting_key": 1217, "session_key": 9149, "stint_number": 6, "driver_number": 63, "lap_start": 64, "lap_end": 64, "compound": "INTERMEDIATE", "tyre_age_at_start": 5}, {"meeting_key": 1217, "session_key": 9149, "stint_number": 4, "driver_number": 23, "lap_start": 64, "lap_end": 64, "compound": "INTERMEDIATE", "tyre_age_at_start": 5}, {"meeting_key": 1217, "session_key": 9149, "stint_number": 5, "driver_number": 81, "lap_start": 64, "lap_end": 64, "compound": "INTERMEDIATE", "tyre_age_at_start": 4}, {"meeting_key": 1217, "session_key": 9149, "stint_number": 5, "driver_number": 22, "lap_start": 64, "lap_end": 64, "compound": "INTERMEDIATE", "tyre_age_at_start": 5}, {"meeting_key": 1217, "session_key": 9149, "stint_number": 6, "driver_number": 31, "lap_start": 64, "lap_end": 64, "compound": "INTERMEDIATE", "tyre_age_at_start": 0}, {"meeting_key": 1217, "session_key": 9149, "stint_number": 7, "driver_number": 18, "lap_start": 64, "lap_end": 64, "compound": "INTERMEDIATE", "tyre_age_at_start": 5}, {"meeting_key": 1217, "session_key": 9149, "stint_number": 5, "driver_number": 27, "lap_start": 64, "lap_end": 64, "compound": "INTERMEDIATE", "tyre_age_at_start": 4}, {"meeting_key": 1217, "session_key": 9149, "stint_number": 7, "driver_number": 40, "lap_start": 64, "lap_end": 64, "compound": "INTERMEDIATE", "tyre_age_at_start": 0}, {"meeting_key": 1217, "session_key": 9149, "stint_number": 5, "driver_number": 77, "lap_start": 64, "lap_end": 64, "compound": "INTERMEDIATE", "tyre_age_at_start": 0}, {"meeting_key": 1217, "session_key": 9149, "stint_number": 6, "driver_number": 20, "lap_start": 64, "lap_end": 64, "compound": "INTERMEDIATE", "tyre_age_at_start": 3}, {"meeting_key": 1217, "session_key": 9149, "stint_number": 7, "driver_number": 1, "lap_start": 65, "lap_end": 72, "compound": "INTERMEDIATE", "tyre_age_at_start": 4}, {"meeting_key": 1217, "session_key": 9149, "stint_number": 6, "driver_number": 14, "lap_start": 65, "lap_end": 72, "compound": "INTERMEDIATE", "tyre_age_at_start": 6}, {"meeting_key": 1217, "session_key": 9149, "stint_number": 6, "driver_number": 10, "lap_start": 65, "lap_end": 72, "compound": "INTERMEDIATE", "tyre_age_at_start": 4}, {"meeting_key": 1217, "session_key": 9149, "stint_number": 7, "driver_number": 11, "lap_start": 65, "lap_end": 72, "compound": "INTERMEDIATE", "tyre_age_at_start": 7}, {"meeting_key": 1217, "session_key": 9149, "stint_number": 6, "driver_number": 55, "lap_start": 65, "lap_end": 72, "compound": "INTERMEDIATE", "tyre_age_at_start": 4}, {"meeting_key": 1217, "session_key": 9149, "stint_number": 6, "driver_number": 44, "lap_start": 65, "lap_end": 72, "compound": "INTERMEDIATE", "tyre_age_at_start": 6}, {"meeting_key": 1217, "session_key": 9149, "stint_number": 7, "driver_number": 4, "lap_start": 65, "lap_end": 72, "compound": "INTERMEDIATE", "tyre_age_at_start": 12}, {"meeting_key": 1217, "session_key": 9149, "stint_number": 7, "driver_number": 63, "lap_start": 65, "lap_end": 67, "compound": "INTERMEDIATE", "tyre_age_at_start": 0}, {"meeting_key": 1217, "session_key": 9149, "stint_number": 5, "driver_number": 23, "lap_start": 65, "lap_end": 72, "compound": "INTERMEDIATE", "tyre_age_at_start": 6}, {"meeting_key": 1217, "session_key": 9149, "stint_number": 6, "driver_number": 81, "lap_start": 65, "lap_end": 72, "compound": "INTERMEDIATE", "tyre_age_at_start": 5}, {"meeting_key": 1217, "session_key": 9149, "stint_number": 7, "driver_number": 31, "lap_start": 65, "lap_end": 72, "compound": "INTERMEDIATE", "tyre_age_at_start": 1}, {"meeting_key": 1217, "session_key": 9149, "stint_number": 6, "driver_number": 22, "lap_start": 65, "lap_end": 72, "compound": "INTERMEDIATE", "tyre_age_at_start": 6}, {"meeting_key": 1217, "session_key": 9149, "stint_number": 6, "driver_number": 27, "lap_start": 65, "lap_end": 72, "compound": "INTERMEDIATE", "tyre_age_at_start": 5}, {"meeting_key": 1217, "session_key": 9149, "stint_number": 8, "driver_number": 18, "lap_start": 65, "lap_end": 72, "compound": "INTERMEDIATE", "tyre_age_at_start": 0}, {"meeting_key": 1217, "session_key": 9149, "stint_number": 6, "driver_number": 77, "lap_start": 65, "lap_end": 72, "compound": "INTERMEDIATE", "tyre_age_at_start": 0}, {"meeting_key": 1217, "session_key": 9149, "stint_number": 8, "driver_number": 40, "lap_start": 65, "lap_end": 72, "compound": "INTERMEDIATE", "tyre_age_at_start": 8}, {"meeting_key": 1217, "session_key": 9149, "stint_number": 7, "driver_number": 20, "lap_start": 65, "lap_end": 72, "compound": "INTERMEDIATE", "tyre_age_at_start": 4}, {"meeting_key": 1217, "session_key": 9149, "stint_number": 8, "driver_number": 63, "lap_start": 68, "lap_end": 72, "compound": "INTERMEDIATE", "tyre_age_at_start": 15}]