[{"meeting_key": 1261, "session_key": 9979, "stint_number": 1, "driver_number": 22, "lap_start": 1, "lap_end": 0, "compound": "SOFT", "tyre_age_at_start": 0}, {"meeting_key": 1261, "session_key": 9979, "stint_number": 1, "driver_number": 10, "lap_start": 1, "lap_end": 0, "compound": "MEDIUM", "tyre_age_at_start": 6}, {"meeting_key": 1261, "session_key": 9979, "stint_number": 1, "driver_number": 87, "lap_start": 1, "lap_end": 0, "compound": "MEDIUM", "tyre_age_at_start": 0}, {"meeting_key": 1261, "session_key": 9979, "stint_number": 1, "driver_number": 5, "lap_start": 1, "lap_end": 0, "compound": "MEDIUM", "tyre_age_at_start": 0}, {"meeting_key": 1261, "session_key": 9979, "stint_number": 2, "driver_number": 10, "lap_start": 1, "lap_end": 7, "compound": "MEDIUM", "tyre_age_at_start": 0}, {"meeting_key": 1261, "session_key": 9979, "stint_number": 1, "driver_number": 27, "lap_start": 1, "lap_end": 11, "compound": "MEDIUM", "tyre_age_at_start": 0}, {"meeting_key": 1261, "session_key": 9979, "stint_number": 1, "driver_number": 43, "lap_start": 1, "lap_end": 12, "compound": "HARD", "tyre_age_at_start": 0}, {"meeting_key": 1261, "session_key": 9979, "stint_number": 1, "driver_number": 6, "lap_start": 1, "lap_end": 13, "compound": "MEDIUM", "tyre_age_at_start": 0}, {"meeting_key": 1261, "session_key": 9979, "stint_number": 1, "driver_number": 14, "lap_start": 1, "lap_end": 15, "compound": "HARD", "tyre_age_at_start": 1}, {"meeting_key": 1261, "session_key": 9979, "stint_number": 1, "driver_number": 31, "lap_start": 1, "lap_end": 15, "compound": "MEDIUM", "tyre_age_at_start": 0}, {"meeting_key": 1261, "session_key": 9979, "stint_number": 1, "driver_number": 18, "lap_start": 1, "lap_end": 16, "compound": "HARD", "tyre_age_at_start": 1}, {"meeting_key": 1261, "session_key": 9979, "stint_number": 2, "driver_number": 87, "lap_start": 1, "lap_end": 16, "compound": "HARD", "tyre_age_at_start": 0}, {"meeting_key": 1261, "session_key": 9979, "stint_number": 1, "driver_number": 44, "lap_start": 1, "lap_end": 17, "compound": "HARD", "tyre_age_at_start": 0}, {"meeting_key": 1261, "session_key": 9979, "stint_number": 1, "driver_number": 4, "lap_start": 1, "lap_end": 18, "compound": "MEDIUM", "tyre_age_at_start": 0}, {"meeting_key": 1261, "session_key": 9979, "stint_number": 2, "driver_number": 6, "lap_start": 14, "lap_end": 18, "compound": "SOFT", "tyre_age_at_start": 3}, {"meeting_key": 1261, "session_key": 9979, "stint_number": 1, "driver_number": 81, "lap_start": 1, "lap_end": 19, "compound": "MEDIUM", "tyre_age_at_start": 0}, {"meeting_key": 1261, "session_key": 9979, "stint_number": 1, "driver_number": 16, "lap_start": 1, "lap_end": 21, "compound": "MEDIUM", "tyre_age_at_start": 0}, {"meeting_key": 1261, "session_key": 9979, "stint_number": 2, "driver_number": 43, "lap_start": 13, "lap_end": 25, "compound": "MEDIUM", "tyre_age_at_start": 7}, {"meeting_key": 1261, "session_key": 9979, "stint_number": 2, "driver_number": 5, "lap_start": 1, "lap_end": 25, "compound": "HARD", "tyre_age_at_start": 0}, {"meeting_key": 1261, "session_key": 9979, "stint_number": 1, "driver_number": 1, "lap_start": 1, "lap_end": 27, "compound": "HARD", "tyre_age_at_start": 0}, {"meeting_key": 1261, "session_key": 9979, "stint_number": 2, "driver_number": 31, "lap_start": 16, "lap_end": 27, "compound": "MEDIUM", "tyre_age_at_start": 4}, {"meeting_key": 1261, "session_key": 9979, "stint_number": 1, "driver_number": 30, "lap_start": 1, "lap_end": 30, "compound": "MEDIUM", "tyre_age_at_start": 6}, {"meeting_key": 1261, "session_key": 9979, "stint_number": 1, "driver_number": 23, "lap_start": 1, "lap_end": 31, "compound": "MEDIUM", "tyre_age_at_start": 4}, {"meeting_key": 1261, "session_key": 9979, "stint_number": 2, "driver_number": 14, "lap_start": 16, "lap_end": 36, "compound": "HARD", "tyre_age_at_start": 1}, {"meeting_key": 1261, "session_key": 9979, "stint_number": 3, "driver_number": 5, "lap_start": 26, "lap_end": 34, "compound": "SOFT", "tyre_age_at_start": 0}, {"meeting_key": 1261, "session_key": 9979, "stint_number": 2, "driver_number": 23, "lap_start": 32, "lap_end": 39, "compound": "MEDIUM", "tyre_age_at_start": 8}, {"meeting_key": 1261, "session_key": 9979, "stint_number": 2, "driver_number": 30, "lap_start": 31, "lap_end": 39, "compound": "SOFT", "tyre_age_at_start": 3}, {"meeting_key": 1261, "session_key": 9979, "stint_number": 2, "driver_number": 27, "lap_start": 12, "lap_end": 43, "compound": "HARD", "tyre_age_at_start": 0}, {"meeting_key": 1261, "session_key": 9979, "stint_number": 2, "driver_number": 81, "lap_start": 20, "lap_end": 47, "compound": "HARD", "tyre_age_at_start": 0}, {"meeting_key": 1261, "session_key": 9979, "stint_number": 2, "driver_number": 16, "lap_start": 22, "lap_end": 48, "compound": "HARD", "tyre_age_at_start": 0}, {"meeting_key": 1261, "session_key": 9979, "stint_number": 1, "driver_number": 55, "lap_start": 1, "lap_end": 47, "compound": "HARD", "tyre_age_at_start": 0}, {"meeting_key": 1261, "session_key": 9979, "stint_number": 2, "driver_number": 4, "lap_start": 19, "lap_end": 49, "compound": "HARD", "tyre_age_at_start": 0}, {"meeting_key": 1261, "session_key": 9979, "stint_number": 2, "driver_number": 55, "lap_start": 48, "lap_end": 52, "compound": "MEDIUM", "tyre_age_at_start": 0}, {"meeting_key": 1261, "session_key": 9979, "stint_number": 1, "driver_number": 63, "lap_start": 1, "lap_end": 52, "compound": "HARD", "tyre_age_at_start": 0}, {"meeting_key": 1261, "session_key": 9979, "stint_number": 2, "driver_number": 44, "lap_start": 18, "lap_end": 55, "compound": "HARD", "tyre_age_at_start": 1}, {"meeting_key": 1261, "session_key": 9979, "stint_number": 2, "driver_number": 18, "lap_start": 17, "lap_end": 63, "compound": "HARD", "tyre_age_at_start": 1}, {"meeting_key": 1261, "session_key": 9979, "stint_number": 2, "driver_number": 63, "lap_start": 53, "lap_end": 67, "compound": "MEDIUM", "tyre_age_at_start": 53}, {"meeting_key": 1261, "session_key": 9979, "stint_number": 1, "driver_number": 12, "lap_start": 1, "lap_end": 68, "compound": "HARD", "tyre_age_at_start": 0}, {"meeting_key": 1261, "session_key": 9979, "stint_number": 2, "driver_number": 12, "lap_start": 69, "lap_end": 70, "compound": "MEDIUM", "tyre_age_at_start": 0}, {"meeting_key": 1261, "session_key": 9979, "stint_number": 2, "driver_number": 22, "lap_start": 1, "lap_end": 72, "compound": "HARD", "tyre_age_at_start": 0}, {"meeting_key": 1261, "session_key": 9979, "stint_number": 2, "driver_number": 1, "lap_start": 28, "lap_end": 76, "compound": "MEDIUM", "tyre_age_at_start": 0}, {"meeting_key": 1261, "session_key": 9979, "stint_number": 3, "driver_number": 4, "lap_start": 50, "lap_end": 78, "compound": "HARD", "tyre_age_at_start": 0}, {"meeting_key": 1261, "session_key": 9979, "stint_number": 3, "driver_number": 16, "lap_start": 49, "lap_end": 78, "compound": "MEDIUM", "tyre_age_at_start": 0}, {"meeting_key": 1261, "session_key": 9979, "stint_number": 3, "driver_number": 81, "lap_start": 48, "lap_end": 78, "compound": "HARD", "tyre_age_at_start": 0}, {"meeting_key": 1261, "session_key": 9979, "stint_number": 3, "driver_number": 12, "lap_start": 71, "lap_end": 75, "compound": "HARD", "tyre_age_at_start": 0}, {"meeting_key": 1261, "session_key": 9979, "stint_number": 3, "driver_number": 23, "lap_start": 40, "lap_end": 76, "compound": "HARD", "tyre_age_at_start": 0}, {"meeting_key": 1261, "session_key": 9979, "stint_number": 3, "driver_number": 55, "lap_start": 53, "lap_end": 76, "compound": "MEDIUM", "tyre_age_at_start": 8}, {"meeting_key": 1261, "session_key": 9979, "stint_number": 3, "driver_number": 1, "lap_start": 77, "lap_end": 78, "compound": "SOFT", "tyre_age_at_start": 3}, {"meeting_key": 1261, "session_key": 9979, "stint_number": 3, "driver_number": 63, "lap_start": 68, "lap_end": 76, "compound": "HARD", "tyre_age_at_start": 0}, {"meeting_key": 1261, "session_key": 9979, "stint_number": 3, "driver_number": 44, "lap_start": 56, "lap_end": 78, "compound": "MEDIUM", "tyre_age_at_start": 0}, {"meeting_key": 1261, "session_key": 9979, "stint_number": 3, "driver_number": 87, "lap_start": 17, "lap_end": 76, "compound": "MEDIUM", "tyre_age_at_start": 0}, {"meeting_key": 1261, "session_key": 9979, "stint_number": 3, "driver_number": 43, "lap_start": 26, "lap_end": 76, "compound": "MEDIUM", "tyre_age_at_start": 0}, {"meeting_key": 1261, "session_key": 9979, "stint_number": 3, "driver_number": 6, "lap_start": 19, "lap_end": 77, "compound": "HARD", "tyre_age_at_start": 1}, {"meeting_key": 1261, "session_key": 9979, "stint_number": 3, "driver_number": 31, "lap_start": 28, "lap_end": 77, "compound": "HARD", "tyre_age_at_start": 0}, {"meeting_key": 1261, "session_key": 9979, "stint_number": 3, "driver_number": 30, "lap_start": 40, "lap_end": 77, "compound": "HARD", "tyre_age_at_start": 1}, {"meeting_key": 1261, "session_key": 9979, "stint_number": 4, "driver_number": 5, "lap_start": 35, "lap_end": 76, "compound": "MEDIUM", "tyre_age_at_start": 0}, {"meeting_key": 1261, "session_key": 9979, "stint_number": 3, "driver_number": 18, "lap_start": 64, "lap_end": 76, "compound": "MEDIUM", "tyre_age_at_start": 1}, {"meeting_key": 1261, "session_key": 9979, "stint_number": 3, "driver_number": 27, "lap_start": 44, "lap_end": 76, "compound": "SOFT", "tyre_age_at_start": 0}, {"meeting_key": 1261, "session_key": 9979, "stint_number": 3, "driver_number": 22, "lap_start": 73, "lap_end": 76, "compound": "MEDIUM", "tyre_age_at_start": 0}]