[{"meeting_key": 1259, "session_key": 10033, "stint_number": 1, "driver_number": 1, "lap_start": 1, "lap_end": 32, "compound": "MEDIUM", "tyre_age_at_start": 24}, {"meeting_key": 1259, "session_key": 10033, "stint_number": 1, "driver_number": 12, "lap_start": 1, "lap_end": 32, "compound": "MEDIUM", "tyre_age_at_start": 24}, {"meeting_key": 1259, "session_key": 10033, "stint_number": 1, "driver_number": 81, "lap_start": 1, "lap_end": 32, "compound": "MEDIUM", "tyre_age_at_start": 24}, {"meeting_key": 1259, "session_key": 10033, "stint_number": 1, "driver_number": 63, "lap_start": 1, "lap_end": 32, "compound": "HARD", "tyre_age_at_start": 24}, {"meeting_key": 1259, "session_key": 10033, "stint_number": 1, "driver_number": 23, "lap_start": 1, "lap_end": 32, "compound": "MEDIUM", "tyre_age_at_start": 24}, {"meeting_key": 1259, "session_key": 10033, "stint_number": 1, "driver_number": 4, "lap_start": 1, "lap_end": 32, "compound": "MEDIUM", "tyre_age_at_start": 24}, {"meeting_key": 1259, "session_key": 10033, "stint_number": 1, "driver_number": 55, "lap_start": 1, "lap_end": 32, "compound": "MEDIUM", "tyre_age_at_start": 30}, {"meeting_key": 1259, "session_key": 10033, "stint_number": 1, "driver_number": 16, "lap_start": 1, "lap_end": 32, "compound": "MEDIUM", "tyre_age_at_start": 24}, {"meeting_key": 1259, "session_key": 10033, "stint_number": 1, "driver_number": 22, "lap_start": 1, "lap_end": 32, "compound": "MEDIUM", "tyre_age_at_start": 24}, {"meeting_key": 1259, "session_key": 10033, "stint_number": 1, "driver_number": 31, "lap_start": 1, "lap_end": 23, "compound": "MEDIUM", "tyre_age_at_start": 23}, {"meeting_key": 1259, "session_key": 10033, "stint_number": 1, "driver_number": 6, "lap_start": 1, "lap_end": 23, "compound": "MEDIUM", "tyre_age_at_start": 22}, {"meeting_key": 1259, "session_key": 10033, "stint_number": 1, "driver_number": 44, "lap_start": 1, "lap_end": 32, "compound": "HARD", "tyre_age_at_start": 23}, {"meeting_key": 1259, "session_key": 10033, "stint_number": 1, "driver_number": 5, "lap_start": 1, "lap_end": 23, "compound": "MEDIUM", "tyre_age_at_start": 19}, {"meeting_key": 1259, "session_key": 10033, "stint_number": 1, "driver_number": 27, "lap_start": 1, "lap_end": 36, "compound": "HARD", "tyre_age_at_start": 23}, {"meeting_key": 1259, "session_key": 10033, "stint_number": 1, "driver_number": 18, "lap_start": 1, "lap_end": 23, "compound": "MEDIUM", "tyre_age_at_start": 21}, {"meeting_key": 1259, "session_key": 10033, "stint_number": 1, "driver_number": 87, "lap_start": 1, "lap_end": 27, "compound": "HARD", "tyre_age_at_start": 23}, {"meeting_key": 1259, "session_key": 10033, "stint_number": 1, "driver_number": 14, "lap_start": 1, "lap_end": 32, "compound": "HARD", "tyre_age_at_start": 24}, {"meeting_key": 1259, "session_key": 10033, "stint_number": 1, "driver_number": 10, "lap_start": 1, "lap_end": 32, "compound": "HARD", "tyre_age_at_start": 23}, {"meeting_key": 1259, "session_key": 10033, "stint_number": 1, "driver_number": 30, "lap_start": 1, "lap_end": 31, "compound": "HARD", "tyre_age_at_start": 23}, {"meeting_key": 1259, "session_key": 10033, "stint_number": 2, "driver_number": 5, "lap_start": 24, "lap_end": 30, "compound": "HARD", "tyre_age_at_start": 4}, {"meeting_key": 1259, "session_key": 10033, "stint_number": 2, "driver_number": 31, "lap_start": 24, "lap_end": 57, "compound": "HARD", "tyre_age_at_start": 0}, {"meeting_key": 1259, "session_key": 10033, "stint_number": 2, "driver_number": 6, "lap_start": 24, "lap_end": 57, "compound": "HARD", "tyre_age_at_start": 1}, {"meeting_key": 1259, "session_key": 10033, "stint_number": 2, "driver_number": 18, "lap_start": 24, "lap_end": 56, "compound": "HARD", "tyre_age_at_start": 4}, {"meeting_key": 1259, "session_key": 10033, "stint_number": 1, "driver_number": 7, "lap_start": 1, "lap_end": 1, "compound": "MEDIUM", "tyre_age_at_start": 0}, {"meeting_key": 1259, "session_key": 10033, "stint_number": 2, "driver_number": 63, "lap_start": 33, "lap_end": 57, "compound": "MEDIUM", "tyre_age_at_start": 3}, {"meeting_key": 1259, "session_key": 10033, "stint_number": 2, "driver_number": 14, "lap_start": 33, "lap_end": 56, "compound": "MEDIUM", "tyre_age_at_start": 5}, {"meeting_key": 1259, "session_key": 10033, "stint_number": 2, "driver_number": 10, "lap_start": 33, "lap_end": 57, "compound": "MEDIUM", "tyre_age_at_start": 0}, {"meeting_key": 1259, "session_key": 10033, "stint_number": 2, "driver_number": 81, "lap_start": 33, "lap_end": 57, "compound": "HARD", "tyre_age_at_start": 3}, {"meeting_key": 1259, "session_key": 10033, "stint_number": 2, "driver_number": 12, "lap_start": 33, "lap_end": 57, "compound": "HARD", "tyre_age_at_start": 7}, {"meeting_key": 1259, "session_key": 10033, "stint_number": 2, "driver_number": 23, "lap_start": 33, "lap_end": 57, "compound": "HARD", "tyre_age_at_start": 6}, {"meeting_key": 1259, "session_key": 10033, "stint_number": 2, "driver_number": 16, "lap_start": 33, "lap_end": 57, "compound": "HARD", "tyre_age_at_start": 3}, {"meeting_key": 1259, "session_key": 10033, "stint_number": 2, "driver_number": 22, "lap_start": 33, "lap_end": 57, "compound": "HARD", "tyre_age_at_start": 5}, {"meeting_key": 1259, "session_key": 10033, "stint_number": 2, "driver_number": 4, "lap_start": 33, "lap_end": 57, "compound": "HARD", "tyre_age_at_start": 3}, {"meeting_key": 1259, "session_key": 10033, "stint_number": 2, "driver_number": 55, "lap_start": 33, "lap_end": 57, "compound": "HARD", "tyre_age_at_start": 7}, {"meeting_key": 1259, "session_key": 10033, "stint_number": 2, "driver_number": 44, "lap_start": 33, "lap_end": 57, "compound": "MEDIUM", "tyre_age_at_start": 4}, {"meeting_key": 1259, "session_key": 10033, "stint_number": 2, "driver_number": 30, "lap_start": 32, "lap_end": 36, "compound": "MEDIUM", "tyre_age_at_start": 3}, {"meeting_key": 1259, "session_key": 10033, "stint_number": 2, "driver_number": 1, "lap_start": 33, "lap_end": 57, "compound": "HARD", "tyre_age_at_start": 6}, {"meeting_key": 1259, "session_key": 10033, "stint_number": 2, "driver_number": 27, "lap_start": 37, "lap_end": 56, "compound": "MEDIUM", "tyre_age_at_start": 0}]