[{"meeting_key": 1214, "session_key": 9126, "stint_number": 1, "driver_number": 31, "lap_start": 1, "lap_end": 9, "compound": "SOFT", "tyre_age_at_start": 0}, {"meeting_key": 1214, "session_key": 9126, "stint_number": 1, "driver_number": 10, "lap_start": 1, "lap_end": 31, "compound": "MEDIUM", "tyre_age_at_start": 0}, {"meeting_key": 1214, "session_key": 9126, "stint_number": 1, "driver_number": 21, "lap_start": 1, "lap_end": 27, "compound": "SOFT", "tyre_age_at_start": 0}, {"meeting_key": 1214, "session_key": 9126, "stint_number": 1, "driver_number": 77, "lap_start": 1, "lap_end": 32, "compound": "HARD", "tyre_age_at_start": 0}, {"meeting_key": 1214, "session_key": 9126, "stint_number": 1, "driver_number": 14, "lap_start": 1, "lap_end": 33, "compound": "MEDIUM", "tyre_age_at_start": 1}, {"meeting_key": 1214, "session_key": 9126, "stint_number": 1, "driver_number": 23, "lap_start": 1, "lap_end": 32, "compound": "MEDIUM", "tyre_age_at_start": 0}, {"meeting_key": 1214, "session_key": 9126, "stint_number": 1, "driver_number": 18, "lap_start": 1, "lap_end": 31, "compound": "MEDIUM", "tyre_age_at_start": 0}, {"meeting_key": 1214, "session_key": 9126, "stint_number": 1, "driver_number": 22, "lap_start": 1, "lap_end": 14, "compound": "SOFT", "tyre_age_at_start": 0}, {"meeting_key": 1214, "session_key": 9126, "stint_number": 1, "driver_number": 20, "lap_start": 1, "lap_end": 31, "compound": "MEDIUM", "tyre_age_at_start": 0}, {"meeting_key": 1214, "session_key": 9126, "stint_number": 1, "driver_number": 27, "lap_start": 1, "lap_end": 7, "compound": "HARD", "tyre_age_at_start": 0}, {"meeting_key": 1214, "session_key": 9126, "stint_number": 1, "driver_number": 2, "lap_start": 1, "lap_end": 29, "compound": "MEDIUM", "tyre_age_at_start": 0}, {"meeting_key": 1214, "session_key": 9126, "stint_number": 1, "driver_number": 44, "lap_start": 1, "lap_end": 33, "compound": "MEDIUM", "tyre_age_at_start": 0}, {"meeting_key": 1214, "session_key": 9126, "stint_number": 1, "driver_number": 4, "lap_start": 1, "lap_end": 33, "compound": "MEDIUM", "tyre_age_at_start": 0}, {"meeting_key": 1214, "session_key": 9126, "stint_number": 1, "driver_number": 55, "lap_start": 1, "lap_end": 26, "compound": "MEDIUM", "tyre_age_at_start": 0}, {"meeting_key": 1214, "session_key": 9126, "stint_number": 1, "driver_number": 24, "lap_start": 1, "lap_end": 24, "compound": "MEDIUM", "tyre_age_at_start": 0}, {"meeting_key": 1214, "session_key": 9126, "stint_number": 1, "driver_number": 1, "lap_start": 1, "lap_end": 33, "compound": "MEDIUM", "tyre_age_at_start": 0}, {"meeting_key": 1214, "session_key": 9126, "stint_number": 1, "driver_number": 81, "lap_start": 1, "lap_end": 29, "compound": "MEDIUM", "tyre_age_at_start": 0}, {"meeting_key": 1214, "session_key": 9126, "stint_number": 1, "driver_number": 63, "lap_start": 1, "lap_end": 28, "compound": "SOFT", "tyre_age_at_start": 3}, {"meeting_key": 1214, "session_key": 9126, "stint_number": 1, "driver_number": 16, "lap_start": 1, "lap_end": 18, "compound": "MEDIUM", "tyre_age_at_start": 0}, {"meeting_key": 1214, "session_key": 9126, "stint_number": 1, "driver_number": 11, "lap_start": 1, "lap_end": 28, "compound": "MEDIUM", "tyre_age_at_start": 0}, {"meeting_key": 1214, "session_key": 9126, "stint_number": 2, "driver_number": 27, "lap_start": 8, "lap_end": 32, "compound": "MEDIUM", "tyre_age_at_start": 0}, {"meeting_key": 1214, "session_key": 9126, "stint_number": 2, "driver_number": 22, "lap_start": 15, "lap_end": 32, "compound": "HARD", "tyre_age_at_start": 0}, {"meeting_key": 1214, "session_key": 9126, "stint_number": 2, "driver_number": 16, "lap_start": 19, "lap_end": 32, "compound": "HARD", "tyre_age_at_start": 0}, {"meeting_key": 1214, "session_key": 9126, "stint_number": 2, "driver_number": 24, "lap_start": 25, "lap_end": 33, "compound": "HARD", "tyre_age_at_start": 0}, {"meeting_key": 1214, "session_key": 9126, "stint_number": 2, "driver_number": 55, "lap_start": 27, "lap_end": 52, "compound": "HARD", "tyre_age_at_start": 0}, {"meeting_key": 1214, "session_key": 9126, "stint_number": 2, "driver_number": 21, "lap_start": 28, "lap_end": 32, "compound": "MEDIUM", "tyre_age_at_start": 0}, {"meeting_key": 1214, "session_key": 9126, "stint_number": 2, "driver_number": 63, "lap_start": 29, "lap_end": 52, "compound": "MEDIUM", "tyre_age_at_start": 0}, {"meeting_key": 1214, "session_key": 9126, "stint_number": 2, "driver_number": 11, "lap_start": 29, "lap_end": 52, "compound": "SOFT", "tyre_age_at_start": 0}, {"meeting_key": 1214, "session_key": 9126, "stint_number": 2, "driver_number": 81, "lap_start": 30, "lap_end": 52, "compound": "HARD", "tyre_age_at_start": 0}, {"meeting_key": 1214, "session_key": 9126, "stint_number": 2, "driver_number": 2, "lap_start": 30, "lap_end": 52, "compound": "SOFT", "tyre_age_at_start": 0}, {"meeting_key": 1214, "session_key": 9126, "stint_number": 2, "driver_number": 10, "lap_start": 32, "lap_end": 46, "compound": "SOFT", "tyre_age_at_start": 3}, {"meeting_key": 1214, "session_key": 9126, "stint_number": 2, "driver_number": 18, "lap_start": 32, "lap_end": 52, "compound": "SOFT", "tyre_age_at_start": 3}, {"meeting_key": 1214, "session_key": 9126, "stint_number": 2, "driver_number": 23, "lap_start": 33, "lap_end": 52, "compound": "SOFT", "tyre_age_at_start": 4}, {"meeting_key": 1214, "session_key": 9126, "stint_number": 3, "driver_number": 16, "lap_start": 33, "lap_end": 52, "compound": "MEDIUM", "tyre_age_at_start": 0}, {"meeting_key": 1214, "session_key": 9126, "stint_number": 2, "driver_number": 77, "lap_start": 33, "lap_end": 52, "compound": "SOFT", "tyre_age_at_start": 0}, {"meeting_key": 1214, "session_key": 9126, "stint_number": 3, "driver_number": 22, "lap_start": 33, "lap_end": 52, "compound": "SOFT", "tyre_age_at_start": 0}, {"meeting_key": 1214, "session_key": 9126, "stint_number": 3, "driver_number": 21, "lap_start": 33, "lap_end": 52, "compound": "SOFT", "tyre_age_at_start": 0}, {"meeting_key": 1214, "session_key": 9126, "stint_number": 3, "driver_number": 27, "lap_start": 33, "lap_end": 52, "compound": "SOFT", "tyre_age_at_start": 0}, {"meeting_key": 1214, "session_key": 9126, "stint_number": 2, "driver_number": 1, "lap_start": 34, "lap_end": 52, "compound": "SOFT", "tyre_age_at_start": 3}, {"meeting_key": 1214, "session_key": 9126, "stint_number": 2, "driver_number": 4, "lap_start": 34, "lap_end": 52, "compound": "HARD", "tyre_age_at_start": 0}, {"meeting_key": 1214, "session_key": 9126, "stint_number": 2, "driver_number": 44, "lap_start": 34, "lap_end": 52, "compound": "SOFT", "tyre_age_at_start": 3}, {"meeting_key": 1214, "session_key": 9126, "stint_number": 2, "driver_number": 14, "lap_start": 34, "lap_end": 52, "compound": "SOFT", "tyre_age_at_start": 3}, {"meeting_key": 1214, "session_key": 9126, "stint_number": 3, "driver_number": 24, "lap_start": 34, "lap_end": 36, "compound": "SOFT", "tyre_age_at_start": 0}, {"meeting_key": 1214, "session_key": 9126, "stint_number": 4, "driver_number": 24, "lap_start": 37, "lap_end": 52, "compound": "SOFT", "tyre_age_at_start": 3}]