[{"meeting_key": 1237, "session_key": 9531, "stint_number": 1, "driver_number": 11, "lap_start": 1, "lap_end": 25, "compound": "INTERMEDIATE", "tyre_age_at_start": 0}, {"meeting_key": 1237, "session_key": 9531, "stint_number": 1, "driver_number": 31, "lap_start": 1, "lap_end": 44, "compound": "INTERMEDIATE", "tyre_age_at_start": 0}, {"meeting_key": 1237, "session_key": 9531, "stint_number": 1, "driver_number": 77, "lap_start": 1, "lap_end": 42, "compound": "INTERMEDIATE", "tyre_age_at_start": 0}, {"meeting_key": 1237, "session_key": 9531, "stint_number": 1, "driver_number": 1, "lap_start": 1, "lap_end": 25, "compound": "INTERMEDIATE", "tyre_age_at_start": 0}, {"meeting_key": 1237, "session_key": 9531, "stint_number": 1, "driver_number": 27, "lap_start": 1, "lap_end": 12, "compound": "WET", "tyre_age_at_start": 0}, {"meeting_key": 1237, "session_key": 9531, "stint_number": 1, "driver_number": 2, "lap_start": 1, "lap_end": 23, "compound": "INTERMEDIATE", "tyre_age_at_start": 0}, {"meeting_key": 1237, "session_key": 9531, "stint_number": 1, "driver_number": 22, "lap_start": 1, "lap_end": 44, "compound": "INTERMEDIATE", "tyre_age_at_start": 0}, {"meeting_key": 1237, "session_key": 9531, "stint_number": 1, "driver_number": 3, "lap_start": 1, "lap_end": 26, "compound": "INTERMEDIATE", "tyre_age_at_start": 0}, {"meeting_key": 1237, "session_key": 9531, "stint_number": 1, "driver_number": 23, "lap_start": 1, "lap_end": 25, "compound": "INTERMEDIATE", "tyre_age_at_start": 0}, {"meeting_key": 1237, "session_key": 9531, "stint_number": 1, "driver_number": 63, "lap_start": 1, "lap_end": 25, "compound": "INTERMEDIATE", "tyre_age_at_start": 0}, {"meeting_key": 1237, "session_key": 9531, "stint_number": 1, "driver_number": 18, "lap_start": 1, "lap_end": 25, "compound": "INTERMEDIATE", "tyre_age_at_start": 0}, {"meeting_key": 1237, "session_key": 9531, "stint_number": 1, "driver_number": 4, "lap_start": 1, "lap_end": 26, "compound": "INTERMEDIATE", "tyre_age_at_start": 0}, {"meeting_key": 1237, "session_key": 9531, "stint_number": 1, "driver_number": 24, "lap_start": 1, "lap_end": 24, "compound": "INTERMEDIATE", "tyre_age_at_start": 0}, {"meeting_key": 1237, "session_key": 9531, "stint_number": 1, "driver_number": 44, "lap_start": 1, "lap_end": 25, "compound": "INTERMEDIATE", "tyre_age_at_start": 0}, {"meeting_key": 1237, "session_key": 9531, "stint_number": 1, "driver_number": 14, "lap_start": 1, "lap_end": 25, "compound": "INTERMEDIATE", "tyre_age_at_start": 0}, {"meeting_key": 1237, "session_key": 9531, "stint_number": 1, "driver_number": 20, "lap_start": 1, "lap_end": 7, "compound": "WET", "tyre_age_at_start": 0}, {"meeting_key": 1237, "session_key": 9531, "stint_number": 1, "driver_number": 55, "lap_start": 1, "lap_end": 25, "compound": "INTERMEDIATE", "tyre_age_at_start": 0}, {"meeting_key": 1237, "session_key": 9531, "stint_number": 1, "driver_number": 10, "lap_start": 1, "lap_end": 25, "compound": "INTERMEDIATE", "tyre_age_at_start": 0}, {"meeting_key": 1237, "session_key": 9531, "stint_number": 1, "driver_number": 16, "lap_start": 1, "lap_end": 25, "compound": "INTERMEDIATE", "tyre_age_at_start": 0}, {"meeting_key": 1237, "session_key": 9531, "stint_number": 1, "driver_number": 81, "lap_start": 1, "lap_end": 25, "compound": "INTERMEDIATE", "tyre_age_at_start": 0}, {"meeting_key": 1237, "session_key": 9531, "stint_number": 2, "driver_number": 20, "lap_start": 7, "lap_end": 25, "compound": "INTERMEDIATE", "tyre_age_at_start": 0}, {"meeting_key": 1237, "session_key": 9531, "stint_number": 2, "driver_number": 27, "lap_start": 12, "lap_end": 25, "compound": "INTERMEDIATE", "tyre_age_at_start": 0}, {"meeting_key": 1237, "session_key": 9531, "stint_number": 2, "driver_number": 24, "lap_start": 24, "lap_end": 44, "compound": "INTERMEDIATE", "tyre_age_at_start": 0}, {"meeting_key": 1237, "session_key": 9531, "stint_number": 2, "driver_number": 63, "lap_start": 25, "lap_end": 45, "compound": "INTERMEDIATE", "tyre_age_at_start": 0}, {"meeting_key": 1237, "session_key": 9531, "stint_number": 2, "driver_number": 1, "lap_start": 25, "lap_end": 45, "compound": "INTERMEDIATE", "tyre_age_at_start": 0}, {"meeting_key": 1237, "session_key": 9531, "stint_number": 2, "driver_number": 81, "lap_start": 25, "lap_end": 44, "compound": "INTERMEDIATE", "tyre_age_at_start": 0}, {"meeting_key": 1237, "session_key": 9531, "stint_number": 2, "driver_number": 44, "lap_start": 25, "lap_end": 43, "compound": "INTERMEDIATE", "tyre_age_at_start": 0}, {"meeting_key": 1237, "session_key": 9531, "stint_number": 2, "driver_number": 14, "lap_start": 25, "lap_end": 44, "compound": "INTERMEDIATE", "tyre_age_at_start": 0}, {"meeting_key": 1237, "session_key": 9531, "stint_number": 2, "driver_number": 18, "lap_start": 25, "lap_end": 44, "compound": "INTERMEDIATE", "tyre_age_at_start": 0}, {"meeting_key": 1237, "session_key": 9531, "stint_number": 2, "driver_number": 23, "lap_start": 25, "lap_end": 44, "compound": "INTERMEDIATE", "tyre_age_at_start": 0}, {"meeting_key": 1237, "session_key": 9531, "stint_number": 2, "driver_number": 16, "lap_start": 25, "lap_end": 28, "compound": "INTERMEDIATE", "tyre_age_at_start": 0}, {"meeting_key": 1237, "session_key": 9531, "stint_number": 2, "driver_number": 10, "lap_start": 25, "lap_end": 40, "compound": "INTERMEDIATE", "tyre_age_at_start": 0}, {"meeting_key": 1237, "session_key": 9531, "stint_number": 2, "driver_number": 55, "lap_start": 25, "lap_end": 43, "compound": "INTERMEDIATE", "tyre_age_at_start": 0}, {"meeting_key": 1237, "session_key": 9531, "stint_number": 3, "driver_number": 20, "lap_start": 25, "lap_end": 41, "compound": "INTERMEDIATE", "tyre_age_at_start": 0}, {"meeting_key": 1237, "session_key": 9531, "stint_number": 2, "driver_number": 11, "lap_start": 25, "lap_end": 43, "compound": "INTERMEDIATE", "tyre_age_at_start": 0}, {"meeting_key": 1237, "session_key": 9531, "stint_number": 3, "driver_number": 27, "lap_start": 25, "lap_end": 44, "compound": "INTERMEDIATE", "tyre_age_at_start": 0}, {"meeting_key": 1237, "session_key": 9531, "stint_number": 2, "driver_number": 4, "lap_start": 26, "lap_end": 47, "compound": "INTERMEDIATE", "tyre_age_at_start": 0}, {"meeting_key": 1237, "session_key": 9531, "stint_number": 2, "driver_number": 3, "lap_start": 26, "lap_end": 43, "compound": "INTERMEDIATE", "tyre_age_at_start": 0}, {"meeting_key": 1237, "session_key": 9531, "stint_number": 3, "driver_number": 16, "lap_start": 28, "lap_end": 31, "compound": "HARD", "tyre_age_at_start": 0}, {"meeting_key": 1237, "session_key": 9531, "stint_number": 4, "driver_number": 16, "lap_start": 31, "lap_end": 40, "compound": "INTERMEDIATE", "tyre_age_at_start": 0}, {"meeting_key": 1237, "session_key": 9531, "stint_number": 3, "driver_number": 10, "lap_start": 40, "lap_end": 70, "compound": "HARD", "tyre_age_at_start": 0}, {"meeting_key": 1237, "session_key": 9531, "stint_number": 4, "driver_number": 20, "lap_start": 41, "lap_end": 54, "compound": "MEDIUM", "tyre_age_at_start": 0}, {"meeting_key": 1237, "session_key": 9531, "stint_number": 2, "driver_number": 77, "lap_start": 42, "lap_end": 70, "compound": "MEDIUM", "tyre_age_at_start": 0}, {"meeting_key": 1237, "session_key": 9531, "stint_number": 3, "driver_number": 44, "lap_start": 43, "lap_end": 54, "compound": "MEDIUM", "tyre_age_at_start": 0}, {"meeting_key": 1237, "session_key": 9531, "stint_number": 3, "driver_number": 11, "lap_start": 43, "lap_end": 51, "compound": "MEDIUM", "tyre_age_at_start": 0}, {"meeting_key": 1237, "session_key": 9531, "stint_number": 3, "driver_number": 55, "lap_start": 43, "lap_end": 52, "compound": "MEDIUM", "tyre_age_at_start": 0}, {"meeting_key": 1237, "session_key": 9531, "stint_number": 3, "driver_number": 3, "lap_start": 43, "lap_end": 70, "compound": "MEDIUM", "tyre_age_at_start": 1}, {"meeting_key": 1237, "session_key": 9531, "stint_number": 3, "driver_number": 81, "lap_start": 44, "lap_end": 70, "compound": "MEDIUM", "tyre_age_at_start": 0}, {"meeting_key": 1237, "session_key": 9531, "stint_number": 2, "driver_number": 22, "lap_start": 44, "lap_end": 70, "compound": "MEDIUM", "tyre_age_at_start": 0}, {"meeting_key": 1237, "session_key": 9531, "stint_number": 3, "driver_number": 14, "lap_start": 44, "lap_end": 70, "compound": "HARD", "tyre_age_at_start": 0}, {"meeting_key": 1237, "session_key": 9531, "stint_number": 2, "driver_number": 31, "lap_start": 44, "lap_end": 70, "compound": "MEDIUM", "tyre_age_at_start": 0}, {"meeting_key": 1237, "session_key": 9531, "stint_number": 3, "driver_number": 18, "lap_start": 44, "lap_end": 70, "compound": "HARD", "tyre_age_at_start": 1}, {"meeting_key": 1237, "session_key": 9531, "stint_number": 3, "driver_number": 23, "lap_start": 44, "lap_end": 52, "compound": "MEDIUM", "tyre_age_at_start": 0}, {"meeting_key": 1237, "session_key": 9531, "stint_number": 4, "driver_number": 27, "lap_start": 44, "lap_end": 70, "compound": "MEDIUM", "tyre_age_at_start": 0}, {"meeting_key": 1237, "session_key": 9531, "stint_number": 3, "driver_number": 1, "lap_start": 45, "lap_end": 70, "compound": "MEDIUM", "tyre_age_at_start": 0}, {"meeting_key": 1237, "session_key": 9531, "stint_number": 3, "driver_number": 24, "lap_start": 44, "lap_end": 52, "compound": "MEDIUM", "tyre_age_at_start": 0}, {"meeting_key": 1237, "session_key": 9531, "stint_number": 3, "driver_number": 63, "lap_start": 46, "lap_end": 54, "compound": "HARD", "tyre_age_at_start": 0}, {"meeting_key": 1237, "session_key": 9531, "stint_number": 3, "driver_number": 4, "lap_start": 47, "lap_end": 70, "compound": "MEDIUM", "tyre_age_at_start": 0}, {"meeting_key": 1237, "session_key": 9531, "stint_number": 4, "driver_number": 24, "lap_start": 52, "lap_end": 69, "compound": "MEDIUM", "tyre_age_at_start": 0}, {"meeting_key": 1237, "session_key": 9531, "stint_number": 4, "driver_number": 63, "lap_start": 54, "lap_end": 70, "compound": "MEDIUM", "tyre_age_at_start": 0}, {"meeting_key": 1237, "session_key": 9531, "stint_number": 4, "driver_number": 44, "lap_start": 54, "lap_end": 70, "compound": "HARD", "tyre_age_at_start": 0}, {"meeting_key": 1237, "session_key": 9531, "stint_number": 5, "driver_number": 20, "lap_start": 54, "lap_end": 70, "compound": "MEDIUM", "tyre_age_at_start": 0}]