[{"meeting_key": 1255, "session_key": 9993, "stint_number": 1, "driver_number": 63, "lap_start": 1, "lap_end": 19, "compound": "MEDIUM", "tyre_age_at_start": 8}, {"meeting_key": 1255, "session_key": 9993, "stint_number": 1, "driver_number": 5, "lap_start": 1, "lap_end": 19, "compound": "MEDIUM", "tyre_age_at_start": 6}, {"meeting_key": 1255, "session_key": 9993, "stint_number": 1, "driver_number": 16, "lap_start": 1, "lap_end": 19, "compound": "MEDIUM", "tyre_age_at_start": 6}, {"meeting_key": 1255, "session_key": 9993, "stint_number": 1, "driver_number": 81, "lap_start": 1, "lap_end": 19, "compound": "MEDIUM", "tyre_age_at_start": 4}, {"meeting_key": 1255, "session_key": 9993, "stint_number": 1, "driver_number": 23, "lap_start": 1, "lap_end": 19, "compound": "MEDIUM", "tyre_age_at_start": 4}, {"meeting_key": 1255, "session_key": 9993, "stint_number": 1, "driver_number": 14, "lap_start": 1, "lap_end": 19, "compound": "MEDIUM", "tyre_age_at_start": 3}, {"meeting_key": 1255, "session_key": 9993, "stint_number": 1, "driver_number": 22, "lap_start": 1, "lap_end": 19, "compound": "MEDIUM", "tyre_age_at_start": 3}, {"meeting_key": 1255, "session_key": 9993, "stint_number": 1, "driver_number": 18, "lap_start": 1, "lap_end": 19, "compound": "MEDIUM", "tyre_age_at_start": 3}, {"meeting_key": 1255, "session_key": 9993, "stint_number": 1, "driver_number": 27, "lap_start": 1, "lap_end": 19, "compound": "MEDIUM", "tyre_age_at_start": 6}, {"meeting_key": 1255, "session_key": 9993, "stint_number": 1, "driver_number": 44, "lap_start": 1, "lap_end": 19, "compound": "MEDIUM", "tyre_age_at_start": 6}, {"meeting_key": 1255, "session_key": 9993, "stint_number": 1, "driver_number": 4, "lap_start": 1, "lap_end": 19, "compound": "MEDIUM", "tyre_age_at_start": 3}, {"meeting_key": 1255, "session_key": 9993, "stint_number": 1, "driver_number": 1, "lap_start": 1, "lap_end": 19, "compound": "MEDIUM", "tyre_age_at_start": 3}, {"meeting_key": 1255, "session_key": 9993, "stint_number": 1, "driver_number": 55, "lap_start": 1, "lap_end": 11, "compound": "MEDIUM", "tyre_age_at_start": 4}, {"meeting_key": 1255, "session_key": 9993, "stint_number": 1, "driver_number": 6, "lap_start": 1, "lap_end": 19, "compound": "MEDIUM", "tyre_age_at_start": 2}, {"meeting_key": 1255, "session_key": 9993, "stint_number": 1, "driver_number": 30, "lap_start": 1, "lap_end": 19, "compound": "MEDIUM", "tyre_age_at_start": 5}, {"meeting_key": 1255, "session_key": 9993, "stint_number": 1, "driver_number": 12, "lap_start": 1, "lap_end": 19, "compound": "MEDIUM", "tyre_age_at_start": 7}, {"meeting_key": 1255, "session_key": 9993, "stint_number": 1, "driver_number": 31, "lap_start": 1, "lap_end": 19, "compound": "MEDIUM", "tyre_age_at_start": 6}, {"meeting_key": 1255, "session_key": 9993, "stint_number": 1, "driver_number": 10, "lap_start": 1, "lap_end": 19, "compound": "MEDIUM", "tyre_age_at_start": 6}, {"meeting_key": 1255, "session_key": 9993, "stint_number": 1, "driver_number": 7, "lap_start": 1, "lap_end": 19, "compound": "MEDIUM", "tyre_age_at_start": 6}, {"meeting_key": 1255, "session_key": 9993, "stint_number": 1, "driver_number": 87, "lap_start": 1, "lap_end": 19, "compound": "MEDIUM", "tyre_age_at_start": 3}, {"meeting_key": 1255, "session_key": 9993, "stint_number": 2, "driver_number": 55, "lap_start": 12, "lap_end": 19, "compound": "MEDIUM", "tyre_age_at_start": 0}]