[{"meeting_key": 1224, "session_key": 9205, "stint_number": 1, "driver_number": 3, "lap_start": 1, "lap_end": 1, "compound": "SOFT", "tyre_age_at_start": 0}, {"meeting_key": 1224, "session_key": 9205, "stint_number": 1, "driver_number": 23, "lap_start": null, "lap_end": null, "compound": "SOFT", "tyre_age_at_start": 3}, {"meeting_key": 1224, "session_key": 9205, "stint_number": 1, "driver_number": 63, "lap_start": 1, "lap_end": 1, "compound": "SOFT", "tyre_age_at_start": 3}, {"meeting_key": 1224, "session_key": 9205, "stint_number": 1, "driver_number": 18, "lap_start": 1, "lap_end": 1, "compound": "SOFT", "tyre_age_at_start": 0}, {"meeting_key": 1224, "session_key": 9205, "stint_number": 1, "driver_number": 4, "lap_start": 1, "lap_end": 1, "compound": "SOFT", "tyre_age_at_start": 3}, {"meeting_key": 1224, "session_key": 9205, "stint_number": 1, "driver_number": 24, "lap_start": 1, "lap_end": 1, "compound": "SOFT", "tyre_age_at_start": 0}, {"meeting_key": 1224, "session_key": 9205, "stint_number": 1, "driver_number": 44, "lap_start": 1, "lap_end": 1, "compound": "SOFT", "tyre_age_at_start": 3}, {"meeting_key": 1224, "session_key": 9205, "stint_number": 1, "driver_number": 14, "lap_start": 1, "lap_end": 1, "compound": "SOFT", "tyre_age_at_start": 3}, {"meeting_key": 1224, "session_key": 9205, "stint_number": 1, "driver_number": 20, "lap_start": null, "lap_end": null, "compound": "SOFT", "tyre_age_at_start": 0}, {"meeting_key": 1224, "session_key": 9205, "stint_number": 1, "driver_number": 55, "lap_start": 1, "lap_end": 1, "compound": "SOFT", "tyre_age_at_start": 2}, {"meeting_key": 1224, "session_key": 9205, "stint_number": 1, "driver_number": 10, "lap_start": 1, "lap_end": 1, "compound": "SOFT", "tyre_age_at_start": 2}, {"meeting_key": 1224, "session_key": 9205, "stint_number": 1, "driver_number": 81, "lap_start": 1, "lap_end": 1, "compound": "SOFT", "tyre_age_at_start": 2}, {"meeting_key": 1224, "session_key": 9205, "stint_number": 1, "driver_number": 16, "lap_start": null, "lap_end": null, "compound": "SOFT", "tyre_age_at_start": 0}, {"meeting_key": 1224, "session_key": 9205, "stint_number": 1, "driver_number": 11, "lap_start": 1, "lap_end": 1, "compound": "SOFT", "tyre_age_at_start": 3}, {"meeting_key": 1224, "session_key": 9205, "stint_number": 1, "driver_number": 31, "lap_start": 1, "lap_end": 1, "compound": "SOFT", "tyre_age_at_start": 3}, {"meeting_key": 1224, "session_key": 9205, "stint_number": 1, "driver_number": 77, "lap_start": 1, "lap_end": 1, "compound": "SOFT", "tyre_age_at_start": 0}, {"meeting_key": 1224, "session_key": 9205, "stint_number": 1, "driver_number": 1, "lap_start": 1, "lap_end": 1, "compound": "SOFT", "tyre_age_at_start": 3}, {"meeting_key": 1224, "session_key": 9205, "stint_number": 1, "driver_number": 2, "lap_start": 1, "lap_end": 1, "compound": "MEDIUM", "tyre_age_at_start": 0}, {"meeting_key": 1224, "session_key": 9205, "stint_number": 1, "driver_number": 27, "lap_start": 1, "lap_end": 1, "compound": "SOFT", "tyre_age_at_start": 0}, {"meeting_key": 1224, "session_key": 9205, "stint_number": 1, "driver_number": 22, "lap_start": 1, "lap_end": 1, "compound": "SOFT", "tyre_age_at_start": 3}, {"meeting_key": 1224, "session_key": 9205, "stint_number": 2, "driver_number": 1, "lap_start": 2, "lap_end": 2, "compound": "SOFT", "tyre_age_at_start": 0}, {"meeting_key": 1224, "session_key": 9205, "stint_number": 2, "driver_number": 44, "lap_start": 2, "lap_end": 2, "compound": "SOFT", "tyre_age_at_start": 4}, {"meeting_key": 1224, "session_key": 9205, "stint_number": 2, "driver_number": 4, "lap_start": 2, "lap_end": 2, "compound": "SOFT", "tyre_age_at_start": 0}, {"meeting_key": 1224, "session_key": 9205, "stint_number": 2, "driver_number": 18, "lap_start": 2, "lap_end": 2, "compound": "SOFT", "tyre_age_at_start": 1}, {"meeting_key": 1224, "session_key": 9205, "stint_number": 2, "driver_number": 14, "lap_start": 2, "lap_end": 2, "compound": "SOFT", "tyre_age_at_start": 4}, {"meeting_key": 1224, "session_key": 9205, "stint_number": 2, "driver_number": 11, "lap_start": 2, "lap_end": 2, "compound": "SOFT", "tyre_age_at_start": 0}, {"meeting_key": 1224, "session_key": 9205, "stint_number": 2, "driver_number": 63, "lap_start": 2, "lap_end": 2, "compound": "SOFT", "tyre_age_at_start": 4}, {"meeting_key": 1224, "session_key": 9205, "stint_number": 2, "driver_number": 55, "lap_start": 2, "lap_end": 2, "compound": "SOFT", "tyre_age_at_start": 3}, {"meeting_key": 1224, "session_key": 9205, "stint_number": 2, "driver_number": 31, "lap_start": 2, "lap_end": 2, "compound": "SOFT", "tyre_age_at_start": 4}, {"meeting_key": 1224, "session_key": 9205, "stint_number": 2, "driver_number": 77, "lap_start": 2, "lap_end": 2, "compound": "SOFT", "tyre_age_at_start": 1}, {"meeting_key": 1224, "session_key": 9205, "stint_number": 2, "driver_number": 22, "lap_start": 2, "lap_end": 2, "compound": "SOFT", "tyre_age_at_start": 4}, {"meeting_key": 1224, "session_key": 9205, "stint_number": 2, "driver_number": 10, "lap_start": 2, "lap_end": 2, "compound": "SOFT", "tyre_age_at_start": 3}, {"meeting_key": 1224, "session_key": 9205, "stint_number": 2, "driver_number": 24, "lap_start": 2, "lap_end": 2, "compound": "SOFT", "tyre_age_at_start": 1}, {"meeting_key": 1224, "session_key": 9205, "stint_number": 2, "driver_number": 2, "lap_start": 2, "lap_end": 2, "compound": "MEDIUM", "tyre_age_at_start": 1}, {"meeting_key": 1224, "session_key": 9205, "stint_number": 2, "driver_number": 27, "lap_start": 2, "lap_end": 2, "compound": "MEDIUM", "tyre_age_at_start": 0}, {"meeting_key": 1224, "session_key": 9205, "stint_number": 3, "driver_number": 1, "lap_start": 3, "lap_end": 27, "compound": "SOFT", "tyre_age_at_start": 3}, {"meeting_key": 1224, "session_key": 9205, "stint_number": 3, "driver_number": 4, "lap_start": 3, "lap_end": 27, "compound": "SOFT", "tyre_age_at_start": 0}, {"meeting_key": 1224, "session_key": 9205, "stint_number": 3, "driver_number": 44, "lap_start": 3, "lap_end": 18, "compound": "SOFT", "tyre_age_at_start": 3}, {"meeting_key": 1224, "session_key": 9205, "stint_number": 3, "driver_number": 14, "lap_start": 3, "lap_end": 25, "compound": "SOFT", "tyre_age_at_start": 3}, {"meeting_key": 1224, "session_key": 9205, "stint_number": 3, "driver_number": 18, "lap_start": 3, "lap_end": 22, "compound": "SOFT", "tyre_age_at_start": 3}, {"meeting_key": 1224, "session_key": 9205, "stint_number": 3, "driver_number": 63, "lap_start": 3, "lap_end": 19, "compound": "SOFT", "tyre_age_at_start": 3}, {"meeting_key": 1224, "session_key": 9205, "stint_number": 3, "driver_number": 11, "lap_start": 3, "lap_end": 20, "compound": "SOFT", "tyre_age_at_start": 3}, {"meeting_key": 1224, "session_key": 9205, "stint_number": 3, "driver_number": 55, "lap_start": 3, "lap_end": 26, "compound": "SOFT", "tyre_age_at_start": 4}, {"meeting_key": 1224, "session_key": 9205, "stint_number": 3, "driver_number": 31, "lap_start": 3, "lap_end": 14, "compound": "SOFT", "tyre_age_at_start": 3}, {"meeting_key": 1224, "session_key": 9205, "stint_number": 3, "driver_number": 22, "lap_start": 3, "lap_end": 26, "compound": "SOFT", "tyre_age_at_start": 0}, {"meeting_key": 1224, "session_key": 9205, "stint_number": 3, "driver_number": 10, "lap_start": 3, "lap_end": 26, "compound": "SOFT", "tyre_age_at_start": 3}, {"meeting_key": 1224, "session_key": 9205, "stint_number": 3, "driver_number": 77, "lap_start": 3, "lap_end": 18, "compound": "SOFT", "tyre_age_at_start": 0}, {"meeting_key": 1224, "session_key": 9205, "stint_number": 3, "driver_number": 24, "lap_start": 3, "lap_end": 15, "compound": "SOFT", "tyre_age_at_start": 0}, {"meeting_key": 1224, "session_key": 9205, "stint_number": 3, "driver_number": 2, "lap_start": 3, "lap_end": 17, "compound": "SOFT", "tyre_age_at_start": 0}, {"meeting_key": 1224, "session_key": 9205, "stint_number": 3, "driver_number": 27, "lap_start": 3, "lap_end": 21, "compound": "SOFT", "tyre_age_at_start": 3}, {"meeting_key": 1224, "session_key": 9205, "stint_number": 2, "driver_number": 81, "lap_start": 2, "lap_end": 2, "compound": "MEDIUM", "tyre_age_at_start": 0}, {"meeting_key": 1224, "session_key": 9205, "stint_number": 2, "driver_number": 3, "lap_start": 2, "lap_end": 2, "compound": "SOFT", "tyre_age_at_start": 3}, {"meeting_key": 1224, "session_key": 9205, "stint_number": 3, "driver_number": 81, "lap_start": 3, "lap_end": 24, "compound": "MEDIUM", "tyre_age_at_start": 1}, {"meeting_key": 1224, "session_key": 9205, "stint_number": 3, "driver_number": 3, "lap_start": 3, "lap_end": 26, "compound": "SOFT", "tyre_age_at_start": 4}, {"meeting_key": 1224, "session_key": 9205, "stint_number": 4, "driver_number": 31, "lap_start": 15, "lap_end": 31, "compound": "MEDIUM", "tyre_age_at_start": 0}, {"meeting_key": 1224, "session_key": 9205, "stint_number": 4, "driver_number": 24, "lap_start": 16, "lap_end": 22, "compound": "MEDIUM", "tyre_age_at_start": 0}, {"meeting_key": 1224, "session_key": 9205, "stint_number": 4, "driver_number": 2, "lap_start": 18, "lap_end": 44, "compound": "SOFT", "tyre_age_at_start": 0}, {"meeting_key": 1224, "session_key": 9205, "stint_number": 4, "driver_number": 44, "lap_start": 19, "lap_end": 46, "compound": "MEDIUM", "tyre_age_at_start": 0}, {"meeting_key": 1224, "session_key": 9205, "stint_number": 4, "driver_number": 77, "lap_start": 19, "lap_end": 39, "compound": "MEDIUM", "tyre_age_at_start": 0}, {"meeting_key": 1224, "session_key": 9205, "stint_number": 4, "driver_number": 63, "lap_start": 20, "lap_end": 45, "compound": "MEDIUM", "tyre_age_at_start": 0}, {"meeting_key": 1224, "session_key": 9205, "stint_number": 4, "driver_number": 11, "lap_start": 21, "lap_end": 46, "compound": "MEDIUM", "tyre_age_at_start": 0}, {"meeting_key": 1224, "session_key": 9205, "stint_number": 4, "driver_number": 27, "lap_start": 22, "lap_end": 46, "compound": "SOFT", "tyre_age_at_start": 3}, {"meeting_key": 1224, "session_key": 9205, "stint_number": 4, "driver_number": 18, "lap_start": 23, "lap_end": 52, "compound": "MEDIUM", "tyre_age_at_start": 0}, {"meeting_key": 1224, "session_key": 9205, "stint_number": 4, "driver_number": 14, "lap_start": 26, "lap_end": 47, "compound": "MEDIUM", "tyre_age_at_start": 0}, {"meeting_key": 1224, "session_key": 9205, "stint_number": 4, "driver_number": 81, "lap_start": 25, "lap_end": 52, "compound": "SOFT", "tyre_age_at_start": 2}, {"meeting_key": 1224, "session_key": 9205, "stint_number": 4, "driver_number": 55, "lap_start": 27, "lap_end": 51, "compound": "MEDIUM", "tyre_age_at_start": 0}, {"meeting_key": 1224, "session_key": 9205, "stint_number": 4, "driver_number": 10, "lap_start": 27, "lap_end": 46, "compound": "MEDIUM", "tyre_age_at_start": 0}, {"meeting_key": 1224, "session_key": 9205, "stint_number": 4, "driver_number": 22, "lap_start": 27, "lap_end": 55, "compound": "MEDIUM", "tyre_age_at_start": 0}, {"meeting_key": 1224, "session_key": 9205, "stint_number": 4, "driver_number": 1, "lap_start": 28, "lap_end": 56, "compound": "MEDIUM", "tyre_age_at_start": 0}, {"meeting_key": 1224, "session_key": 9205, "stint_number": 4, "driver_number": 4, "lap_start": 28, "lap_end": 59, "compound": "MEDIUM", "tyre_age_at_start": 3}, {"meeting_key": 1224, "session_key": 9205, "stint_number": 4, "driver_number": 3, "lap_start": 27, "lap_end": 55, "compound": "MEDIUM", "tyre_age_at_start": 0}, {"meeting_key": 1224, "session_key": 9205, "stint_number": 5, "driver_number": 31, "lap_start": 32, "lap_end": 51, "compound": "SOFT", "tyre_age_at_start": 3}, {"meeting_key": 1224, "session_key": 9205, "stint_number": 5, "driver_number": 2, "lap_start": 45, "lap_end": 70, "compound": "SOFT", "tyre_age_at_start": 0}, {"meeting_key": 1224, "session_key": 9205, "stint_number": 5, "driver_number": 63, "lap_start": 46, "lap_end": 57, "compound": "SOFT", "tyre_age_at_start": 3}, {"meeting_key": 1224, "session_key": 9205, "stint_number": 5, "driver_number": 11, "lap_start": 47, "lap_end": 71, "compound": "SOFT", "tyre_age_at_start": 3}, {"meeting_key": 1224, "session_key": 9205, "stint_number": 5, "driver_number": 44, "lap_start": 47, "lap_end": 71, "compound": "SOFT", "tyre_age_at_start": 3}, {"meeting_key": 1224, "session_key": 9205, "stint_number": 5, "driver_number": 10, "lap_start": 47, "lap_end": 71, "compound": "SOFT", "tyre_age_at_start": 0}, {"meeting_key": 1224, "session_key": 9205, "stint_number": 5, "driver_number": 27, "lap_start": 47, "lap_end": 70, "compound": "SOFT", "tyre_age_at_start": 0}, {"meeting_key": 1224, "session_key": 9205, "stint_number": 5, "driver_number": 14, "lap_start": 48, "lap_end": 71, "compound": "SOFT", "tyre_age_at_start": 0}, {"meeting_key": 1224, "session_key": 9205, "stint_number": 5, "driver_number": 55, "lap_start": 52, "lap_end": 71, "compound": "SOFT", "tyre_age_at_start": 3}, {"meeting_key": 1224, "session_key": 9205, "stint_number": 6, "driver_number": 31, "lap_start": 52, "lap_end": 70, "compound": "SOFT", "tyre_age_at_start": 0}, {"meeting_key": 1224, "session_key": 9205, "stint_number": 5, "driver_number": 18, "lap_start": 53, "lap_end": 71, "compound": "SOFT", "tyre_age_at_start": 2}, {"meeting_key": 1224, "session_key": 9205, "stint_number": 5, "driver_number": 81, "lap_start": 53, "lap_end": 69, "compound": "SOFT", "tyre_age_at_start": 5}, {"meeting_key": 1224, "session_key": 9205, "stint_number": 5, "driver_number": 22, "lap_start": 56, "lap_end": 71, "compound": "SOFT", "tyre_age_at_start": 0}, {"meeting_key": 1224, "session_key": 9205, "stint_number": 5, "driver_number": 1, "lap_start": 57, "lap_end": 71, "compound": "SOFT", "tyre_age_at_start": 0}, {"meeting_key": 1224, "session_key": 9205, "stint_number": 5, "driver_number": 3, "lap_start": 56, "lap_end": 70, "compound": "SOFT", "tyre_age_at_start": 0}, {"meeting_key": 1224, "session_key": 9205, "stint_number": 5, "driver_number": 4, "lap_start": 60, "lap_end": 71, "compound": "SOFT", "tyre_age_at_start": 3}]