[{"meeting_key": 1245, "session_key": 9598, "stint_number": 1, "driver_number": 18, "lap_start": 1, "lap_end": 1, "compound": "MEDIUM", "tyre_age_at_start": 1}, {"meeting_key": 1245, "session_key": 9598, "stint_number": 1, "driver_number": 44, "lap_start": 1, "lap_end": 12, "compound": "MEDIUM", "tyre_age_at_start": 0}, {"meeting_key": 1245, "session_key": 9598, "stint_number": 1, "driver_number": 3, "lap_start": 1, "lap_end": 49, "compound": "HARD", "tyre_age_at_start": 1}, {"meeting_key": 1245, "session_key": 9598, "stint_number": 1, "driver_number": 14, "lap_start": 1, "lap_end": 11, "compound": "MEDIUM", "tyre_age_at_start": 1}, {"meeting_key": 1245, "session_key": 9598, "stint_number": 1, "driver_number": 22, "lap_start": 1, "lap_end": 12, "compound": "MEDIUM", "tyre_age_at_start": 1}, {"meeting_key": 1245, "session_key": 9598, "stint_number": 1, "driver_number": 4, "lap_start": 1, "lap_end": 37, "compound": "HARD", "tyre_age_at_start": 0}, {"meeting_key": 1245, "session_key": 9598, "stint_number": 1, "driver_number": 24, "lap_start": 1, "lap_end": 34, "compound": "HARD", "tyre_age_at_start": 1}, {"meeting_key": 1245, "session_key": 9598, "stint_number": 1, "driver_number": 55, "lap_start": 1, "lap_end": 17, "compound": "MEDIUM", "tyre_age_at_start": 0}, {"meeting_key": 1245, "session_key": 9598, "stint_number": 1, "driver_number": 11, "lap_start": 1, "lap_end": 13, "compound": "MEDIUM", "tyre_age_at_start": 0}, {"meeting_key": 1245, "session_key": 9598, "stint_number": 1, "driver_number": 31, "lap_start": 1, "lap_end": 49, "compound": "HARD", "tyre_age_at_start": 3}, {"meeting_key": 1245, "session_key": 9598, "stint_number": 1, "driver_number": 50, "lap_start": 1, "lap_end": 14, "compound": "MEDIUM", "tyre_age_at_start": 0}, {"meeting_key": 1245, "session_key": 9598, "stint_number": 1, "driver_number": 1, "lap_start": 1, "lap_end": 12, "compound": "MEDIUM", "tyre_age_at_start": 0}, {"meeting_key": 1245, "session_key": 9598, "stint_number": 1, "driver_number": 77, "lap_start": 1, "lap_end": 11, "compound": "MEDIUM", "tyre_age_at_start": 1}, {"meeting_key": 1245, "session_key": 9598, "stint_number": 1, "driver_number": 43, "lap_start": 1, "lap_end": 10, "compound": "MEDIUM", "tyre_age_at_start": 0}, {"meeting_key": 1245, "session_key": 9598, "stint_number": 1, "driver_number": 10, "lap_start": 1, "lap_end": 50, "compound": "HARD", "tyre_age_at_start": 0}, {"meeting_key": 1245, "session_key": 9598, "stint_number": 1, "driver_number": 81, "lap_start": 1, "lap_end": 15, "compound": "MEDIUM", "tyre_age_at_start": 0}, {"meeting_key": 1245, "session_key": 9598, "stint_number": 1, "driver_number": 23, "lap_start": 1, "lap_end": 31, "compound": "HARD", "tyre_age_at_start": 0}, {"meeting_key": 1245, "session_key": 9598, "stint_number": 1, "driver_number": 63, "lap_start": 1, "lap_end": 12, "compound": "MEDIUM", "tyre_age_at_start": 0}, {"meeting_key": 1245, "session_key": 9598, "stint_number": 1, "driver_number": 16, "lap_start": 1, "lap_end": 16, "compound": "MEDIUM", "tyre_age_at_start": 0}, {"meeting_key": 1245, "session_key": 9598, "stint_number": 1, "driver_number": 27, "lap_start": 1, "lap_end": 15, "compound": "MEDIUM", "tyre_age_at_start": 0}, {"meeting_key": 1245, "session_key": 9598, "stint_number": 2, "driver_number": 18, "lap_start": 2, "lap_end": 22, "compound": "HARD", "tyre_age_at_start": 1}, {"meeting_key": 1245, "session_key": 9598, "stint_number": 2, "driver_number": 43, "lap_start": 11, "lap_end": 51, "compound": "HARD", "tyre_age_at_start": 0}, {"meeting_key": 1245, "session_key": 9598, "stint_number": 2, "driver_number": 14, "lap_start": 12, "lap_end": 51, "compound": "HARD", "tyre_age_at_start": 0}, {"meeting_key": 1245, "session_key": 9598, "stint_number": 2, "driver_number": 77, "lap_start": 12, "lap_end": 50, "compound": "HARD", "tyre_age_at_start": 1}, {"meeting_key": 1245, "session_key": 9598, "stint_number": 2, "driver_number": 1, "lap_start": 13, "lap_end": 49, "compound": "HARD", "tyre_age_at_start": 0}, {"meeting_key": 1245, "session_key": 9598, "stint_number": 2, "driver_number": 63, "lap_start": 13, "lap_end": 51, "compound": "HARD", "tyre_age_at_start": 0}, {"meeting_key": 1245, "session_key": 9598, "stint_number": 2, "driver_number": 44, "lap_start": 13, "lap_end": 51, "compound": "HARD", "tyre_age_at_start": 0}, {"meeting_key": 1245, "session_key": 9598, "stint_number": 2, "driver_number": 22, "lap_start": 13, "lap_end": 14, "compound": "HARD", "tyre_age_at_start": 1}, {"meeting_key": 1245, "session_key": 9598, "stint_number": 2, "driver_number": 11, "lap_start": 14, "lap_end": 49, "compound": "HARD", "tyre_age_at_start": 0}, {"meeting_key": 1245, "session_key": 9598, "stint_number": 2, "driver_number": 50, "lap_start": 15, "lap_end": 51, "compound": "HARD", "tyre_age_at_start": 0}, {"meeting_key": 1245, "session_key": 9598, "stint_number": 2, "driver_number": 81, "lap_start": 16, "lap_end": 51, "compound": "HARD", "tyre_age_at_start": 0}, {"meeting_key": 1245, "session_key": 9598, "stint_number": 2, "driver_number": 27, "lap_start": 16, "lap_end": 51, "compound": "HARD", "tyre_age_at_start": 0}, {"meeting_key": 1245, "session_key": 9598, "stint_number": 2, "driver_number": 16, "lap_start": 17, "lap_end": 51, "compound": "HARD", "tyre_age_at_start": 0}, {"meeting_key": 1245, "session_key": 9598, "stint_number": 2, "driver_number": 55, "lap_start": 18, "lap_end": 49, "compound": "HARD", "tyre_age_at_start": 0}, {"meeting_key": 1245, "session_key": 9598, "stint_number": 3, "driver_number": 18, "lap_start": 23, "lap_end": 45, "compound": "HARD", "tyre_age_at_start": 0}, {"meeting_key": 1245, "session_key": 9598, "stint_number": 2, "driver_number": 23, "lap_start": 32, "lap_end": 51, "compound": "MEDIUM", "tyre_age_at_start": 0}, {"meeting_key": 1245, "session_key": 9598, "stint_number": 2, "driver_number": 24, "lap_start": 35, "lap_end": 51, "compound": "MEDIUM", "tyre_age_at_start": 1}, {"meeting_key": 1245, "session_key": 9598, "stint_number": 2, "driver_number": 4, "lap_start": 38, "lap_end": 51, "compound": "MEDIUM", "tyre_age_at_start": 0}, {"meeting_key": 1245, "session_key": 9598, "stint_number": 3, "driver_number": 1, "lap_start": 50, "lap_end": 51, "compound": "SOFT", "tyre_age_at_start": 3}, {"meeting_key": 1245, "session_key": 9598, "stint_number": 2, "driver_number": 3, "lap_start": 50, "lap_end": 51, "compound": "SOFT", "tyre_age_at_start": 0}, {"meeting_key": 1245, "session_key": 9598, "stint_number": 2, "driver_number": 31, "lap_start": 50, "lap_end": 50, "compound": "SOFT", "tyre_age_at_start": 0}, {"meeting_key": 1245, "session_key": 9598, "stint_number": 2, "driver_number": 10, "lap_start": 51, "lap_end": 51, "compound": "SOFT", "tyre_age_at_start": 0}]