[{"meeting_key": 1232, "session_key": 9496, "stint_number": 1, "driver_number": 1, "lap_start": 1, "lap_end": 1, "compound": "MEDIUM", "tyre_age_at_start": 0}, {"meeting_key": 1232, "session_key": 9496, "stint_number": 1, "driver_number": 81, "lap_start": 1, "lap_end": 1, "compound": "MEDIUM", "tyre_age_at_start": 0}, {"meeting_key": 1232, "session_key": 9496, "stint_number": 1, "driver_number": 63, "lap_start": 1, "lap_end": 1, "compound": "MEDIUM", "tyre_age_at_start": 0}, {"meeting_key": 1232, "session_key": 9496, "stint_number": 1, "driver_number": 3, "lap_start": null, "lap_end": null, "compound": "MEDIUM", "tyre_age_at_start": 0}, {"meeting_key": 1232, "session_key": 9496, "stint_number": 1, "driver_number": 4, "lap_start": 1, "lap_end": 1, "compound": "MEDIUM", "tyre_age_at_start": 0}, {"meeting_key": 1232, "session_key": 9496, "stint_number": 1, "driver_number": 44, "lap_start": 1, "lap_end": 1, "compound": "MEDIUM", "tyre_age_at_start": 0}, {"meeting_key": 1232, "session_key": 9496, "stint_number": 1, "driver_number": 22, "lap_start": 1, "lap_end": 1, "compound": "MEDIUM", "tyre_age_at_start": 0}, {"meeting_key": 1232, "session_key": 9496, "stint_number": 1, "driver_number": 24, "lap_start": 1, "lap_end": 1, "compound": "MEDIUM", "tyre_age_at_start": 0}, {"meeting_key": 1232, "session_key": 9496, "stint_number": 1, "driver_number": 77, "lap_start": 1, "lap_end": 1, "compound": "SOFT", "tyre_age_at_start": 0}, {"meeting_key": 1232, "session_key": 9496, "stint_number": 1, "driver_number": 10, "lap_start": 1, "lap_end": 1, "compound": "SOFT", "tyre_age_at_start": 0}, {"meeting_key": 1232, "session_key": 9496, "stint_number": 1, "driver_number": 23, "lap_start": null, "lap_end": null, "compound": "SOFT", "tyre_age_at_start": 0}, {"meeting_key": 1232, "session_key": 9496, "stint_number": 1, "driver_number": 14, "lap_start": 1, "lap_end": 1, "compound": "SOFT", "tyre_age_at_start": 0}, {"meeting_key": 1232, "session_key": 9496, "stint_number": 1, "driver_number": 27, "lap_start": 1, "lap_end": 1, "compound": "SOFT", "tyre_age_at_start": 0}, {"meeting_key": 1232, "session_key": 9496, "stint_number": 1, "driver_number": 18, "lap_start": 1, "lap_end": 1, "compound": "SOFT", "tyre_age_at_start": 0}, {"meeting_key": 1232, "session_key": 9496, "stint_number": 1, "driver_number": 11, "lap_start": 1, "lap_end": 1, "compound": "MEDIUM", "tyre_age_at_start": 0}, {"meeting_key": 1232, "session_key": 9496, "stint_number": 1, "driver_number": 16, "lap_start": 1, "lap_end": 1, "compound": "MEDIUM", "tyre_age_at_start": 0}, {"meeting_key": 1232, "session_key": 9496, "stint_number": 1, "driver_number": 31, "lap_start": 1, "lap_end": 1, "compound": "SOFT", "tyre_age_at_start": 0}, {"meeting_key": 1232, "session_key": 9496, "stint_number": 1, "driver_number": 2, "lap_start": 1, "lap_end": 1, "compound": "SOFT", "tyre_age_at_start": 0}, {"meeting_key": 1232, "session_key": 9496, "stint_number": 1, "driver_number": 20, "lap_start": 1, "lap_end": 1, "compound": "MEDIUM", "tyre_age_at_start": 0}, {"meeting_key": 1232, "session_key": 9496, "stint_number": 1, "driver_number": 55, "lap_start": 1, "lap_end": 1, "compound": "MEDIUM", "tyre_age_at_start": 0}, {"meeting_key": 1232, "session_key": 9496, "stint_number": 2, "driver_number": 1, "lap_start": 2, "lap_end": 16, "compound": "MEDIUM", "tyre_age_at_start": 1}, {"meeting_key": 1232, "session_key": 9496, "stint_number": 2, "driver_number": 11, "lap_start": 2, "lap_end": 15, "compound": "MEDIUM", "tyre_age_at_start": 1}, {"meeting_key": 1232, "session_key": 9496, "stint_number": 2, "driver_number": 4, "lap_start": 2, "lap_end": 11, "compound": "MEDIUM", "tyre_age_at_start": 0}, {"meeting_key": 1232, "session_key": 9496, "stint_number": 2, "driver_number": 55, "lap_start": 2, "lap_end": 15, "compound": "MEDIUM", "tyre_age_at_start": 0}, {"meeting_key": 1232, "session_key": 9496, "stint_number": 2, "driver_number": 14, "lap_start": 2, "lap_end": 13, "compound": "SOFT", "tyre_age_at_start": 1}, {"meeting_key": 1232, "session_key": 9496, "stint_number": 2, "driver_number": 81, "lap_start": 2, "lap_end": 12, "compound": "MEDIUM", "tyre_age_at_start": 1}, {"meeting_key": 1232, "session_key": 9496, "stint_number": 2, "driver_number": 44, "lap_start": 2, "lap_end": 23, "compound": "HARD", "tyre_age_at_start": 0}, {"meeting_key": 1232, "session_key": 9496, "stint_number": 2, "driver_number": 16, "lap_start": 2, "lap_end": 26, "compound": "MEDIUM", "tyre_age_at_start": 0}, {"meeting_key": 1232, "session_key": 9496, "stint_number": 2, "driver_number": 63, "lap_start": 2, "lap_end": 22, "compound": "HARD", "tyre_age_at_start": 0}, {"meeting_key": 1232, "session_key": 9496, "stint_number": 2, "driver_number": 77, "lap_start": 2, "lap_end": 6, "compound": "SOFT", "tyre_age_at_start": 0}, {"meeting_key": 1232, "session_key": 9496, "stint_number": 2, "driver_number": 27, "lap_start": 2, "lap_end": 5, "compound": "SOFT", "tyre_age_at_start": 1}, {"meeting_key": 1232, "session_key": 9496, "stint_number": 2, "driver_number": 22, "lap_start": 2, "lap_end": 7, "compound": "SOFT", "tyre_age_at_start": 0}, {"meeting_key": 1232, "session_key": 9496, "stint_number": 2, "driver_number": 31, "lap_start": 2, "lap_end": 19, "compound": "HARD", "tyre_age_at_start": 0}, {"meeting_key": 1232, "session_key": 9496, "stint_number": 2, "driver_number": 10, "lap_start": 2, "lap_end": 16, "compound": "HARD", "tyre_age_at_start": 0}, {"meeting_key": 1232, "session_key": 9496, "stint_number": 2, "driver_number": 18, "lap_start": 2, "lap_end": 12, "compound": "SOFT", "tyre_age_at_start": 0}, {"meeting_key": 1232, "session_key": 9496, "stint_number": 2, "driver_number": 20, "lap_start": 2, "lap_end": 22, "compound": "MEDIUM", "tyre_age_at_start": 0}, {"meeting_key": 1232, "session_key": 9496, "stint_number": 2, "driver_number": 2, "lap_start": 2, "lap_end": 22, "compound": "HARD", "tyre_age_at_start": 0}, {"meeting_key": 1232, "session_key": 9496, "stint_number": 2, "driver_number": 24, "lap_start": 2, "lap_end": 7, "compound": "SOFT", "tyre_age_at_start": 0}, {"meeting_key": 1232, "session_key": 9496, "stint_number": 3, "driver_number": 27, "lap_start": 6, "lap_end": 33, "compound": "HARD", "tyre_age_at_start": 0}, {"meeting_key": 1232, "session_key": 9496, "stint_number": 3, "driver_number": 77, "lap_start": 7, "lap_end": 22, "compound": "HARD", "tyre_age_at_start": 0}, {"meeting_key": 1232, "session_key": 9496, "stint_number": 3, "driver_number": 22, "lap_start": 8, "lap_end": 22, "compound": "HARD", "tyre_age_at_start": 0}, {"meeting_key": 1232, "session_key": 9496, "stint_number": 3, "driver_number": 24, "lap_start": 8, "lap_end": 11, "compound": "HARD", "tyre_age_at_start": 0}, {"meeting_key": 1232, "session_key": 9496, "stint_number": 3, "driver_number": 4, "lap_start": 12, "lap_end": 26, "compound": "HARD", "tyre_age_at_start": 0}, {"meeting_key": 1232, "session_key": 9496, "stint_number": 4, "driver_number": 24, "lap_start": 12, "lap_end": 12, "compound": "HARD", "tyre_age_at_start": 4}, {"meeting_key": 1232, "session_key": 9496, "stint_number": 3, "driver_number": 81, "lap_start": 13, "lap_end": 32, "compound": "HARD", "tyre_age_at_start": 0}, {"meeting_key": 1232, "session_key": 9496, "stint_number": 3, "driver_number": 18, "lap_start": 13, "lap_end": 22, "compound": "MEDIUM", "tyre_age_at_start": 0}, {"meeting_key": 1232, "session_key": 9496, "stint_number": 3, "driver_number": 14, "lap_start": 14, "lap_end": 33, "compound": "MEDIUM", "tyre_age_at_start": 0}, {"meeting_key": 1232, "session_key": 9496, "stint_number": 3, "driver_number": 11, "lap_start": 16, "lap_end": 33, "compound": "MEDIUM", "tyre_age_at_start": 0}, {"meeting_key": 1232, "session_key": 9496, "stint_number": 3, "driver_number": 55, "lap_start": 16, "lap_end": 36, "compound": "MEDIUM", "tyre_age_at_start": 1}, {"meeting_key": 1232, "session_key": 9496, "stint_number": 3, "driver_number": 1, "lap_start": 17, "lap_end": 34, "compound": "MEDIUM", "tyre_age_at_start": 0}, {"meeting_key": 1232, "session_key": 9496, "stint_number": 3, "driver_number": 10, "lap_start": 17, "lap_end": 32, "compound": "MEDIUM", "tyre_age_at_start": 0}, {"meeting_key": 1232, "session_key": 9496, "stint_number": 3, "driver_number": 31, "lap_start": 20, "lap_end": 33, "compound": "HARD", "tyre_age_at_start": 0}, {"meeting_key": 1232, "session_key": 9496, "stint_number": 3, "driver_number": 63, "lap_start": 23, "lap_end": 37, "compound": "HARD", "tyre_age_at_start": 0}, {"meeting_key": 1232, "session_key": 9496, "stint_number": 4, "driver_number": 22, "lap_start": 23, "lap_end": 52, "compound": "HARD", "tyre_age_at_start": 0}, {"meeting_key": 1232, "session_key": 9496, "stint_number": 4, "driver_number": 77, "lap_start": 23, "lap_end": 52, "compound": "HARD", "tyre_age_at_start": 0}, {"meeting_key": 1232, "session_key": 9496, "stint_number": 3, "driver_number": 20, "lap_start": 23, "lap_end": 52, "compound": "HARD", "tyre_age_at_start": 0}, {"meeting_key": 1232, "session_key": 9496, "stint_number": 3, "driver_number": 2, "lap_start": 23, "lap_end": 34, "compound": "HARD", "tyre_age_at_start": 0}, {"meeting_key": 1232, "session_key": 9496, "stint_number": 4, "driver_number": 18, "lap_start": 23, "lap_end": 34, "compound": "HARD", "tyre_age_at_start": 0}, {"meeting_key": 1232, "session_key": 9496, "stint_number": 3, "driver_number": 44, "lap_start": 24, "lap_end": 39, "compound": "HARD", "tyre_age_at_start": 0}, {"meeting_key": 1232, "session_key": 9496, "stint_number": 3, "driver_number": 16, "lap_start": 27, "lap_end": 53, "compound": "HARD", "tyre_age_at_start": 0}, {"meeting_key": 1232, "session_key": 9496, "stint_number": 4, "driver_number": 4, "lap_start": 27, "lap_end": 53, "compound": "HARD", "tyre_age_at_start": 0}, {"meeting_key": 1232, "session_key": 9496, "stint_number": 4, "driver_number": 81, "lap_start": 33, "lap_end": 53, "compound": "HARD", "tyre_age_at_start": 0}, {"meeting_key": 1232, "session_key": 9496, "stint_number": 4, "driver_number": 10, "lap_start": 33, "lap_end": 52, "compound": "HARD", "tyre_age_at_start": 0}, {"meeting_key": 1232, "session_key": 9496, "stint_number": 4, "driver_number": 11, "lap_start": 34, "lap_end": 53, "compound": "HARD", "tyre_age_at_start": 0}, {"meeting_key": 1232, "session_key": 9496, "stint_number": 4, "driver_number": 14, "lap_start": 34, "lap_end": 53, "compound": "HARD", "tyre_age_at_start": 0}, {"meeting_key": 1232, "session_key": 9496, "stint_number": 4, "driver_number": 27, "lap_start": 34, "lap_end": 52, "compound": "HARD", "tyre_age_at_start": 0}, {"meeting_key": 1232, "session_key": 9496, "stint_number": 4, "driver_number": 31, "lap_start": 34, "lap_end": 52, "compound": "MEDIUM", "tyre_age_at_start": 0}, {"meeting_key": 1232, "session_key": 9496, "stint_number": 4, "driver_number": 1, "lap_start": 35, "lap_end": 53, "compound": "HARD", "tyre_age_at_start": 0}, {"meeting_key": 1232, "session_key": 9496, "stint_number": 5, "driver_number": 18, "lap_start": 35, "lap_end": 52, "compound": "SOFT", "tyre_age_at_start": 0}, {"meeting_key": 1232, "session_key": 9496, "stint_number": 4, "driver_number": 2, "lap_start": 35, "lap_end": 41, "compound": "MEDIUM", "tyre_age_at_start": 0}, {"meeting_key": 1232, "session_key": 9496, "stint_number": 4, "driver_number": 55, "lap_start": 37, "lap_end": 53, "compound": "HARD", "tyre_age_at_start": 0}, {"meeting_key": 1232, "session_key": 9496, "stint_number": 4, "driver_number": 63, "lap_start": 38, "lap_end": 53, "compound": "MEDIUM", "tyre_age_at_start": 1}, {"meeting_key": 1232, "session_key": 9496, "stint_number": 4, "driver_number": 44, "lap_start": 40, "lap_end": 53, "compound": "MEDIUM", "tyre_age_at_start": 0}, {"meeting_key": 1232, "session_key": 9496, "stint_number": 5, "driver_number": 2, "lap_start": 42, "lap_end": 52, "compound": "SOFT", "tyre_age_at_start": 0}]