[{"meeting_key": 1277, "session_key": 9947, "stint_number": 1, "driver_number": 30, "lap_start": 1, "lap_end": 1, "compound": "INTERMEDIATE", "tyre_age_at_start": 0}, {"meeting_key": 1277, "session_key": 9947, "stint_number": 1, "driver_number": 43, "lap_start": 1, "lap_end": 1, "compound": "HARD", "tyre_age_at_start": 0}, {"meeting_key": 1277, "session_key": 9947, "stint_number": 1, "driver_number": 12, "lap_start": 1, "lap_end": 2, "compound": "INTERMEDIATE", "tyre_age_at_start": 0}, {"meeting_key": 1277, "session_key": 9947, "stint_number": 1, "driver_number": 5, "lap_start": 1, "lap_end": 3, "compound": "MEDIUM", "tyre_age_at_start": 0}, {"meeting_key": 1277, "session_key": 9947, "stint_number": 1, "driver_number": 18, "lap_start": 1, "lap_end": 6, "compound": "INTERMEDIATE", "tyre_age_at_start": 0}, {"meeting_key": 1277, "session_key": 9947, "stint_number": 1, "driver_number": 27, "lap_start": 1, "lap_end": 9, "compound": "INTERMEDIATE", "tyre_age_at_start": 0}, {"meeting_key": 1277, "session_key": 9947, "stint_number": 2, "driver_number": 12, "lap_start": 3, "lap_end": 9, "compound": "HARD", "tyre_age_at_start": 0}, {"meeting_key": 1277, "session_key": 9947, "stint_number": 2, "driver_number": 18, "lap_start": 7, "lap_end": 10, "compound": "SOFT", "tyre_age_at_start": 0}, {"meeting_key": 1277, "session_key": 9947, "stint_number": 1, "driver_number": 63, "lap_start": 1, "lap_end": 10, "compound": "HARD", "tyre_age_at_start": 0}, {"meeting_key": 1277, "session_key": 9947, "stint_number": 1, "driver_number": 16, "lap_start": 1, "lap_end": 10, "compound": "MEDIUM", "tyre_age_at_start": 0}, {"meeting_key": 1277, "session_key": 9947, "stint_number": 1, "driver_number": 6, "lap_start": 1, "lap_end": 10, "compound": "MEDIUM", "tyre_age_at_start": 0}, {"meeting_key": 1277, "session_key": 9947, "stint_number": 1, "driver_number": 87, "lap_start": 1, "lap_end": 10, "compound": "HARD", "tyre_age_at_start": 0}, {"meeting_key": 1277, "session_key": 9947, "stint_number": 1, "driver_number": 81, "lap_start": 1, "lap_end": 11, "compound": "INTERMEDIATE", "tyre_age_at_start": 0}, {"meeting_key": 1277, "session_key": 9947, "stint_number": 1, "driver_number": 4, "lap_start": 1, "lap_end": 11, "compound": "INTERMEDIATE", "tyre_age_at_start": 0}, {"meeting_key": 1277, "session_key": 9947, "stint_number": 1, "driver_number": 1, "lap_start": 1, "lap_end": 11, "compound": "INTERMEDIATE", "tyre_age_at_start": 0}, {"meeting_key": 1277, "session_key": 9947, "stint_number": 1, "driver_number": 44, "lap_start": 1, "lap_end": 11, "compound": "INTERMEDIATE", "tyre_age_at_start": 0}, {"meeting_key": 1277, "session_key": 9947, "stint_number": 1, "driver_number": 10, "lap_start": 1, "lap_end": 11, "compound": "INTERMEDIATE", "tyre_age_at_start": 0}, {"meeting_key": 1277, "session_key": 9947, "stint_number": 1, "driver_number": 14, "lap_start": 1, "lap_end": 11, "compound": "INTERMEDIATE", "tyre_age_at_start": 0}, {"meeting_key": 1277, "session_key": 9947, "stint_number": 1, "driver_number": 55, "lap_start": 1, "lap_end": 11, "compound": "INTERMEDIATE", "tyre_age_at_start": 0}, {"meeting_key": 1277, "session_key": 9947, "stint_number": 1, "driver_number": 22, "lap_start": 1, "lap_end": 11, "compound": "INTERMEDIATE", "tyre_age_at_start": 0}, {"meeting_key": 1277, "session_key": 9947, "stint_number": 1, "driver_number": 23, "lap_start": 1, "lap_end": 12, "compound": "INTERMEDIATE", "tyre_age_at_start": 0}, {"meeting_key": 1277, "session_key": 9947, "stint_number": 2, "driver_number": 6, "lap_start": 11, "lap_end": 17, "compound": "INTERMEDIATE", "tyre_age_at_start": 0}, {"meeting_key": 1277, "session_key": 9947, "stint_number": 1, "driver_number": 31, "lap_start": 1, "lap_end": 18, "compound": "INTERMEDIATE", "tyre_age_at_start": 0}, {"meeting_key": 1277, "session_key": 9947, "stint_number": 3, "driver_number": 12, "lap_start": 10, "lap_end": 20, "compound": "INTERMEDIATE", "tyre_age_at_start": 0}, {"meeting_key": 1277, "session_key": 9947, "stint_number": 4, "driver_number": 12, "lap_start": 21, "lap_end": 23, "compound": "INTERMEDIATE", "tyre_age_at_start": 0}, {"meeting_key": 1277, "session_key": 9947, "stint_number": 2, "driver_number": 14, "lap_start": 12, "lap_end": 37, "compound": "INTERMEDIATE", "tyre_age_at_start": 0}, {"meeting_key": 1277, "session_key": 9947, "stint_number": 2, "driver_number": 63, "lap_start": 11, "lap_end": 38, "compound": "INTERMEDIATE", "tyre_age_at_start": 0}, {"meeting_key": 1277, "session_key": 9947, "stint_number": 2, "driver_number": 44, "lap_start": 12, "lap_end": 41, "compound": "INTERMEDIATE", "tyre_age_at_start": 0}, {"meeting_key": 1277, "session_key": 9947, "stint_number": 3, "driver_number": 18, "lap_start": 11, "lap_end": 41, "compound": "INTERMEDIATE", "tyre_age_at_start": 0}, {"meeting_key": 1277, "session_key": 9947, "stint_number": 2, "driver_number": 1, "lap_start": 12, "lap_end": 41, "compound": "INTERMEDIATE", "tyre_age_at_start": 0}, {"meeting_key": 1277, "session_key": 9947, "stint_number": 2, "driver_number": 10, "lap_start": 12, "lap_end": 41, "compound": "INTERMEDIATE", "tyre_age_at_start": 0}, {"meeting_key": 1277, "session_key": 9947, "stint_number": 2, "driver_number": 55, "lap_start": 12, "lap_end": 41, "compound": "INTERMEDIATE", "tyre_age_at_start": 0}, {"meeting_key": 1277, "session_key": 9947, "stint_number": 2, "driver_number": 87, "lap_start": 11, "lap_end": 41, "compound": "INTERMEDIATE", "tyre_age_at_start": 0}, {"meeting_key": 1277, "session_key": 9947, "stint_number": 2, "driver_number": 22, "lap_start": 12, "lap_end": 41, "compound": "INTERMEDIATE", "tyre_age_at_start": 0}, {"meeting_key": 1277, "session_key": 9947, "stint_number": 2, "driver_number": 27, "lap_start": 10, "lap_end": 42, "compound": "INTERMEDIATE", "tyre_age_at_start": 0}, {"meeting_key": 1277, "session_key": 9947, "stint_number": 2, "driver_number": 16, "lap_start": 11, "lap_end": 42, "compound": "INTERMEDIATE", "tyre_age_at_start": 0}, {"meeting_key": 1277, "session_key": 9947, "stint_number": 2, "driver_number": 23, "lap_start": 13, "lap_end": 42, "compound": "INTERMEDIATE", "tyre_age_at_start": 0}, {"meeting_key": 1277, "session_key": 9947, "stint_number": 2, "driver_number": 31, "lap_start": 19, "lap_end": 42, "compound": "INTERMEDIATE", "tyre_age_at_start": 0}, {"meeting_key": 1277, "session_key": 9947, "stint_number": 2, "driver_number": 81, "lap_start": 12, "lap_end": 43, "compound": "INTERMEDIATE", "tyre_age_at_start": 0}, {"meeting_key": 1277, "session_key": 9947, "stint_number": 2, "driver_number": 4, "lap_start": 12, "lap_end": 44, "compound": "INTERMEDIATE", "tyre_age_at_start": 0}, {"meeting_key": 1277, "session_key": 9947, "stint_number": 3, "driver_number": 4, "lap_start": 45, "lap_end": 52, "compound": "MEDIUM", "tyre_age_at_start": 0}, {"meeting_key": 1277, "session_key": 9947, "stint_number": 3, "driver_number": 81, "lap_start": 44, "lap_end": 52, "compound": "MEDIUM", "tyre_age_at_start": 0}, {"meeting_key": 1277, "session_key": 9947, "stint_number": 3, "driver_number": 22, "lap_start": 42, "lap_end": 51, "compound": "MEDIUM", "tyre_age_at_start": 0}, {"meeting_key": 1277, "session_key": 9947, "stint_number": 3, "driver_number": 27, "lap_start": 43, "lap_end": 52, "compound": "MEDIUM", "tyre_age_at_start": 0}, {"meeting_key": 1277, "session_key": 9947, "stint_number": 3, "driver_number": 44, "lap_start": 42, "lap_end": 52, "compound": "SOFT", "tyre_age_at_start": 3}, {"meeting_key": 1277, "session_key": 9947, "stint_number": 3, "driver_number": 1, "lap_start": 42, "lap_end": 52, "compound": "MEDIUM", "tyre_age_at_start": 0}, {"meeting_key": 1277, "session_key": 9947, "stint_number": 3, "driver_number": 10, "lap_start": 42, "lap_end": 52, "compound": "MEDIUM", "tyre_age_at_start": 0}, {"meeting_key": 1277, "session_key": 9947, "stint_number": 4, "driver_number": 18, "lap_start": 42, "lap_end": 52, "compound": "SOFT", "tyre_age_at_start": 0}, {"meeting_key": 1277, "session_key": 9947, "stint_number": 3, "driver_number": 23, "lap_start": 43, "lap_end": 52, "compound": "MEDIUM", "tyre_age_at_start": 0}, {"meeting_key": 1277, "session_key": 9947, "stint_number": 3, "driver_number": 14, "lap_start": 38, "lap_end": 52, "compound": "MEDIUM", "tyre_age_at_start": 1}, {"meeting_key": 1277, "session_key": 9947, "stint_number": 3, "driver_number": 63, "lap_start": 39, "lap_end": 52, "compound": "HARD", "tyre_age_at_start": 0}, {"meeting_key": 1277, "session_key": 9947, "stint_number": 3, "driver_number": 87, "lap_start": 42, "lap_end": 52, "compound": "MEDIUM", "tyre_age_at_start": 0}, {"meeting_key": 1277, "session_key": 9947, "stint_number": 3, "driver_number": 55, "lap_start": 42, "lap_end": 52, "compound": "MEDIUM", "tyre_age_at_start": 0}, {"meeting_key": 1277, "session_key": 9947, "stint_number": 3, "driver_number": 31, "lap_start": 43, "lap_end": 52, "compound": "MEDIUM", "tyre_age_at_start": 0}, {"meeting_key": 1277, "session_key": 9947, "stint_number": 3, "driver_number": 16, "lap_start": 43, "lap_end": 52, "compound": "SOFT", "tyre_age_at_start": 3}]