[{"meeting_key": 1258, "session_key": 10022, "stint_number": 1, "driver_number": 10, "lap_start": null, "lap_end": null, "compound": "MEDIUM", "tyre_age_at_start": 0}, {"meeting_key": 1258, "session_key": 10022, "stint_number": 1, "driver_number": 7, "lap_start": 1, "lap_end": 1, "compound": "MEDIUM", "tyre_age_at_start": 0}, {"meeting_key": 1258, "session_key": 10022, "stint_number": 1, "driver_number": 31, "lap_start": 1, "lap_end": 1, "compound": "MEDIUM", "tyre_age_at_start": 0}, {"meeting_key": 1258, "session_key": 10022, "stint_number": 1, "driver_number": 5, "lap_start": 1, "lap_end": 1, "compound": "MEDIUM", "tyre_age_at_start": 0}, {"meeting_key": 1258, "session_key": 10022, "stint_number": 1, "driver_number": 22, "lap_start": 1, "lap_end": 1, "compound": "MEDIUM", "tyre_age_at_start": 0}, {"meeting_key": 1258, "session_key": 10022, "stint_number": 1, "driver_number": 87, "lap_start": 1, "lap_end": 18, "compound": "MEDIUM", "tyre_age_at_start": 0}, {"meeting_key": 1258, "session_key": 10022, "stint_number": 1, "driver_number": 81, "lap_start": 1, "lap_end": 19, "compound": "MEDIUM", "tyre_age_at_start": 0}, {"meeting_key": 1258, "session_key": 10022, "stint_number": 1, "driver_number": 12, "lap_start": 1, "lap_end": 19, "compound": "MEDIUM", "tyre_age_at_start": 0}, {"meeting_key": 1258, "session_key": 10022, "stint_number": 1, "driver_number": 14, "lap_start": 1, "lap_end": 19, "compound": "MEDIUM", "tyre_age_at_start": 1}, {"meeting_key": 1258, "session_key": 10022, "stint_number": 1, "driver_number": 63, "lap_start": 1, "lap_end": 20, "compound": "MEDIUM", "tyre_age_at_start": 0}, {"meeting_key": 1258, "session_key": 10022, "stint_number": 1, "driver_number": 30, "lap_start": 1, "lap_end": 20, "compound": "MEDIUM", "tyre_age_at_start": 0}, {"meeting_key": 1258, "session_key": 10022, "stint_number": 1, "driver_number": 1, "lap_start": 1, "lap_end": 21, "compound": "MEDIUM", "tyre_age_at_start": 0}, {"meeting_key": 1258, "session_key": 10022, "stint_number": 1, "driver_number": 55, "lap_start": 1, "lap_end": 21, "compound": "MEDIUM", "tyre_age_at_start": 0}, {"meeting_key": 1258, "session_key": 10022, "stint_number": 1, "driver_number": 23, "lap_start": 1, "lap_end": 22, "compound": "MEDIUM", "tyre_age_at_start": 0}, {"meeting_key": 1258, "session_key": 10022, "stint_number": 1, "driver_number": 44, "lap_start": 1, "lap_end": 23, "compound": "MEDIUM", "tyre_age_at_start": 0}, {"meeting_key": 1258, "session_key": 10022, "stint_number": 1, "driver_number": 16, "lap_start": 1, "lap_end": 29, "compound": "MEDIUM", "tyre_age_at_start": 0}, {"meeting_key": 1258, "session_key": 10022, "stint_number": 2, "driver_number": 7, "lap_start": 2, "lap_end": 32, "compound": "HARD", "tyre_age_at_start": 0}, {"meeting_key": 1258, "session_key": 10022, "stint_number": 1, "driver_number": 27, "lap_start": 1, "lap_end": 33, "compound": "HARD", "tyre_age_at_start": 0}, {"meeting_key": 1258, "session_key": 10022, "stint_number": 1, "driver_number": 4, "lap_start": 1, "lap_end": 34, "compound": "HARD", "tyre_age_at_start": 0}, {"meeting_key": 1258, "session_key": 10022, "stint_number": 1, "driver_number": 6, "lap_start": 1, "lap_end": 34, "compound": "HARD", "tyre_age_at_start": 0}, {"meeting_key": 1258, "session_key": 10022, "stint_number": 1, "driver_number": 18, "lap_start": 1, "lap_end": 39, "compound": "HARD", "tyre_age_at_start": 1}, {"meeting_key": 1258, "session_key": 10022, "stint_number": 2, "driver_number": 81, "lap_start": 20, "lap_end": 50, "compound": "HARD", "tyre_age_at_start": 0}, {"meeting_key": 1258, "session_key": 10022, "stint_number": 2, "driver_number": 1, "lap_start": 22, "lap_end": 50, "compound": "HARD", "tyre_age_at_start": 0}, {"meeting_key": 1258, "session_key": 10022, "stint_number": 2, "driver_number": 27, "lap_start": 34, "lap_end": 49, "compound": "MEDIUM", "tyre_age_at_start": 0}, {"meeting_key": 1258, "session_key": 10022, "stint_number": 2, "driver_number": 18, "lap_start": 40, "lap_end": 49, "compound": "MEDIUM", "tyre_age_at_start": 1}, {"meeting_key": 1258, "session_key": 10022, "stint_number": 2, "driver_number": 16, "lap_start": 30, "lap_end": 50, "compound": "HARD", "tyre_age_at_start": 0}, {"meeting_key": 1258, "session_key": 10022, "stint_number": 2, "driver_number": 4, "lap_start": 35, "lap_end": 50, "compound": "MEDIUM", "tyre_age_at_start": 0}, {"meeting_key": 1258, "session_key": 10022, "stint_number": 3, "driver_number": 7, "lap_start": 33, "lap_end": 49, "compound": "HARD", "tyre_age_at_start": 0}, {"meeting_key": 1258, "session_key": 10022, "stint_number": 2, "driver_number": 5, "lap_start": 2, "lap_end": 49, "compound": "HARD", "tyre_age_at_start": 0}, {"meeting_key": 1258, "session_key": 10022, "stint_number": 2, "driver_number": 63, "lap_start": 21, "lap_end": 50, "compound": "HARD", "tyre_age_at_start": 0}, {"meeting_key": 1258, "session_key": 10022, "stint_number": 2, "driver_number": 12, "lap_start": 20, "lap_end": 50, "compound": "HARD", "tyre_age_at_start": 0}, {"meeting_key": 1258, "session_key": 10022, "stint_number": 2, "driver_number": 44, "lap_start": 24, "lap_end": 50, "compound": "HARD", "tyre_age_at_start": 0}, {"meeting_key": 1258, "session_key": 10022, "stint_number": 2, "driver_number": 55, "lap_start": 22, "lap_end": 50, "compound": "HARD", "tyre_age_at_start": 0}, {"meeting_key": 1258, "session_key": 10022, "stint_number": 2, "driver_number": 23, "lap_start": 23, "lap_end": 50, "compound": "HARD", "tyre_age_at_start": 0}, {"meeting_key": 1258, "session_key": 10022, "stint_number": 2, "driver_number": 6, "lap_start": 35, "lap_end": 50, "compound": "MEDIUM", "tyre_age_at_start": 0}, {"meeting_key": 1258, "session_key": 10022, "stint_number": 2, "driver_number": 30, "lap_start": 21, "lap_end": 50, "compound": "HARD", "tyre_age_at_start": 1}, {"meeting_key": 1258, "session_key": 10022, "stint_number": 2, "driver_number": 14, "lap_start": 20, "lap_end": 50, "compound": "HARD", "tyre_age_at_start": 1}, {"meeting_key": 1258, "session_key": 10022, "stint_number": 2, "driver_number": 87, "lap_start": 19, "lap_end": 50, "compound": "HARD", "tyre_age_at_start": 0}, {"meeting_key": 1258, "session_key": 10022, "stint_number": 2, "driver_number": 31, "lap_start": 2, "lap_end": 50, "compound": "HARD", "tyre_age_at_start": 0}]