[{"meeting_key": 1246, "session_key": 9606, "stint_number": 1, "driver_number": 31, "lap_start": 1, "lap_end": 29, "compound": "MEDIUM", "tyre_age_at_start": 0}, {"meeting_key": 1246, "session_key": 9606, "stint_number": 1, "driver_number": 22, "lap_start": 1, "lap_end": 33, "compound": "MEDIUM", "tyre_age_at_start": 0}, {"meeting_key": 1246, "session_key": 9606, "stint_number": 1, "driver_number": 11, "lap_start": 1, "lap_end": 28, "compound": "MEDIUM", "tyre_age_at_start": 0}, {"meeting_key": 1246, "session_key": 9606, "stint_number": 1, "driver_number": 44, "lap_start": 1, "lap_end": 17, "compound": "SOFT", "tyre_age_at_start": 2}, {"meeting_key": 1246, "session_key": 9606, "stint_number": 1, "driver_number": 10, "lap_start": 1, "lap_end": 37, "compound": "MEDIUM", "tyre_age_at_start": 0}, {"meeting_key": 1246, "session_key": 9606, "stint_number": 1, "driver_number": 1, "lap_start": 1, "lap_end": 29, "compound": "MEDIUM", "tyre_age_at_start": 0}, {"meeting_key": 1246, "session_key": 9606, "stint_number": 1, "driver_number": 14, "lap_start": 1, "lap_end": 25, "compound": "MEDIUM", "tyre_age_at_start": 1}, {"meeting_key": 1246, "session_key": 9606, "stint_number": 1, "driver_number": 18, "lap_start": 1, "lap_end": 26, "compound": "HARD", "tyre_age_at_start": 1}, {"meeting_key": 1246, "session_key": 9606, "stint_number": 1, "driver_number": 16, "lap_start": 1, "lap_end": 36, "compound": "MEDIUM", "tyre_age_at_start": 0}, {"meeting_key": 1246, "session_key": 9606, "stint_number": 1, "driver_number": 20, "lap_start": 1, "lap_end": 28, "compound": "HARD", "tyre_age_at_start": 0}, {"meeting_key": 1246, "session_key": 9606, "stint_number": 1, "driver_number": 55, "lap_start": 1, "lap_end": 13, "compound": "MEDIUM", "tyre_age_at_start": 0}, {"meeting_key": 1246, "session_key": 9606, "stint_number": 1, "driver_number": 77, "lap_start": 1, "lap_end": 33, "compound": "HARD", "tyre_age_at_start": 0}, {"meeting_key": 1246, "session_key": 9606, "stint_number": 1, "driver_number": 4, "lap_start": 1, "lap_end": 30, "compound": "MEDIUM", "tyre_age_at_start": 0}, {"meeting_key": 1246, "session_key": 9606, "stint_number": 1, "driver_number": 24, "lap_start": 1, "lap_end": 34, "compound": "HARD", "tyre_age_at_start": 0}, {"meeting_key": 1246, "session_key": 9606, "stint_number": 1, "driver_number": 81, "lap_start": 1, "lap_end": 38, "compound": "MEDIUM", "tyre_age_at_start": 0}, {"meeting_key": 1246, "session_key": 9606, "stint_number": 1, "driver_number": 3, "lap_start": 1, "lap_end": 10, "compound": "SOFT", "tyre_age_at_start": 0}, {"meeting_key": 1246, "session_key": 9606, "stint_number": 1, "driver_number": 23, "lap_start": 1, "lap_end": 11, "compound": "MEDIUM", "tyre_age_at_start": 0}, {"meeting_key": 1246, "session_key": 9606, "stint_number": 1, "driver_number": 43, "lap_start": 1, "lap_end": 29, "compound": "MEDIUM", "tyre_age_at_start": 0}, {"meeting_key": 1246, "session_key": 9606, "stint_number": 1, "driver_number": 27, "lap_start": 1, "lap_end": 29, "compound": "MEDIUM", "tyre_age_at_start": 0}, {"meeting_key": 1246, "session_key": 9606, "stint_number": 1, "driver_number": 63, "lap_start": 1, "lap_end": 27, "compound": "MEDIUM", "tyre_age_at_start": 0}, {"meeting_key": 1246, "session_key": 9606, "stint_number": 2, "driver_number": 3, "lap_start": 11, "lap_end": 46, "compound": "MEDIUM", "tyre_age_at_start": 0}, {"meeting_key": 1246, "session_key": 9606, "stint_number": 2, "driver_number": 23, "lap_start": 12, "lap_end": 15, "compound": "HARD", "tyre_age_at_start": 0}, {"meeting_key": 1246, "session_key": 9606, "stint_number": 2, "driver_number": 55, "lap_start": 14, "lap_end": 62, "compound": "HARD", "tyre_age_at_start": 0}, {"meeting_key": 1246, "session_key": 9606, "stint_number": 2, "driver_number": 44, "lap_start": 18, "lap_end": 62, "compound": "HARD", "tyre_age_at_start": 0}, {"meeting_key": 1246, "session_key": 9606, "stint_number": 2, "driver_number": 14, "lap_start": 26, "lap_end": 61, "compound": "HARD", "tyre_age_at_start": 1}, {"meeting_key": 1246, "session_key": 9606, "stint_number": 2, "driver_number": 18, "lap_start": 27, "lap_end": 61, "compound": "MEDIUM", "tyre_age_at_start": 1}, {"meeting_key": 1246, "session_key": 9606, "stint_number": 2, "driver_number": 63, "lap_start": 28, "lap_end": 62, "compound": "HARD", "tyre_age_at_start": 0}, {"meeting_key": 1246, "session_key": 9606, "stint_number": 2, "driver_number": 11, "lap_start": 29, "lap_end": 61, "compound": "HARD", "tyre_age_at_start": 0}, {"meeting_key": 1246, "session_key": 9606, "stint_number": 2, "driver_number": 20, "lap_start": 29, "lap_end": 49, "compound": "MEDIUM", "tyre_age_at_start": 0}, {"meeting_key": 1246, "session_key": 9606, "stint_number": 2, "driver_number": 1, "lap_start": 30, "lap_end": 62, "compound": "HARD", "tyre_age_at_start": 0}, {"meeting_key": 1246, "session_key": 9606, "stint_number": 2, "driver_number": 43, "lap_start": 30, "lap_end": 61, "compound": "HARD", "tyre_age_at_start": 0}, {"meeting_key": 1246, "session_key": 9606, "stint_number": 2, "driver_number": 27, "lap_start": 30, "lap_end": 61, "compound": "HARD", "tyre_age_at_start": 0}, {"meeting_key": 1246, "session_key": 9606, "stint_number": 2, "driver_number": 31, "lap_start": 30, "lap_end": 61, "compound": "HARD", "tyre_age_at_start": 0}, {"meeting_key": 1246, "session_key": 9606, "stint_number": 2, "driver_number": 4, "lap_start": 31, "lap_end": 62, "compound": "HARD", "tyre_age_at_start": 0}, {"meeting_key": 1246, "session_key": 9606, "stint_number": 2, "driver_number": 22, "lap_start": 34, "lap_end": 61, "compound": "SOFT", "tyre_age_at_start": 0}, {"meeting_key": 1246, "session_key": 9606, "stint_number": 2, "driver_number": 77, "lap_start": 34, "lap_end": 61, "compound": "MEDIUM", "tyre_age_at_start": 0}, {"meeting_key": 1246, "session_key": 9606, "stint_number": 2, "driver_number": 24, "lap_start": 35, "lap_end": 61, "compound": "MEDIUM", "tyre_age_at_start": 0}, {"meeting_key": 1246, "session_key": 9606, "stint_number": 2, "driver_number": 16, "lap_start": 37, "lap_end": 62, "compound": "HARD", "tyre_age_at_start": 0}, {"meeting_key": 1246, "session_key": 9606, "stint_number": 2, "driver_number": 10, "lap_start": 38, "lap_end": 61, "compound": "SOFT", "tyre_age_at_start": 0}, {"meeting_key": 1246, "session_key": 9606, "stint_number": 2, "driver_number": 81, "lap_start": 39, "lap_end": 62, "compound": "HARD", "tyre_age_at_start": 0}, {"meeting_key": 1246, "session_key": 9606, "stint_number": 3, "driver_number": 3, "lap_start": 47, "lap_end": 58, "compound": "SOFT", "tyre_age_at_start": 0}, {"meeting_key": 1246, "session_key": 9606, "stint_number": 3, "driver_number": 20, "lap_start": 50, "lap_end": 57, "compound": "SOFT", "tyre_age_at_start": 0}, {"meeting_key": 1246, "session_key": 9606, "stint_number": 4, "driver_number": 3, "lap_start": 59, "lap_end": 61, "compound": "SOFT", "tyre_age_at_start": 3}]