[{"meeting_key": 1241, "session_key": 9566, "stint_number": 1, "driver_number": 77, "lap_start": 1, "lap_end": 16, "compound": "MEDIUM", "tyre_age_at_start": 1}, {"meeting_key": 1241, "session_key": 9566, "stint_number": 1, "driver_number": 63, "lap_start": 1, "lap_end": 33, "compound": "HARD", "tyre_age_at_start": 0}, {"meeting_key": 1241, "session_key": 9566, "stint_number": 1, "driver_number": 1, "lap_start": 1, "lap_end": 21, "compound": "MEDIUM", "tyre_age_at_start": 0}, {"meeting_key": 1241, "session_key": 9566, "stint_number": 1, "driver_number": 27, "lap_start": 1, "lap_end": 2, "compound": "MEDIUM", "tyre_age_at_start": 0}, {"meeting_key": 1241, "session_key": 9566, "stint_number": 1, "driver_number": 22, "lap_start": 1, "lap_end": 29, "compound": "MEDIUM", "tyre_age_at_start": 0}, {"meeting_key": 1241, "session_key": 9566, "stint_number": 1, "driver_number": 2, "lap_start": 1, "lap_end": 8, "compound": "MEDIUM", "tyre_age_at_start": 0}, {"meeting_key": 1241, "session_key": 9566, "stint_number": 1, "driver_number": 3, "lap_start": 1, "lap_end": 7, "compound": "MEDIUM", "tyre_age_at_start": 0}, {"meeting_key": 1241, "session_key": 9566, "stint_number": 1, "driver_number": 23, "lap_start": 1, "lap_end": 6, "compound": "SOFT", "tyre_age_at_start": 0}, {"meeting_key": 1241, "session_key": 9566, "stint_number": 1, "driver_number": 18, "lap_start": 1, "lap_end": 14, "compound": "SOFT", "tyre_age_at_start": 3}, {"meeting_key": 1241, "session_key": 9566, "stint_number": 1, "driver_number": 4, "lap_start": 1, "lap_end": 17, "compound": "MEDIUM", "tyre_age_at_start": 0}, {"meeting_key": 1241, "session_key": 9566, "stint_number": 1, "driver_number": 44, "lap_start": 1, "lap_end": 16, "compound": "MEDIUM", "tyre_age_at_start": 0}, {"meeting_key": 1241, "session_key": 9566, "stint_number": 1, "driver_number": 24, "lap_start": 1, "lap_end": 7, "compound": "MEDIUM", "tyre_age_at_start": 1}, {"meeting_key": 1241, "session_key": 9566, "stint_number": 1, "driver_number": 14, "lap_start": 1, "lap_end": 7, "compound": "SOFT", "tyre_age_at_start": 2}, {"meeting_key": 1241, "session_key": 9566, "stint_number": 1, "driver_number": 20, "lap_start": 1, "lap_end": 6, "compound": "SOFT", "tyre_age_at_start": 0}, {"meeting_key": 1241, "session_key": 9566, "stint_number": 1, "driver_number": 55, "lap_start": 1, "lap_end": 21, "compound": "MEDIUM", "tyre_age_at_start": 0}, {"meeting_key": 1241, "session_key": 9566, "stint_number": 1, "driver_number": 31, "lap_start": 1, "lap_end": 6, "compound": "MEDIUM", "tyre_age_at_start": 0}, {"meeting_key": 1241, "session_key": 9566, "stint_number": 1, "driver_number": 10, "lap_start": 1, "lap_end": 28, "compound": "HARD", "tyre_age_at_start": 0}, {"meeting_key": 1241, "session_key": 9566, "stint_number": 1, "driver_number": 81, "lap_start": 1, "lap_end": 18, "compound": "MEDIUM", "tyre_age_at_start": 0}, {"meeting_key": 1241, "session_key": 9566, "stint_number": 1, "driver_number": 16, "lap_start": 1, "lap_end": 23, "compound": "MEDIUM", "tyre_age_at_start": 0}, {"meeting_key": 1241, "session_key": 9566, "stint_number": 1, "driver_number": 11, "lap_start": 1, "lap_end": 28, "compound": "HARD", "tyre_age_at_start": 0}, {"meeting_key": 1241, "session_key": 9566, "stint_number": 2, "driver_number": 27, "lap_start": 3, "lap_end": 29, "compound": "HARD", "tyre_age_at_start": 0}, {"meeting_key": 1241, "session_key": 9566, "stint_number": 2, "driver_number": 31, "lap_start": 7, "lap_end": 30, "compound": "HARD", "tyre_age_at_start": 0}, {"meeting_key": 1241, "session_key": 9566, "stint_number": 2, "driver_number": 23, "lap_start": 7, "lap_end": 29, "compound": "HARD", "tyre_age_at_start": 0}, {"meeting_key": 1241, "session_key": 9566, "stint_number": 2, "driver_number": 20, "lap_start": 7, "lap_end": 34, "compound": "HARD", "tyre_age_at_start": 0}, {"meeting_key": 1241, "session_key": 9566, "stint_number": 2, "driver_number": 14, "lap_start": 8, "lap_end": 37, "compound": "MEDIUM", "tyre_age_at_start": 1}, {"meeting_key": 1241, "session_key": 9566, "stint_number": 2, "driver_number": 3, "lap_start": 8, "lap_end": 28, "compound": "HARD", "tyre_age_at_start": 0}, {"meeting_key": 1241, "session_key": 9566, "stint_number": 2, "driver_number": 24, "lap_start": 8, "lap_end": 36, "compound": "HARD", "tyre_age_at_start": 0}, {"meeting_key": 1241, "session_key": 9566, "stint_number": 2, "driver_number": 2, "lap_start": 9, "lap_end": 33, "compound": "HARD", "tyre_age_at_start": 0}, {"meeting_key": 1241, "session_key": 9566, "stint_number": 2, "driver_number": 18, "lap_start": 15, "lap_end": 45, "compound": "MEDIUM", "tyre_age_at_start": 1}, {"meeting_key": 1241, "session_key": 9566, "stint_number": 2, "driver_number": 44, "lap_start": 17, "lap_end": 40, "compound": "HARD", "tyre_age_at_start": 0}, {"meeting_key": 1241, "session_key": 9566, "stint_number": 2, "driver_number": 77, "lap_start": 17, "lap_end": 45, "compound": "HARD", "tyre_age_at_start": 0}, {"meeting_key": 1241, "session_key": 9566, "stint_number": 2, "driver_number": 4, "lap_start": 18, "lap_end": 45, "compound": "HARD", "tyre_age_at_start": 1}, {"meeting_key": 1241, "session_key": 9566, "stint_number": 2, "driver_number": 81, "lap_start": 19, "lap_end": 47, "compound": "HARD", "tyre_age_at_start": 1}, {"meeting_key": 1241, "session_key": 9566, "stint_number": 2, "driver_number": 1, "lap_start": 22, "lap_end": 49, "compound": "HARD", "tyre_age_at_start": 0}, {"meeting_key": 1241, "session_key": 9566, "stint_number": 2, "driver_number": 55, "lap_start": 22, "lap_end": 47, "compound": "HARD", "tyre_age_at_start": 0}, {"meeting_key": 1241, "session_key": 9566, "stint_number": 2, "driver_number": 16, "lap_start": 24, "lap_end": 40, "compound": "HARD", "tyre_age_at_start": 0}, {"meeting_key": 1241, "session_key": 9566, "stint_number": 2, "driver_number": 11, "lap_start": 29, "lap_end": 47, "compound": "MEDIUM", "tyre_age_at_start": 0}, {"meeting_key": 1241, "session_key": 9566, "stint_number": 2, "driver_number": 10, "lap_start": 29, "lap_end": 33, "compound": "MEDIUM", "tyre_age_at_start": 0}, {"meeting_key": 1241, "session_key": 9566, "stint_number": 3, "driver_number": 3, "lap_start": 29, "lap_end": 69, "compound": "HARD", "tyre_age_at_start": 0}, {"meeting_key": 1241, "session_key": 9566, "stint_number": 2, "driver_number": 22, "lap_start": 30, "lap_end": 70, "compound": "HARD", "tyre_age_at_start": 0}, {"meeting_key": 1241, "session_key": 9566, "stint_number": 3, "driver_number": 27, "lap_start": 30, "lap_end": 69, "compound": "HARD", "tyre_age_at_start": 0}, {"meeting_key": 1241, "session_key": 9566, "stint_number": 3, "driver_number": 23, "lap_start": 30, "lap_end": 69, "compound": "HARD", "tyre_age_at_start": 0}, {"meeting_key": 1241, "session_key": 9566, "stint_number": 3, "driver_number": 31, "lap_start": 31, "lap_end": 64, "compound": "HARD", "tyre_age_at_start": 0}, {"meeting_key": 1241, "session_key": 9566, "stint_number": 2, "driver_number": 63, "lap_start": 34, "lap_end": 53, "compound": "MEDIUM", "tyre_age_at_start": 0}, {"meeting_key": 1241, "session_key": 9566, "stint_number": 3, "driver_number": 2, "lap_start": 34, "lap_end": 63, "compound": "HARD", "tyre_age_at_start": 0}, {"meeting_key": 1241, "session_key": 9566, "stint_number": 3, "driver_number": 20, "lap_start": 35, "lap_end": 69, "compound": "HARD", "tyre_age_at_start": 0}, {"meeting_key": 1241, "session_key": 9566, "stint_number": 3, "driver_number": 24, "lap_start": 37, "lap_end": 69, "compound": "HARD", "tyre_age_at_start": 0}, {"meeting_key": 1241, "session_key": 9566, "stint_number": 3, "driver_number": 14, "lap_start": 38, "lap_end": 70, "compound": "HARD", "tyre_age_at_start": 1}, {"meeting_key": 1241, "session_key": 9566, "stint_number": 3, "driver_number": 16, "lap_start": 41, "lap_end": 70, "compound": "MEDIUM", "tyre_age_at_start": 0}, {"meeting_key": 1241, "session_key": 9566, "stint_number": 3, "driver_number": 44, "lap_start": 41, "lap_end": 70, "compound": "HARD", "tyre_age_at_start": 0}, {"meeting_key": 1241, "session_key": 9566, "stint_number": 3, "driver_number": 4, "lap_start": 46, "lap_end": 70, "compound": "MEDIUM", "tyre_age_at_start": 1}, {"meeting_key": 1241, "session_key": 9566, "stint_number": 3, "driver_number": 18, "lap_start": 46, "lap_end": 70, "compound": "HARD", "tyre_age_at_start": 1}, {"meeting_key": 1241, "session_key": 9566, "stint_number": 3, "driver_number": 77, "lap_start": 46, "lap_end": 69, "compound": "HARD", "tyre_age_at_start": 0}, {"meeting_key": 1241, "session_key": 9566, "stint_number": 3, "driver_number": 81, "lap_start": 48, "lap_end": 70, "compound": "MEDIUM", "tyre_age_at_start": 1}, {"meeting_key": 1241, "session_key": 9566, "stint_number": 3, "driver_number": 55, "lap_start": 48, "lap_end": 70, "compound": "MEDIUM", "tyre_age_at_start": 0}, {"meeting_key": 1241, "session_key": 9566, "stint_number": 3, "driver_number": 11, "lap_start": 48, "lap_end": 70, "compound": "MEDIUM", "tyre_age_at_start": 0}, {"meeting_key": 1241, "session_key": 9566, "stint_number": 3, "driver_number": 1, "lap_start": 50, "lap_end": 70, "compound": "MEDIUM", "tyre_age_at_start": 0}, {"meeting_key": 1241, "session_key": 9566, "stint_number": 3, "driver_number": 63, "lap_start": 54, "lap_end": 70, "compound": "HARD", "tyre_age_at_start": 0}, {"meeting_key": 1241, "session_key": 9566, "stint_number": 4, "driver_number": 2, "lap_start": 64, "lap_end": 69, "compound": "SOFT", "tyre_age_at_start": 0}, {"meeting_key": 1241, "session_key": 9566, "stint_number": 4, "driver_number": 31, "lap_start": 65, "lap_end": 69, "compound": "SOFT", "tyre_age_at_start": 0}]