[{"meeting_key": 1257, "session_key": 10014, "stint_number": 1, "driver_number": 18, "lap_start": 1, "lap_end": 12, "compound": "SOFT", "tyre_age_at_start": 0}, {"meeting_key": 1257, "session_key": 10014, "stint_number": 1, "driver_number": 4, "lap_start": 1, "lap_end": 10, "compound": "SOFT", "tyre_age_at_start": 3}, {"meeting_key": 1257, "session_key": 10014, "stint_number": 1, "driver_number": 55, "lap_start": 1, "lap_end": 14, "compound": "SOFT", "tyre_age_at_start": 3}, {"meeting_key": 1257, "session_key": 10014, "stint_number": 1, "driver_number": 44, "lap_start": 1, "lap_end": 17, "compound": "MEDIUM", "tyre_age_at_start": 0}, {"meeting_key": 1257, "session_key": 10014, "stint_number": 1, "driver_number": 30, "lap_start": 1, "lap_end": 14, "compound": "MEDIUM", "tyre_age_at_start": 0}, {"meeting_key": 1257, "session_key": 10014, "stint_number": 1, "driver_number": 5, "lap_start": 1, "lap_end": 13, "compound": "MEDIUM", "tyre_age_at_start": 0}, {"meeting_key": 1257, "session_key": 10014, "stint_number": 1, "driver_number": 14, "lap_start": 1, "lap_end": 16, "compound": "MEDIUM", "tyre_age_at_start": 0}, {"meeting_key": 1257, "session_key": 10014, "stint_number": 1, "driver_number": 10, "lap_start": 1, "lap_end": 10, "compound": "SOFT", "tyre_age_at_start": 3}, {"meeting_key": 1257, "session_key": 10014, "stint_number": 1, "driver_number": 81, "lap_start": 1, "lap_end": 14, "compound": "SOFT", "tyre_age_at_start": 3}, {"meeting_key": 1257, "session_key": 10014, "stint_number": 1, "driver_number": 16, "lap_start": 1, "lap_end": 17, "compound": "MEDIUM", "tyre_age_at_start": 0}, {"meeting_key": 1257, "session_key": 10014, "stint_number": 1, "driver_number": 22, "lap_start": 1, "lap_end": 11, "compound": "SOFT", "tyre_age_at_start": 3}, {"meeting_key": 1257, "session_key": 10014, "stint_number": 1, "driver_number": 87, "lap_start": 1, "lap_end": 14, "compound": "SOFT", "tyre_age_at_start": 0}, {"meeting_key": 1257, "session_key": 10014, "stint_number": 1, "driver_number": 31, "lap_start": 1, "lap_end": 8, "compound": "SOFT", "tyre_age_at_start": 0}, {"meeting_key": 1257, "session_key": 10014, "stint_number": 1, "driver_number": 6, "lap_start": 1, "lap_end": 6, "compound": "SOFT", "tyre_age_at_start": 0}, {"meeting_key": 1257, "session_key": 10014, "stint_number": 1, "driver_number": 12, "lap_start": 1, "lap_end": 12, "compound": "SOFT", "tyre_age_at_start": 3}, {"meeting_key": 1257, "session_key": 10014, "stint_number": 1, "driver_number": 63, "lap_start": 1, "lap_end": 13, "compound": "SOFT", "tyre_age_at_start": 3}, {"meeting_key": 1257, "session_key": 10014, "stint_number": 1, "driver_number": 7, "lap_start": 1, "lap_end": 9, "compound": "SOFT", "tyre_age_at_start": 0}, {"meeting_key": 1257, "session_key": 10014, "stint_number": 1, "driver_number": 27, "lap_start": 1, "lap_end": 5, "compound": "SOFT", "tyre_age_at_start": 0}, {"meeting_key": 1257, "session_key": 10014, "stint_number": 1, "driver_number": 23, "lap_start": 1, "lap_end": 16, "compound": "SOFT", "tyre_age_at_start": 0}, {"meeting_key": 1257, "session_key": 10014, "stint_number": 1, "driver_number": 1, "lap_start": 1, "lap_end": 10, "compound": "SOFT", "tyre_age_at_start": 3}, {"meeting_key": 1257, "session_key": 10014, "stint_number": 2, "driver_number": 27, "lap_start": 6, "lap_end": 27, "compound": "MEDIUM", "tyre_age_at_start": 0}, {"meeting_key": 1257, "session_key": 10014, "stint_number": 2, "driver_number": 6, "lap_start": 7, "lap_end": 28, "compound": "MEDIUM", "tyre_age_at_start": 0}, {"meeting_key": 1257, "session_key": 10014, "stint_number": 2, "driver_number": 31, "lap_start": 9, "lap_end": 27, "compound": "MEDIUM", "tyre_age_at_start": 0}, {"meeting_key": 1257, "session_key": 10014, "stint_number": 2, "driver_number": 7, "lap_start": 10, "lap_end": 28, "compound": "MEDIUM", "tyre_age_at_start": 0}, {"meeting_key": 1257, "session_key": 10014, "stint_number": 2, "driver_number": 4, "lap_start": 11, "lap_end": 32, "compound": "MEDIUM", "tyre_age_at_start": 0}, {"meeting_key": 1257, "session_key": 10014, "stint_number": 2, "driver_number": 1, "lap_start": 11, "lap_end": 26, "compound": "HARD", "tyre_age_at_start": 0}, {"meeting_key": 1257, "session_key": 10014, "stint_number": 2, "driver_number": 10, "lap_start": 11, "lap_end": 28, "compound": "MEDIUM", "tyre_age_at_start": 0}, {"meeting_key": 1257, "session_key": 10014, "stint_number": 2, "driver_number": 22, "lap_start": 12, "lap_end": 32, "compound": "MEDIUM", "tyre_age_at_start": 0}, {"meeting_key": 1257, "session_key": 10014, "stint_number": 2, "driver_number": 12, "lap_start": 13, "lap_end": 27, "compound": "MEDIUM", "tyre_age_at_start": 0}, {"meeting_key": 1257, "session_key": 10014, "stint_number": 2, "driver_number": 18, "lap_start": 13, "lap_end": 32, "compound": "MEDIUM", "tyre_age_at_start": 0}, {"meeting_key": 1257, "session_key": 10014, "stint_number": 2, "driver_number": 63, "lap_start": 14, "lap_end": 32, "compound": "MEDIUM", "tyre_age_at_start": 0}, {"meeting_key": 1257, "session_key": 10014, "stint_number": 2, "driver_number": 5, "lap_start": 14, "lap_end": 32, "compound": "HARD", "tyre_age_at_start": 0}, {"meeting_key": 1257, "session_key": 10014, "stint_number": 2, "driver_number": 81, "lap_start": 15, "lap_end": 32, "compound": "MEDIUM", "tyre_age_at_start": 0}, {"meeting_key": 1257, "session_key": 10014, "stint_number": 2, "driver_number": 55, "lap_start": 15, "lap_end": 32, "compound": "MEDIUM", "tyre_age_at_start": 0}, {"meeting_key": 1257, "session_key": 10014, "stint_number": 2, "driver_number": 87, "lap_start": 15, "lap_end": 32, "compound": "HARD", "tyre_age_at_start": 0}, {"meeting_key": 1257, "session_key": 10014, "stint_number": 2, "driver_number": 30, "lap_start": 15, "lap_end": 32, "compound": "HARD", "tyre_age_at_start": 0}, {"meeting_key": 1257, "session_key": 10014, "stint_number": 2, "driver_number": 23, "lap_start": 17, "lap_end": 32, "compound": "HARD", "tyre_age_at_start": 0}, {"meeting_key": 1257, "session_key": 10014, "stint_number": 2, "driver_number": 14, "lap_start": 17, "lap_end": 32, "compound": "MEDIUM", "tyre_age_at_start": 0}, {"meeting_key": 1257, "session_key": 10014, "stint_number": 2, "driver_number": 16, "lap_start": 18, "lap_end": 32, "compound": "MEDIUM", "tyre_age_at_start": 0}, {"meeting_key": 1257, "session_key": 10014, "stint_number": 2, "driver_number": 44, "lap_start": 18, "lap_end": 32, "compound": "MEDIUM", "tyre_age_at_start": 0}, {"meeting_key": 1257, "session_key": 10014, "stint_number": 3, "driver_number": 1, "lap_start": 27, "lap_end": 57, "compound": "MEDIUM", "tyre_age_at_start": 0}, {"meeting_key": 1257, "session_key": 10014, "stint_number": 3, "driver_number": 12, "lap_start": 28, "lap_end": 32, "compound": "SOFT", "tyre_age_at_start": 3}, {"meeting_key": 1257, "session_key": 10014, "stint_number": 3, "driver_number": 31, "lap_start": 28, "lap_end": 57, "compound": "HARD", "tyre_age_at_start": 0}, {"meeting_key": 1257, "session_key": 10014, "stint_number": 3, "driver_number": 27, "lap_start": 28, "lap_end": 57, "compound": "MEDIUM", "tyre_age_at_start": 0}, {"meeting_key": 1257, "session_key": 10014, "stint_number": 3, "driver_number": 10, "lap_start": 29, "lap_end": 57, "compound": "HARD", "tyre_age_at_start": 0}, {"meeting_key": 1257, "session_key": 10014, "stint_number": 3, "driver_number": 7, "lap_start": 29, "lap_end": 57, "compound": "HARD", "tyre_age_at_start": 0}, {"meeting_key": 1257, "session_key": 10014, "stint_number": 3, "driver_number": 6, "lap_start": 29, "lap_end": 57, "compound": "HARD", "tyre_age_at_start": 0}, {"meeting_key": 1257, "session_key": 10014, "stint_number": 3, "driver_number": 81, "lap_start": 33, "lap_end": 57, "compound": "MEDIUM", "tyre_age_at_start": 0}, {"meeting_key": 1257, "session_key": 10014, "stint_number": 3, "driver_number": 63, "lap_start": 33, "lap_end": 57, "compound": "SOFT", "tyre_age_at_start": 3}, {"meeting_key": 1257, "session_key": 10014, "stint_number": 3, "driver_number": 16, "lap_start": 33, "lap_end": 57, "compound": "HARD", "tyre_age_at_start": 0}, {"meeting_key": 1257, "session_key": 10014, "stint_number": 3, "driver_number": 4, "lap_start": 33, "lap_end": 57, "compound": "MEDIUM", "tyre_age_at_start": 0}, {"meeting_key": 1257, "session_key": 10014, "stint_number": 3, "driver_number": 44, "lap_start": 33, "lap_end": 57, "compound": "HARD", "tyre_age_at_start": 0}, {"meeting_key": 1257, "session_key": 10014, "stint_number": 3, "driver_number": 55, "lap_start": 33, "lap_end": 44, "compound": "HARD", "tyre_age_at_start": 0}, {"meeting_key": 1257, "session_key": 10014, "stint_number": 3, "driver_number": 22, "lap_start": 33, "lap_end": 57, "compound": "SOFT", "tyre_age_at_start": 0}, {"meeting_key": 1257, "session_key": 10014, "stint_number": 3, "driver_number": 87, "lap_start": 33, "lap_end": 57, "compound": "SOFT", "tyre_age_at_start": 0}, {"meeting_key": 1257, "session_key": 10014, "stint_number": 4, "driver_number": 12, "lap_start": 33, "lap_end": 57, "compound": "SOFT", "tyre_age_at_start": 3}, {"meeting_key": 1257, "session_key": 10014, "stint_number": 3, "driver_number": 23, "lap_start": 33, "lap_end": 57, "compound": "MEDIUM", "tyre_age_at_start": 0}, {"meeting_key": 1257, "session_key": 10014, "stint_number": 3, "driver_number": 14, "lap_start": 33, "lap_end": 57, "compound": "HARD", "tyre_age_at_start": 0}, {"meeting_key": 1257, "session_key": 10014, "stint_number": 3, "driver_number": 30, "lap_start": 33, "lap_end": 57, "compound": "SOFT", "tyre_age_at_start": 0}, {"meeting_key": 1257, "session_key": 10014, "stint_number": 3, "driver_number": 18, "lap_start": 33, "lap_end": 57, "compound": "HARD", "tyre_age_at_start": 0}, {"meeting_key": 1257, "session_key": 10014, "stint_number": 3, "driver_number": 5, "lap_start": 33, "lap_end": 57, "compound": "MEDIUM", "tyre_age_at_start": 0}, {"meeting_key": 1257, "session_key": 10014, "stint_number": 4, "driver_number": 55, "lap_start": 45, "lap_end": 45, "compound": "SOFT", "tyre_age_at_start": 3}]