[{"meeting_key": 1251, "session_key": 9654, "stint_number": 1, "driver_number": 63, "lap_start": 1, "lap_end": 19, "compound": "MEDIUM", "tyre_age_at_start": 4}, {"meeting_key": 1251, "session_key": 9654, "stint_number": 1, "driver_number": 23, "lap_start": 1, "lap_end": 19, "compound": "MEDIUM", "tyre_age_at_start": 6}, {"meeting_key": 1251, "session_key": 9654, "stint_number": 1, "driver_number": 16, "lap_start": 1, "lap_end": 19, "compound": "MEDIUM", "tyre_age_at_start": 1}, {"meeting_key": 1251, "session_key": 9654, "stint_number": 1, "driver_number": 18, "lap_start": 1, "lap_end": 19, "compound": "MEDIUM", "tyre_age_at_start": 6}, {"meeting_key": 1251, "session_key": 9654, "stint_number": 1, "driver_number": 27, "lap_start": 1, "lap_end": 19, "compound": "MEDIUM", "tyre_age_at_start": 6}, {"meeting_key": 1251, "session_key": 9654, "stint_number": 1, "driver_number": 22, "lap_start": 1, "lap_end": 19, "compound": "MEDIUM", "tyre_age_at_start": 7}, {"meeting_key": 1251, "session_key": 9654, "stint_number": 1, "driver_number": 4, "lap_start": 1, "lap_end": 19, "compound": "MEDIUM", "tyre_age_at_start": 5}, {"meeting_key": 1251, "session_key": 9654, "stint_number": 1, "driver_number": 55, "lap_start": 1, "lap_end": 19, "compound": "MEDIUM", "tyre_age_at_start": 1}, {"meeting_key": 1251, "session_key": 9654, "stint_number": 1, "driver_number": 20, "lap_start": 1, "lap_end": 19, "compound": "MEDIUM", "tyre_age_at_start": 6}, {"meeting_key": 1251, "session_key": 9654, "stint_number": 1, "driver_number": 31, "lap_start": 1, "lap_end": 19, "compound": "MEDIUM", "tyre_age_at_start": 7}, {"meeting_key": 1251, "session_key": 9654, "stint_number": 1, "driver_number": 44, "lap_start": 1, "lap_end": 19, "compound": "MEDIUM", "tyre_age_at_start": 6}, {"meeting_key": 1251, "session_key": 9654, "stint_number": 1, "driver_number": 10, "lap_start": 1, "lap_end": 19, "compound": "MEDIUM", "tyre_age_at_start": 7}, {"meeting_key": 1251, "session_key": 9654, "stint_number": 1, "driver_number": 1, "lap_start": 1, "lap_end": 19, "compound": "MEDIUM", "tyre_age_at_start": 8}, {"meeting_key": 1251, "session_key": 9654, "stint_number": 1, "driver_number": 81, "lap_start": 1, "lap_end": 19, "compound": "MEDIUM", "tyre_age_at_start": 5}, {"meeting_key": 1251, "session_key": 9654, "stint_number": 1, "driver_number": 30, "lap_start": 1, "lap_end": 19, "compound": "MEDIUM", "tyre_age_at_start": 7}, {"meeting_key": 1251, "session_key": 9654, "stint_number": 1, "driver_number": 24, "lap_start": 1, "lap_end": 10, "compound": "SOFT", "tyre_age_at_start": 0}, {"meeting_key": 1251, "session_key": 9654, "stint_number": 1, "driver_number": 14, "lap_start": 1, "lap_end": 19, "compound": "MEDIUM", "tyre_age_at_start": 6}, {"meeting_key": 1251, "session_key": 9654, "stint_number": 1, "driver_number": 77, "lap_start": 1, "lap_end": 19, "compound": "MEDIUM", "tyre_age_at_start": 12}, {"meeting_key": 1251, "session_key": 9654, "stint_number": 1, "driver_number": 43, "lap_start": 1, "lap_end": 19, "compound": "MEDIUM", "tyre_age_at_start": 4}, {"meeting_key": 1251, "session_key": 9654, "stint_number": 1, "driver_number": 11, "lap_start": 1, "lap_end": 14, "compound": "MEDIUM", "tyre_age_at_start": 11}, {"meeting_key": 1251, "session_key": 9654, "stint_number": 2, "driver_number": 24, "lap_start": 11, "lap_end": 19, "compound": "MEDIUM", "tyre_age_at_start": 8}, {"meeting_key": 1251, "session_key": 9654, "stint_number": 2, "driver_number": 11, "lap_start": 15, "lap_end": 19, "compound": "MEDIUM", "tyre_age_at_start": 21}]