[{"meeting_key": 1141, "session_key": 7953, "location": "Sakhir", "date_start": "2023-03-05T15:00:00+00:00", "date_end": "2023-03-05T17:00:00+00:00", "session_type": "Race", "session_name": "Race", "country_key": 36, "country_code": "BRN", "country_name": "Bahrain", "circuit_key": 63, "circuit_short_name": "Sakhir", "gmt_offset": "03:00:00", "year": 2023}, {"meeting_key": 1142, "session_key": 7779, "location": "Jeddah", "date_start": "2023-03-19T17:00:00+00:00", "date_end": "2023-03-19T19:00:00+00:00", "session_type": "Race", "session_name": "Race", "country_key": 153, "country_code": "KSA", "country_name": "Saudi Arabia", "circuit_key": 149, "circuit_short_name": "Jeddah", "gmt_offset": "03:00:00", "year": 2023}, {"meeting_key": 1143, "session_key": 7787, "location": "Melbourne", "date_start": "2023-04-02T05:00:00+00:00", "date_end": "2023-04-02T07:00:00+00:00", "session_type": "Race", "session_name": "Race", "country_key": 5, "country_code": "AUS", "country_name": "Australia", "circuit_key": 10, "circuit_short_name": "Melbourne", "gmt_offset": "10:00:00", "year": 2023}, {"meeting_key": 1207, "session_key": 9069, "location": "Baku", "date_start": "2023-04-29T13:30:00+00:00", "date_end": "2023-04-29T14:00:00+00:00", "session_type": "Race", "session_name": "Sprint", "country_key": 30, "country_code": "AZE", "country_name": "Azerbaijan", "circuit_key": 144, "circuit_short_name": "Baku", "gmt_offset": "04:00:00", "year": 2023}, {"meeting_key": 1207, "session_key": 9070, "location": "Baku", "date_start": "2023-04-30T11:00:00+00:00", "date_end": "2023-04-30T13:00:00+00:00", "session_type": "Race", "session_name": "Race", "country_key": 30, "country_code": "AZE", "country_name": "Azerbaijan", "circuit_key": 144, "circuit_short_name": "Baku", "gmt_offset": "04:00:00", "year": 2023}, {"meeting_key": 1208, "session_key": 9078, "location": "Miami", "date_start": "2023-05-07T19:30:00+00:00", "date_end": "2023-05-07T21:30:00+00:00", "session_type": "Race", "session_name": "Race", "country_key": 19, "country_code": "USA", "country_name": "United States", "circuit_key": 151, "circuit_short_name": "Miami", "gmt_offset": "-04:00:00", "year": 2023}, {"meeting_key": 1210, "session_key": 9094, "location": "Monaco", "date_start": "2023-05-28T13:00:00+00:00", "date_end": "2023-05-28T15:00:00+00:00", "session_type": "Race", "session_name": "Race", "country_key": 114, "country_code": "MON", "country_name": "Monaco", "circuit_key": 22, "circuit_short_name": "Monte Carlo", "gmt_offset": "02:00:00", "year": 2023}, {"meeting_key": 1211, "session_key": 9102, "location": "Barcelona", "date_start": "2023-06-04T13:00:00+00:00", "date_end": "2023-06-04T15:00:00+00:00", "session_type": "Race", "session_name": "Race", "country_key": 1, "country_code": "ESP", "country_name": "Spain", "circuit_key": 15, "circuit_short_name": "Catalunya", "gmt_offset": "02:00:00", "year": 2023}, {"meeting_key": 1212, "session_key": 9110, "location": "Montr\u00e9al", "date_start": "2023-06-18T18:00:00+00:00", "date_end": "2023-06-18T20:00:00+00:00", "session_type": "Race", "session_name": "Race", "country_key": 46, "country_code": "CAN", "country_name": "Canada", "circuit_key": 23, "circuit_short_name": "Montreal", "gmt_offset": "-04:00:00", "year": 2023}, {"meeting_key": 1213, "session_key": 9117, "location": "Spielberg", "date_start": "2023-07-01T14:30:00+00:00", "date_end": "2023-07-01T15:00:00+00:00", "session_type": "Race", "session_name": "Sprint", "country_key": 17, "country_code": "AUT", "country_name": "Austria", "circuit_key": 19, "circuit_short_name": "Spielberg", "gmt_offset": "02:00:00", "year": 2023}, {"meeting_key": 1213, "session_key": 9118, "location": "Spielberg", "date_start": "2023-07-02T13:00:00+00:00", "date_end": "2023-07-02T15:00:00+00:00", "session_type": "Race", "session_name": "Race", "country_key": 17, "country_code": "AUT", "country_name": "Austria", "circuit_key": 19, "circuit_short_name": "Spielberg", "gmt_offset": "02:00:00", "year": 2023}, {"meeting_key": 1214, "session_key": 9126, "location": "Silverstone", "date_start": "2023-07-09T14:00:00+00:00", "date_end": "2023-07-09T16:00:00+00:00", "session_type": "Race", "session_name": "Race", "country_key": 2, "country_code": "GBR", "country_name": "Great Britain", "circuit_key": 2, "circuit_short_name": "Silverstone", "gmt_offset": "01:00:00", "year": 2023}, {"meeting_key": 1215, "session_key": 9133, "location": "Budapest", "date_start": "2023-07-23T13:00:00+00:00", "date_end": "2023-07-23T15:00:00+00:00", "session_type": "Race", "session_name": "Race", "country_key": 14, "country_code": "HUN", "country_name": "Hungary", "circuit_key": 4, "circuit_short_name": "Hungaroring", "gmt_offset": "02:00:00", "year": 2023}, {"meeting_key": 1216, "session_key": 9140, "location": "Spa-Francorchamps", "date_start": "2023-07-29T15:05:00+00:00", "date_end": "2023-07-29T15:35:00+00:00", "session_type": "Race", "session_name": "Sprint", "country_key": 16, "country_code": "BEL", "country_name": "Belgium", "circuit_key": 7, "circuit_short_name": "Spa-Francorchamps", "gmt_offset": "02:00:00", "year": 2023}, {"meeting_key": 1216, "session_key": 9141, "location": "Spa-Francorchamps", "date_start": "2023-07-30T13:00:00+00:00", "date_end": "2023-07-30T15:00:00+00:00", "session_type": "Race", "session_name": "Race", "country_key": 16, "country_code": "BEL", "country_name": "Belgium", "circuit_key": 7, "circuit_short_name": "Spa-Francorchamps", "gmt_offset": "02:00:00", "year": 2023}, {"meeting_key": 1217, "session_key": 9149, "location": "Zandvoort", "date_start": "2023-08-27T13:00:00+00:00", "date_end": "2023-08-27T15:00:00+00:00", "session_type": "Race", "session_name": "Race", "country_key": 133, "country_code": "NED", "country_name": "Netherlands", "circuit_key": 55, "circuit_short_name": "Zandvoort", "gmt_offset": "02:00:00", "year": 2023}, {"meeting_key": 1218, "session_key": 9157, "location": "Monza", "date_start": "2023-09-03T13:00:00+00:00", "date_end": "2023-09-03T15:00:00+00:00", "session_type": "Race", "session_name": "Race", "country_key": 13, "country_code": "ITA", "country_name": "Italy", "circuit_key": 39, "circuit_short_name": "Monza", "gmt_offset": "02:00:00", "year": 2023}, {"meeting_key": 1219, "session_key": 9165, "location": "Marina Bay", "date_start": "2023-09-17T12:00:00+00:00", "date_end": "2023-09-17T14:00:00+00:00", "session_type": "Race", "session_name": "Race", "country_key": 157, "country_code": "SGP", "country_name": "Singapore", "circuit_key": 61, "circuit_short_name": "Singapore", "gmt_offset": "08:00:00", "year": 2023}, {"meeting_key": 1220, "session_key": 9173, "location": "Suzuka", "date_start": "2023-09-24T05:00:00+00:00", "date_end": "2023-09-24T07:00:00+00:00", "session_type": "Race", "session_name": "Race", "country_key": 4, "country_code": "JPN", "country_name": "Japan", "circuit_key": 46, "circuit_short_name": "Suzuka", "gmt_offset": "09:00:00", "year": 2023}, {"meeting_key": 1221, "session_key": 9220, "location": "Lusail", "date_start": "2023-10-07T17:30:00+00:00", "date_end": "2023-10-07T18:30:00+00:00", "session_type": "Race", "session_name": "Sprint", "country_key": 149, "country_code": "QAT", "country_name": "Qatar", "circuit_key": 150, "circuit_short_name": "Lusail", "gmt_offset": "03:00:00", "year": 2023}, {"meeting_key": 1221, "session_key": 9221, "location": "Lusail", "date_start": "2023-10-08T17:00:00+00:00", "date_end": "2023-10-08T19:00:00+00:00", "session_type": "Race", "session_name": "Race", "country_key": 149, "country_code": "QAT", "country_name": "Qatar", "circuit_key": 150, "circuit_short_name": "Lusail", "gmt_offset": "03:00:00", "year": 2023}, {"meeting_key": 1222, "session_key": 9212, "location": "Austin", "date_start": "2023-10-21T22:00:00+00:00", "date_end": "2023-10-21T23:00:00+00:00", "session_type": "Race", "session_name": "Sprint", "country_key": 19, "country_code": "USA", "country_name": "United States", "circuit_key": 9, "circuit_short_name": "Austin", "gmt_offset": "-05:00:00", "year": 2023}, {"meeting_key": 1222, "session_key": 9213, "location": "Austin", "date_start": "2023-10-22T19:00:00+00:00", "date_end": "2023-10-22T21:00:00+00:00", "session_type": "Race", "session_name": "Race", "country_key": 19, "country_code": "USA", "country_name": "United States", "circuit_key": 9, "circuit_short_name": "Austin", "gmt_offset": "-05:00:00", "year": 2023}, {"meeting_key": 1223, "session_key": 9181, "location": "Mexico City", "date_start": "2023-10-29T20:00:00+00:00", "date_end": "2023-10-29T22:00:00+00:00", "session_type": "Race", "session_name": "Race", "country_key": 8, "country_code": "MEX", "country_name": "Mexico", "circuit_key": 65, "circuit_short_name": "Mexico City", "gmt_offset": "-06:00:00", "year": 2023}, {"meeting_key": 1224, "session_key": 9204, "location": "S\u00e3o Paulo", "date_start": "2023-11-04T18:30:00+00:00", "date_end": "2023-11-04T19:00:00+00:00", "session_type": "Race", "session_name": "Sprint", "country_key": 10, "country_code": "BRA", "country_name": "Brazil", "circuit_key": 14, "circuit_short_name": "Interlagos", "gmt_offset": "-03:00:00", "year": 2023}, {"meeting_key": 1224, "session_key": 9205, "location": "S\u00e3o Paulo", "date_start": "2023-11-05T17:00:00+00:00", "date_end": "2023-11-05T19:00:00+00:00", "session_type": "Race", "session_name": "Race", "country_key": 10, "country_code": "BRA", "country_name": "Brazil", "circuit_key": 14, "circuit_short_name": "Interlagos", "gmt_offset": "-03:00:00", "year": 2023}, {"meeting_key": 1225, "session_key": 9189, "location": "Las Vegas", "date_start": "2023-11-19T06:00:00+00:00", "date_end": "2023-11-19T08:00:00+00:00", "session_type": "Race", "session_name": "Race", "country_key": 19, "country_code": "USA", "country_name": "United States", "circuit_key": 152, "circuit_short_name": "Las Vegas", "gmt_offset": "-08:00:00", "year": 2023}, {"meeting_key": 1226, "session_key": 9197, "location": "Yas Island", "date_start": "2023-11-26T13:00:00+00:00", "date_end": "2023-11-26T15:00:00+00:00", "session_type": "Race", "session_name": "Race", "country_key": 21, "country_code": "UAE", "country_name": "United Arab Emirates", "circuit_key": 70, "circuit_short_name": "Yas Marina Circuit", "gmt_offset": "04:00:00", "year": 2023}, {"meeting_key": 1229, "session_key": 9472, "location": "Sakhir", "date_start": "2024-03-02T15:00:00+00:00", "date_end": "2024-03-02T17:00:00+00:00", "session_type": "Race", "session_name": "Race", "country_key": 36, "country_code": "BRN", "country_name": "Bahrain", "circuit_key": 63, "circuit_short_name": "Sakhir", "gmt_offset": "03:00:00", "year": 2024}, {"meeting_key": 1230, "session_key": 9480, "location": "Jeddah", "date_start": "2024-03-09T17:00:00+00:00", "date_end": "2024-03-09T19:00:00+00:00", "session_type": "Race", "session_name": "Race", "country_key": 153, "country_code": "KSA", "country_name": "Saudi Arabia", "circuit_key": 149, "circuit_short_name": "Jeddah", "gmt_offset": "03:00:00", "year": 2024}, {"meeting_key": 1231, "session_key": 9488, "location": "Melbourne", "date_start": "2024-03-24T04:00:00+00:00", "date_end": "2024-03-24T06:00:00+00:00", "session_type": "Race", "session_name": "Race", "country_key": 5, "country_code": "AUS", "country_name": "Australia", "circuit_key": 10, "circuit_short_name": "Melbourne", "gmt_offset": "11:00:00", "year": 2024}, {"meeting_key": 1232, "session_key": 9496, "location": "Suzuka", "date_start": "2024-04-07T05:00:00+00:00", "date_end": "2024-04-07T07:00:00+00:00", "session_type": "Race", "session_name": "Race", "country_key": 4, "country_code": "JPN", "country_name": "Japan", "circuit_key": 46, "circuit_short_name": "Suzuka", "gmt_offset": "09:00:00", "year": 2024}, {"meeting_key": 1233, "session_key": 9672, "location": "Shanghai", "date_start": "2024-04-20T03:00:00+00:00", "date_end": "2024-04-20T03:30:00+00:00", "session_type": "Race", "session_name": "Sprint", "country_key": 53, "country_code": "CHN", "country_name": "China", "circuit_key": 49, "circuit_short_name": "Shanghai", "gmt_offset": "08:00:00", "year": 2024}, {"meeting_key": 1233, "session_key": 9673, "location": "Shanghai", "date_start": "2024-04-21T07:00:00+00:00", "date_end": "2024-04-21T09:00:00+00:00", "session_type": "Race", "session_name": "Race", "country_key": 53, "country_code": "CHN", "country_name": "China", "circuit_key": 49, "circuit_short_name": "Shanghai", "gmt_offset": "08:00:00", "year": 2024}, {"meeting_key": 1234, "session_key": 9506, "location": "Miami", "date_start": "2024-05-04T16:00:00+00:00", "date_end": "2024-05-04T16:30:00+00:00", "session_type": "Race", "session_name": "Sprint", "country_key": 19, "country_code": "USA", "country_name": "United States", "circuit_key": 151, "circuit_short_name": "Miami", "gmt_offset": "-04:00:00", "year": 2024}, {"meeting_key": 1234, "session_key": 9507, "location": "Miami", "date_start": "2024-05-05T20:00:00+00:00", "date_end": "2024-05-05T22:00:00+00:00", "session_type": "Race", "session_name": "Race", "country_key": 19, "country_code": "USA", "country_name": "United States", "circuit_key": 151, "circuit_short_name": "Miami", "gmt_offset": "-04:00:00", "year": 2024}, {"meeting_key": 1235, "session_key": 9515, "location": "Imola", "date_start": "2024-05-19T13:00:00+00:00", "date_end": "2024-05-19T15:00:00+00:00", "session_type": "Race", "session_name": "Race", "country_key": 13, "country_code": "ITA", "country_name": "Italy", "circuit_key": 6, "circuit_short_name": "Imola", "gmt_offset": "02:00:00", "year": 2024}, {"meeting_key": 1236, "session_key": 9523, "location": "Monaco", "date_start": "2024-05-26T13:00:00+00:00", "date_end": "2024-05-26T15:00:00+00:00", "session_type": "Race", "session_name": "Race", "country_key": 114, "country_code": "MON", "country_name": "Monaco", "circuit_key": 22, "circuit_short_name": "Monte Carlo", "gmt_offset": "02:00:00", "year": 2024}, {"meeting_key": 1237, "session_key": 9531, "location": "Montr\u00e9al", "date_start": "2024-06-09T18:00:00+00:00", "date_end": "2024-06-09T20:00:00+00:00", "session_type": "Race", "session_name": "Race", "country_key": 46, "country_code": "CAN", "country_name": "Canada", "circuit_key": 23, "circuit_short_name": "Montreal", "gmt_offset": "-04:00:00", "year": 2024}, {"meeting_key": 1238, "session_key": 9539, "location": "Barcelona", "date_start": "2024-06-23T13:00:00+00:00", "date_end": "2024-06-23T15:00:00+00:00", "session_type": "Race", "session_name": "Race", "country_key": 1, "country_code": "ESP", "country_name": "Spain", "circuit_key": 15, "circuit_short_name": "Catalunya", "gmt_offset": "02:00:00", "year": 2024}, {"meeting_key": 1239, "session_key": 9549, "location": "Spielberg", "date_start": "2024-06-29T10:00:00+00:00", "date_end": "2024-06-29T10:30:00+00:00", "session_type": "Race", "session_name": "Sprint", "country_key": 17, "country_code": "AUT", "country_name": "Austria", "circuit_key": 19, "circuit_short_name": "Spielberg", "gmt_offset": "02:00:00", "year": 2024}, {"meeting_key": 1239, "session_key": 9550, "location": "Spielberg", "date_start": "2024-06-30T13:00:00+00:00", "date_end": "2024-06-30T15:00:00+00:00", "session_type": "Race", "session_name": "Race", "country_key": 17, "country_code": "AUT", "country_name": "Austria", "circuit_key": 19, "circuit_short_name": "Spielberg", "gmt_offset": "02:00:00", "year": 2024}, {"meeting_key": 1240, "session_key": 9558, "location": "Silverstone", "date_start": "2024-07-07T14:00:00+00:00", "date_end": "2024-07-07T16:00:00+00:00", "session_type": "Race", "session_name": "Race", "country_key": 2, "country_code": "GBR", "country_name": "Great Britain", "circuit_key": 2, "circuit_short_name": "Silverstone", "gmt_offset": "01:00:00", "year": 2024}, {"meeting_key": 1241, "session_key": 9566, "location": "Budapest", "date_start": "2024-07-21T13:00:00+00:00", "date_end": "2024-07-21T15:00:00+00:00", "session_type": "Race", "session_name": "Race", "country_key": 14, "country_code": "HUN", "country_name": "Hungary", "circuit_key": 4, "circuit_short_name": "Hungaroring", "gmt_offset": "02:00:00", "year": 2024}, {"meeting_key": 1242, "session_key": 9574, "location": "Spa-Francorchamps", "date_start": "2024-07-28T13:00:00+00:00", "date_end": "2024-07-28T15:00:00+00:00", "session_type": "Race", "session_name": "Race", "country_key": 16, "country_code": "BEL", "country_name": "Belgium", "circuit_key": 7, "circuit_short_name": "Spa-Francorchamps", "gmt_offset": "02:00:00", "year": 2024}, {"meeting_key": 1243, "session_key": 9582, "location": "Zandvoort", "date_start": "2024-08-25T13:00:00+00:00", "date_end": "2024-08-25T15:00:00+00:00", "session_type": "Race", "session_name": "Race", "country_key": 133, "country_code": "NED", "country_name": "Netherlands", "circuit_key": 55, "circuit_short_name": "Zandvoort", "gmt_offset": "02:00:00", "year": 2024}, {"meeting_key": 1244, "session_key": 9590, "location": "Monza", "date_start": "2024-09-01T13:00:00+00:00", "date_end": "2024-09-01T15:00:00+00:00", "session_type": "Race", "session_name": "Race", "country_key": 13, "country_code": "ITA", "country_name": "Italy", "circuit_key": 39, "circuit_short_name": "Monza", "gmt_offset": "02:00:00", "year": 2024}, {"meeting_key": 1245, "session_key": 9598, "location": "Baku", "date_start": "2024-09-15T11:00:00+00:00", "date_end": "2024-09-15T13:00:00+00:00", "session_type": "Race", "session_name": "Race", "country_key": 30, "country_code": "AZE", "country_name": "Azerbaijan", "circuit_key": 144, "circuit_short_name": "Baku", "gmt_offset": "04:00:00", "year": 2024}, {"meeting_key": 1246, "session_key": 9606, "location": "Marina Bay", "date_start": "2024-09-22T12:00:00+00:00", "date_end": "2024-09-22T14:00:00+00:00", "session_type": "Race", "session_name": "Race", "country_key": 157, "country_code": "SGP", "country_name": "Singapore", "circuit_key": 61, "circuit_short_name": "Singapore", "gmt_offset": "08:00:00", "year": 2024}, {"meeting_key": 1247, "session_key": 9616, "location": "Austin", "date_start": "2024-10-19T18:00:00+00:00", "date_end": "2024-10-19T19:00:00+00:00", "session_type": "Race", "session_name": "Sprint", "country_key": 19, "country_code": "USA", "country_name": "United States", "circuit_key": 9, "circuit_short_name": "Austin", "gmt_offset": "-05:00:00", "year": 2024}, {"meeting_key": 1247, "session_key": 9617, "location": "Austin", "date_start": "2024-10-20T19:00:00+00:00", "date_end": "2024-10-20T21:00:00+00:00", "session_type": "Race", "session_name": "Race", "country_key": 19, "country_code": "USA", "country_name": "United States", "circuit_key": 9, "circuit_short_name": "Austin", "gmt_offset": "-05:00:00", "year": 2024}, {"meeting_key": 1248, "session_key": 9625, "location": "Mexico City", "date_start": "2024-10-27T20:00:00+00:00", "date_end": "2024-10-27T22:00:00+00:00", "session_type": "Race", "session_name": "Race", "country_key": 8, "country_code": "MEX", "country_name": "Mexico", "circuit_key": 65, "circuit_short_name": "Mexico City", "gmt_offset": "-06:00:00", "year": 2024}, {"meeting_key": 1249, "session_key": 9635, "location": "S\u00e3o Paulo", "date_start": "2024-11-02T14:00:00+00:00", "date_end": "2024-11-02T15:00:00+00:00", "session_type": "Race", "session_name": "Sprint", "country_key": 10, "country_code": "BRA", "country_name": "Brazil", "circuit_key": 14, "circuit_short_name": "Interlagos", "gmt_offset": "-03:00:00", "year": 2024}, {"meeting_key": 1249, "session_key": 9636, "location": "S\u00e3o Paulo", "date_start": "2024-11-03T15:30:00+00:00", "date_end": "2024-11-03T17:30:00+00:00", "session_type": "Race", "session_name": "Race", "country_key": 10, "country_code": "BRA", "country_name": "Brazil", "circuit_key": 14, "circuit_short_name": "Interlagos", "gmt_offset": "-03:00:00", "year": 2024}, {"meeting_key": 1250, "session_key": 9644, "location": "Las Vegas", "date_start": "2024-11-24T06:00:00+00:00", "date_end": "2024-11-24T08:00:00+00:00", "session_type": "Race", "session_name": "Race", "country_key": 19, "country_code": "USA", "country_name": "United States", "circuit_key": 152, "circuit_short_name": "Las Vegas", "gmt_offset": "-08:00:00", "year": 2024}, {"meeting_key": 1251, "session_key": 9654, "location": "Lusail", "date_start": "2024-11-30T14:00:00+00:00", "date_end": "2024-11-30T15:00:00+00:00", "session_type": "Race", "session_name": "Sprint", "country_key": 149, "country_code": "QAT", "country_name": "Qatar", "circuit_key": 150, "circuit_short_name": "Lusail", "gmt_offset": "03:00:00", "year": 2024}, {"meeting_key": 1251, "session_key": 9655, "location": "Lusail", "date_start": "2024-12-01T16:00:00+00:00", "date_end": "2024-12-01T18:00:00+00:00", "session_type": "Race", "session_name": "Race", "country_key": 149, "country_code": "QAT", "country_name": "Qatar", "circuit_key": 150, "circuit_short_name": "Lusail", "gmt_offset": "03:00:00", "year": 2024}, {"meeting_key": 1252, "session_key": 9662, "location": "Yas Island", "date_start": "2024-12-08T13:00:00+00:00", "date_end": "2024-12-08T15:00:00+00:00", "session_type": "Race", "session_name": "Race", "country_key": 21, "country_code": "UAE", "country_name": "United Arab Emirates", "circuit_key": 70, "circuit_short_name": "Yas Marina Circuit", "gmt_offset": "04:00:00", "year": 2024}, {"meeting_key": 1254, "session_key": 9693, "location": "Melbourne", "date_start": "2025-03-16T04:00:00+00:00", "date_end": "2025-03-16T06:00:00+00:00", "session_type": "Race", "session_name": "Race", "country_key": 5, "country_code": "AUS", "country_name": "Australia", "circuit_key": 10, "circuit_short_name": "Melbourne", "gmt_offset": "11:00:00", "year": 2025}, {"meeting_key": 1255, "session_key": 9993, "location": "Shanghai", "date_start": "2025-03-22T03:00:00+00:00", "date_end": "2025-03-22T04:00:00+00:00", "session_type": "Race", "session_name": "Sprint", "country_key": 53, "country_code": "CHN", "country_name": "China", "circuit_key": 49, "circuit_short_name": "Shanghai", "gmt_offset": "08:00:00", "year": 2025}, {"meeting_key": 1255, "session_key": 9998, "location": "Shanghai", "date_start": "2025-03-23T07:00:00+00:00", "date_end": "2025-03-23T09:00:00+00:00", "session_type": "Race", "session_name": "Race", "country_key": 53, "country_code": "CHN", "country_name": "China", "circuit_key": 49, "circuit_short_name": "Shanghai", "gmt_offset": "08:00:00", "year": 2025}, {"meeting_key": 1256, "session_key": 10006, "location": "Suzuka", "date_start": "2025-04-06T05:00:00+00:00", "date_end": "2025-04-06T07:00:00+00:00", "session_type": "Race", "session_name": "Race", "country_key": 4, "country_code": "JPN", "country_name": "Japan", "circuit_key": 46, "circuit_short_name": "Suzuka", "gmt_offset": "09:00:00", "year": 2025}, {"meeting_key": 1257, "session_key": 10014, "location": "Sakhir", "date_start": "2025-04-13T15:00:00+00:00", "date_end": "2025-04-13T17:00:00+00:00", "session_type": "Race", "session_name": "Race", "country_key": 36, "country_code": "BRN", "country_name": "Bahrain", "circuit_key": 63, "circuit_short_name": "Sakhir", "gmt_offset": "03:00:00", "year": 2025}, {"meeting_key": 1258, "session_key": 10022, "location": "Jeddah", "date_start": "2025-04-20T17:00:00+00:00", "date_end": "2025-04-20T19:00:00+00:00", "session_type": "Race", "session_name": "Race", "country_key": 153, "country_code": "KSA", "country_name": "Saudi Arabia", "circuit_key": 149, "circuit_short_name": "Jeddah", "gmt_offset": "03:00:00", "year": 2025}, {"meeting_key": 1259, "session_key": 10028, "location": "Miami", "date_start": "2025-05-03T16:00:00+00:00", "date_end": "2025-05-03T17:00:00+00:00", "session_type": "Race", "session_name": "Sprint", "country_key": 19, "country_code": "USA", "country_name": "United States", "circuit_key": 151, "circuit_short_name": "Miami", "gmt_offset": "-04:00:00", "year": 2025}, {"meeting_key": 1259, "session_key": 10033, "location": "Miami", "date_start": "2025-05-04T20:00:00+00:00", "date_end": "2025-05-04T22:00:00+00:00", "session_type": "Race", "session_name": "Race", "country_key": 19, "country_code": "USA", "country_name": "United States", "circuit_key": 151, "circuit_short_name": "Miami", "gmt_offset": "-04:00:00", "year": 2025}, {"meeting_key": 1260, "session_key": 9987, "location": "Imola", "date_start": "2025-05-18T13:00:00+00:00", "date_end": "2025-05-18T15:00:00+00:00", "session_type": "Race", "session_name": "Race", "country_key": 13, "country_code": "ITA", "country_name": "Italy", "circuit_key": 6, "circuit_short_name": "Imola", "gmt_offset": "02:00:00", "year": 2025}, {"meeting_key": 1261, "session_key": 9979, "location": "Monaco", "date_start": "2025-05-25T13:00:00+00:00", "date_end": "2025-05-25T15:00:00+00:00", "session_type": "Race", "session_name": "Race", "country_key": 114, "country_code": "MON", "country_name": "Monaco", "circuit_key": 22, "circuit_short_name": "Monte Carlo", "gmt_offset": "02:00:00", "year": 2025}, {"meeting_key": 1262, "session_key": 9971, "location": "Barcelona", "date_start": "2025-06-01T13:00:00+00:00", "date_end": "2025-06-01T15:00:00+00:00", "session_type": "Race", "session_name": "Race", "country_key": 1, "country_code": "ESP", "country_name": "Spain", "circuit_key": 15, "circuit_short_name": "Catalunya", "gmt_offset": "02:00:00", "year": 2025}, {"meeting_key": 1263, "session_key": 9963, "location": "Montr\u00e9al", "date_start": "2025-06-15T18:00:00+00:00", "date_end": "2025-06-15T20:00:00+00:00", "session_type": "Race", "session_name": "Race", "country_key": 46, "country_code": "CAN", "country_name": "Canada", "circuit_key": 23, "circuit_short_name": "Montreal", "gmt_offset": "-04:00:00", "year": 2025}, {"meeting_key": 1264, "session_key": 9955, "location": "Spielberg", "date_start": "2025-06-29T13:00:00+00:00", "date_end": "2025-06-29T15:00:00+00:00", "session_type": "Race", "session_name": "Race", "country_key": 17, "country_code": "AUT", "country_name": "Austria", "circuit_key": 19, "circuit_short_name": "Spielberg", "gmt_offset": "02:00:00", "year": 2025}, {"meeting_key": 1277, "session_key": 9947, "location": "Silverstone", "date_start": "2025-07-06T14:00:00+00:00", "date_end": "2025-07-06T16:00:00+00:00", "session_type": "Race", "session_name": "Race", "country_key": 2, "country_code": "GBR", "country_name": "United Kingdom", "circuit_key": 2, "circuit_short_name": "Silverstone", "gmt_offset": "01:00:00", "year": 2025}, {"meeting_key": 1265, "session_key": 9934, "location": "Spa-Francorchamps", "date_start": "2025-07-26T10:00:00+00:00", "date_end": "2025-07-26T11:00:00+00:00", "session_type": "Race", "session_name": "Sprint", "country_key": 16, "country_code": "BEL", "country_name": "Belgium", "circuit_key": 7, "circuit_short_name": "Spa-Francorchamps", "gmt_offset": "02:00:00", "year": 2025}, {"meeting_key": 1265, "session_key": 9939, "location": "Spa-Francorchamps", "date_start": "2025-07-27T13:00:00+00:00", "date_end": "2025-07-27T15:00:00+00:00", "session_type": "Race", "session_name": "Race", "country_key": 16, "country_code": "BEL", "country_name": "Belgium", "circuit_key": 7, "circuit_short_name": "Spa-Francorchamps", "gmt_offset": "02:00:00", "year": 2025}, {"meeting_key": 1266, "session_key": 9928, "location": "Budapest", "date_start": "2025-08-03T13:00:00+00:00", "date_end": "2025-08-03T15:00:00+00:00", "session_type": "Race", "session_name": "Race", "country_key": 14, "country_code": "HUN", "country_name": "Hungary", "circuit_key": 4, "circuit_short_name": "Hungaroring", "gmt_offset": "02:00:00", "year": 2025}, {"meeting_key": 1267, "session_key": 9920, "location": "Zandvoort", "date_start": "2025-08-31T13:00:00+00:00", "date_end": "2025-08-31T15:00:00+00:00", "session_type": "Race", "session_name": "Race", "country_key": 133, "country_code": "NED", "country_name": "Netherlands", "circuit_key": 55, "circuit_short_name": "Zandvoort", "gmt_offset": "02:00:00", "year": 2025}, {"meeting_key": 1268, "session_key": 9912, "location": "Monza", "date_start": "2025-09-07T13:00:00+00:00", "date_end": "2025-09-07T15:00:00+00:00", "session_type": "Race", "session_name": "Race", "country_key": 13, "country_code": "ITA", "country_name": "Italy", "circuit_key": 39, "circuit_short_name": "Monza", "gmt_offset": "02:00:00", "year": 2025}, {"meeting_key": 1269, "session_key": 9904, "location": "Baku", "date_start": "2025-09-21T11:00:00+00:00", "date_end": "2025-09-21T13:00:00+00:00", "session_type": "Race", "session_name": "Race", "country_key": 30, "country_code": "AZE", "country_name": "Azerbaijan", "circuit_key": 144, "circuit_short_name": "Baku", "gmt_offset": "04:00:00", "year": 2025}, {"meeting_key": 1270, "session_key": 9896, "location": "Marina Bay", "date_start": "2025-10-05T12:00:00+00:00", "date_end": "2025-10-05T14:00:00+00:00", "session_type": "Race", "session_name": "Race", "country_key": 157, "country_code": "SGP", "country_name": "Singapore", "circuit_key": 61, "circuit_short_name": "Singapore", "gmt_offset": "08:00:00", "year": 2025}, {"meeting_key": 1271, "session_key": 9883, "location": "Austin", "date_start": "2025-10-18T17:00:00+00:00", "date_end": "2025-10-18T18:00:00+00:00", "session_type": "Race", "session_name": "Sprint", "country_key": 19, "country_code": "USA", "country_name": "United States", "circuit_key": 9, "circuit_short_name": "Austin", "gmt_offset": "-05:00:00", "year": 2025}, {"meeting_key": 1271, "session_key": 9888, "location": "Austin", "date_start": "2025-10-19T19:00:00+00:00", "date_end": "2025-10-19T21:00:00+00:00", "session_type": "Race", "session_name": "Race", "country_key": 19, "country_code": "USA", "country_name": "United States", "circuit_key": 9, "circuit_short_name": "Austin", "gmt_offset": "-05:00:00", "year": 2025}, {"meeting_key": 1272, "session_key": 9877, "location": "Mexico City", "date_start": "2025-10-26T20:00:00+00:00", "date_end": "2025-10-26T22:00:00+00:00", "session_type": "Race", "session_name": "Race", "country_key": 8, "country_code": "MEX", "country_name": "Mexico", "circuit_key": 65, "circuit_short_name": "Mexico City", "gmt_offset": "-06:00:00", "year": 2025}, {"meeting_key": 1273, "session_key": 9864, "location": "S\u00e3o Paulo", "date_start": "2025-11-08T14:00:00+00:00", "date_end": "2025-11-08T15:00:00+00:00", "session_type": "Race", "session_name": "Sprint", "country_key": 10, "country_code": "BRA", "country_name": "Brazil", "circuit_key": 14, "circuit_short_name": "Interlagos", "gmt_offset": "-03:00:00", "year": 2025}, {"meeting_key": 1273, "session_key": 9869, "location": "S\u00e3o Paulo", "date_start": "2025-11-09T17:00:00+00:00", "date_end": "2025-11-09T19:00:00+00:00", "session_type": "Race", "session_name": "Race", "country_key": 10, "country_code": "BRA", "country_name": "Brazil", "circuit_key": 14, "circuit_short_name": "Interlagos", "gmt_offset": "-03:00:00", "year": 2025}, {"meeting_key": 1274, "session_key": 9858, "location": "Las Vegas", "date_start": "2025-11-23T04:00:00+00:00", "date_end": "2025-11-23T06:00:00+00:00", "session_type": "Race", "session_name": "Race", "country_key": 19, "country_code": "USA", "country_name": "United States", "circuit_key": 152, "circuit_short_name": "Las Vegas", "gmt_offset": "-08:00:00", "year": 2025}, {"meeting_key": 1275, "session_key": 9845, "location": "Lusail", "date_start": "2025-11-29T14:00:00+00:00", "date_end": "2025-11-29T15:00:00+00:00", "session_type": "Race", "session_name": "Sprint", "country_key": 149, "country_code": "QAT", "country_name": "Qatar", "circuit_key": 150, "circuit_short_name": "Lusail", "gmt_offset": "03:00:00", "year": 2025}, {"meeting_key": 1275, "session_key": 9850, "location": "Lusail", "date_start": "2025-11-30T16:00:00+00:00", "date_end": "2025-11-30T18:00:00+00:00", "session_type": "Race", "session_name": "Race", "country_key": 149, "country_code": "QAT", "country_name": "Qatar", "circuit_key": 150, "circuit_short_name": "Lusail", "gmt_offset": "03:00:00", "year": 2025}, {"meeting_key": 1276, "session_key": 9839, "location": "Yas Island", "date_start": "2025-12-07T13:00:00+00:00", "date_end": "2025-12-07T15:00:00+00:00", "session_type": "Race", "session_name": "Race", "country_key": 21, "country_code": "UAE", "country_name": "United Arab Emirates", "circuit_key": 70, "circuit_short_name": "Yas Marina Circuit", "gmt_offset": "04:00:00", "year": 2025}]