[{"meeting_key": 1274, "session_key": 9858, "stint_number": 1, "driver_number": 43, "lap_start": 1, "lap_end": 25, "compound": "HARD", "tyre_age_at_start": 0}, {"meeting_key": 1274, "session_key": 9858, "stint_number": 1, "driver_number": 63, "lap_start": 1, "lap_end": 17, "compound": "MEDIUM", "tyre_age_at_start": 0}, {"meeting_key": 1274, "session_key": 9858, "stint_number": 1, "driver_number": 18, "lap_start": 1, "lap_end": 1, "compound": "MEDIUM", "tyre_age_at_start": 0}, {"meeting_key": 1274, "session_key": 9858, "stint_number": 1, "driver_number": 4, "lap_start": 1, "lap_end": 22, "compound": "MEDIUM", "tyre_age_at_start": 0}, {"meeting_key": 1274, "session_key": 9858, "stint_number": 1, "driver_number": 44, "lap_start": 1, "lap_end": 29, "compound": "HARD", "tyre_age_at_start": 0}, {"meeting_key": 1274, "session_key": 9858, "stint_number": 1, "driver_number": 14, "lap_start": 1, "lap_end": 16, "compound": "MEDIUM", "tyre_age_at_start": 0}, {"meeting_key": 1274, "session_key": 9858, "stint_number": 1, "driver_number": 55, "lap_start": 1, "lap_end": 22, "compound": "MEDIUM", "tyre_age_at_start": 0}, {"meeting_key": 1274, "session_key": 9858, "stint_number": 1, "driver_number": 10, "lap_start": 1, "lap_end": 2, "compound": "MEDIUM", "tyre_age_at_start": 0}, {"meeting_key": 1274, "session_key": 9858, "stint_number": 1, "driver_number": 30, "lap_start": 1, "lap_end": 2, "compound": "MEDIUM", "tyre_age_at_start": 0}, {"meeting_key": 1274, "session_key": 9858, "stint_number": 1, "driver_number": 16, "lap_start": 1, "lap_end": 24, "compound": "MEDIUM", "tyre_age_at_start": 0}, {"meeting_key": 1274, "session_key": 9858, "stint_number": 1, "driver_number": 87, "lap_start": 1, "lap_end": 17, "compound": "MEDIUM", "tyre_age_at_start": 0}, {"meeting_key": 1274, "session_key": 9858, "stint_number": 1, "driver_number": 81, "lap_start": 1, "lap_end": 21, "compound": "MEDIUM", "tyre_age_at_start": 0}, {"meeting_key": 1274, "session_key": 9858, "stint_number": 1, "driver_number": 5, "lap_start": 1, "lap_end": 1, "compound": "HARD", "tyre_age_at_start": 0}, {"meeting_key": 1274, "session_key": 9858, "stint_number": 1, "driver_number": 31, "lap_start": 1, "lap_end": 27, "compound": "MEDIUM", "tyre_age_at_start": 0}, {"meeting_key": 1274, "session_key": 9858, "stint_number": 1, "driver_number": 6, "lap_start": 1, "lap_end": 20, "compound": "MEDIUM", "tyre_age_at_start": 0}, {"meeting_key": 1274, "session_key": 9858, "stint_number": 1, "driver_number": 12, "lap_start": 1, "lap_end": 2, "compound": "SOFT", "tyre_age_at_start": 0}, {"meeting_key": 1274, "session_key": 9858, "stint_number": 1, "driver_number": 1, "lap_start": 1, "lap_end": 25, "compound": "MEDIUM", "tyre_age_at_start": 0}, {"meeting_key": 1274, "session_key": 9858, "stint_number": 1, "driver_number": 27, "lap_start": 1, "lap_end": 30, "compound": "HARD", "tyre_age_at_start": 0}, {"meeting_key": 1274, "session_key": 9858, "stint_number": 1, "driver_number": 22, "lap_start": 1, "lap_end": 1, "compound": "MEDIUM", "tyre_age_at_start": 0}, {"meeting_key": 1274, "session_key": 9858, "stint_number": 1, "driver_number": 23, "lap_start": 1, "lap_end": 13, "compound": "HARD", "tyre_age_at_start": 0}, {"meeting_key": 1274, "session_key": 9858, "stint_number": 2, "driver_number": 22, "lap_start": 2, "lap_end": 27, "compound": "HARD", "tyre_age_at_start": 0}, {"meeting_key": 1274, "session_key": 9858, "stint_number": 2, "driver_number": 5, "lap_start": 2, "lap_end": 2, "compound": "MEDIUM", "tyre_age_at_start": 0}, {"meeting_key": 1274, "session_key": 9858, "stint_number": 2, "driver_number": 12, "lap_start": 3, "lap_end": 50, "compound": "HARD", "tyre_age_at_start": 0}, {"meeting_key": 1274, "session_key": 9858, "stint_number": 2, "driver_number": 10, "lap_start": 3, "lap_end": 50, "compound": "HARD", "tyre_age_at_start": 0}, {"meeting_key": 1274, "session_key": 9858, "stint_number": 2, "driver_number": 30, "lap_start": 3, "lap_end": 28, "compound": "HARD", "tyre_age_at_start": 0}, {"meeting_key": 1274, "session_key": 9858, "stint_number": 2, "driver_number": 23, "lap_start": 14, "lap_end": 14, "compound": "MEDIUM", "tyre_age_at_start": 0}, {"meeting_key": 1274, "session_key": 9858, "stint_number": 3, "driver_number": 23, "lap_start": 15, "lap_end": 34, "compound": "HARD", "tyre_age_at_start": 0}, {"meeting_key": 1274, "session_key": 9858, "stint_number": 2, "driver_number": 14, "lap_start": 17, "lap_end": 50, "compound": "HARD", "tyre_age_at_start": 0}, {"meeting_key": 1274, "session_key": 9858, "stint_number": 2, "driver_number": 63, "lap_start": 18, "lap_end": 18, "compound": "HARD", "tyre_age_at_start": 0}, {"meeting_key": 1274, "session_key": 9858, "stint_number": 3, "driver_number": 63, "lap_start": 19, "lap_end": 50, "compound": "HARD", "tyre_age_at_start": 0}, {"meeting_key": 1274, "session_key": 9858, "stint_number": 2, "driver_number": 87, "lap_start": 18, "lap_end": 50, "compound": "HARD", "tyre_age_at_start": 0}, {"meeting_key": 1274, "session_key": 9858, "stint_number": 2, "driver_number": 6, "lap_start": 21, "lap_end": 50, "compound": "HARD", "tyre_age_at_start": 0}, {"meeting_key": 1274, "session_key": 9858, "stint_number": 2, "driver_number": 81, "lap_start": 22, "lap_end": 50, "compound": "HARD", "tyre_age_at_start": 0}, {"meeting_key": 1274, "session_key": 9858, "stint_number": 2, "driver_number": 4, "lap_start": 23, "lap_end": 50, "compound": "HARD", "tyre_age_at_start": 0}, {"meeting_key": 1274, "session_key": 9858, "stint_number": 2, "driver_number": 55, "lap_start": 23, "lap_end": 50, "compound": "HARD", "tyre_age_at_start": 0}, {"meeting_key": 1274, "session_key": 9858, "stint_number": 2, "driver_number": 16, "lap_start": 25, "lap_end": 50, "compound": "HARD", "tyre_age_at_start": 0}, {"meeting_key": 1274, "session_key": 9858, "stint_number": 2, "driver_number": 1, "lap_start": 26, "lap_end": 50, "compound": "HARD", "tyre_age_at_start": 0}, {"meeting_key": 1274, "session_key": 9858, "stint_number": 2, "driver_number": 43, "lap_start": 26, "lap_end": 49, "compound": "MEDIUM", "tyre_age_at_start": 0}, {"meeting_key": 1274, "session_key": 9858, "stint_number": 2, "driver_number": 31, "lap_start": 28, "lap_end": 50, "compound": "HARD", "tyre_age_at_start": 0}, {"meeting_key": 1274, "session_key": 9858, "stint_number": 3, "driver_number": 22, "lap_start": 28, "lap_end": 50, "compound": "MEDIUM", "tyre_age_at_start": 0}, {"meeting_key": 1274, "session_key": 9858, "stint_number": 3, "driver_number": 30, "lap_start": 29, "lap_end": 49, "compound": "HARD", "tyre_age_at_start": 0}, {"meeting_key": 1274, "session_key": 9858, "stint_number": 2, "driver_number": 44, "lap_start": 30, "lap_end": 50, "compound": "MEDIUM", "tyre_age_at_start": 0}, {"meeting_key": 1274, "session_key": 9858, "stint_number": 2, "driver_number": 27, "lap_start": 31, "lap_end": 50, "compound": "MEDIUM", "tyre_age_at_start": 0}, {"meeting_key": 1274, "session_key": 9858, "stint_number": 4, "driver_number": 23, "lap_start": 35, "lap_end": 35, "compound": "MEDIUM", "tyre_age_at_start": 1}]