[{"meeting_key": 1266, "session_key": 9928, "stint_number": 1, "driver_number": 27, "lap_start": 1, "lap_end": 5, "compound": "SOFT", "tyre_age_at_start": 0}, {"meeting_key": 1266, "session_key": 9928, "stint_number": 1, "driver_number": 43, "lap_start": 1, "lap_end": 13, "compound": "MEDIUM", "tyre_age_at_start": 0}, {"meeting_key": 1266, "session_key": 9928, "stint_number": 1, "driver_number": 31, "lap_start": 1, "lap_end": 14, "compound": "MEDIUM", "tyre_age_at_start": 0}, {"meeting_key": 1266, "session_key": 9928, "stint_number": 1, "driver_number": 23, "lap_start": 1, "lap_end": 14, "compound": "SOFT", "tyre_age_at_start": 0}, {"meeting_key": 1266, "session_key": 9928, "stint_number": 1, "driver_number": 55, "lap_start": 1, "lap_end": 15, "compound": "SOFT", "tyre_age_at_start": 0}, {"meeting_key": 1266, "session_key": 9928, "stint_number": 1, "driver_number": 1, "lap_start": 1, "lap_end": 17, "compound": "MEDIUM", "tyre_age_at_start": 0}, {"meeting_key": 1266, "session_key": 9928, "stint_number": 1, "driver_number": 81, "lap_start": 1, "lap_end": 18, "compound": "MEDIUM", "tyre_age_at_start": 0}, {"meeting_key": 1266, "session_key": 9928, "stint_number": 1, "driver_number": 16, "lap_start": 1, "lap_end": 19, "compound": "MEDIUM", "tyre_age_at_start": 0}, {"meeting_key": 1266, "session_key": 9928, "stint_number": 1, "driver_number": 63, "lap_start": 1, "lap_end": 19, "compound": "MEDIUM", "tyre_age_at_start": 0}, {"meeting_key": 1266, "session_key": 9928, "stint_number": 1, "driver_number": 22, "lap_start": 1, "lap_end": 20, "compound": "MEDIUM", "tyre_age_at_start": 0}, {"meeting_key": 1266, "session_key": 9928, "stint_number": 1, "driver_number": 12, "lap_start": 1, "lap_end": 21, "compound": "MEDIUM", "tyre_age_at_start": 0}, {"meeting_key": 1266, "session_key": 9928, "stint_number": 1, "driver_number": 87, "lap_start": 1, "lap_end": 30, "compound": "MEDIUM", "tyre_age_at_start": 0}, {"meeting_key": 1266, "session_key": 9928, "stint_number": 1, "driver_number": 4, "lap_start": 1, "lap_end": 31, "compound": "MEDIUM", "tyre_age_at_start": 0}, {"meeting_key": 1266, "session_key": 9928, "stint_number": 1, "driver_number": 10, "lap_start": 1, "lap_end": 32, "compound": "HARD", "tyre_age_at_start": 0}, {"meeting_key": 1266, "session_key": 9928, "stint_number": 1, "driver_number": 6, "lap_start": 1, "lap_end": 33, "compound": "MEDIUM", "tyre_age_at_start": 0}, {"meeting_key": 1266, "session_key": 9928, "stint_number": 2, "driver_number": 43, "lap_start": 14, "lap_end": 35, "compound": "HARD", "tyre_age_at_start": 0}, {"meeting_key": 1266, "session_key": 9928, "stint_number": 1, "driver_number": 18, "lap_start": 1, "lap_end": 36, "compound": "MEDIUM", "tyre_age_at_start": 1}, {"meeting_key": 1266, "session_key": 9928, "stint_number": 2, "driver_number": 22, "lap_start": 21, "lap_end": 37, "compound": "SOFT", "tyre_age_at_start": 0}, {"meeting_key": 1266, "session_key": 9928, "stint_number": 2, "driver_number": 23, "lap_start": 15, "lap_end": 38, "compound": "MEDIUM", "tyre_age_at_start": 0}, {"meeting_key": 1266, "session_key": 9928, "stint_number": 1, "driver_number": 14, "lap_start": 1, "lap_end": 39, "compound": "MEDIUM", "tyre_age_at_start": 1}, {"meeting_key": 1266, "session_key": 9928, "stint_number": 2, "driver_number": 16, "lap_start": 20, "lap_end": 40, "compound": "HARD", "tyre_age_at_start": 0}, {"meeting_key": 1266, "session_key": 9928, "stint_number": 1, "driver_number": 5, "lap_start": 1, "lap_end": 40, "compound": "MEDIUM", "tyre_age_at_start": 0}, {"meeting_key": 1266, "session_key": 9928, "stint_number": 1, "driver_number": 30, "lap_start": 1, "lap_end": 40, "compound": "MEDIUM", "tyre_age_at_start": 0}, {"meeting_key": 1266, "session_key": 9928, "stint_number": 2, "driver_number": 27, "lap_start": 6, "lap_end": 41, "compound": "MEDIUM", "tyre_age_at_start": 0}, {"meeting_key": 1266, "session_key": 9928, "stint_number": 1, "driver_number": 44, "lap_start": 1, "lap_end": 42, "compound": "HARD", "tyre_age_at_start": 0}, {"meeting_key": 1266, "session_key": 9928, "stint_number": 2, "driver_number": 63, "lap_start": 20, "lap_end": 43, "compound": "HARD", "tyre_age_at_start": 0}, {"meeting_key": 1266, "session_key": 9928, "stint_number": 2, "driver_number": 81, "lap_start": 19, "lap_end": 45, "compound": "HARD", "tyre_age_at_start": 1}, {"meeting_key": 1266, "session_key": 9928, "stint_number": 2, "driver_number": 1, "lap_start": 18, "lap_end": 48, "compound": "HARD", "tyre_age_at_start": 0}, {"meeting_key": 1266, "session_key": 9928, "stint_number": 2, "driver_number": 87, "lap_start": 31, "lap_end": 48, "compound": "HARD", "tyre_age_at_start": 0}, {"meeting_key": 1266, "session_key": 9928, "stint_number": 2, "driver_number": 55, "lap_start": 16, "lap_end": 51, "compound": "HARD", "tyre_age_at_start": 0}, {"meeting_key": 1266, "session_key": 9928, "stint_number": 2, "driver_number": 4, "lap_start": 32, "lap_end": 70, "compound": "HARD", "tyre_age_at_start": 0}, {"meeting_key": 1266, "session_key": 9928, "stint_number": 3, "driver_number": 81, "lap_start": 46, "lap_end": 70, "compound": "HARD", "tyre_age_at_start": 0}, {"meeting_key": 1266, "session_key": 9928, "stint_number": 2, "driver_number": 12, "lap_start": 22, "lap_end": 69, "compound": "HARD", "tyre_age_at_start": 0}, {"meeting_key": 1266, "session_key": 9928, "stint_number": 2, "driver_number": 6, "lap_start": 34, "lap_end": 69, "compound": "HARD", "tyre_age_at_start": 0}, {"meeting_key": 1266, "session_key": 9928, "stint_number": 2, "driver_number": 44, "lap_start": 43, "lap_end": 69, "compound": "MEDIUM", "tyre_age_at_start": 0}, {"meeting_key": 1266, "session_key": 9928, "stint_number": 3, "driver_number": 63, "lap_start": 44, "lap_end": 70, "compound": "HARD", "tyre_age_at_start": 0}, {"meeting_key": 1266, "session_key": 9928, "stint_number": 3, "driver_number": 27, "lap_start": 42, "lap_end": 69, "compound": "MEDIUM", "tyre_age_at_start": 0}, {"meeting_key": 1266, "session_key": 9928, "stint_number": 3, "driver_number": 55, "lap_start": 52, "lap_end": 69, "compound": "MEDIUM", "tyre_age_at_start": 0}, {"meeting_key": 1266, "session_key": 9928, "stint_number": 3, "driver_number": 16, "lap_start": 41, "lap_end": 70, "compound": "HARD", "tyre_age_at_start": 0}, {"meeting_key": 1266, "session_key": 9928, "stint_number": 3, "driver_number": 23, "lap_start": 39, "lap_end": 69, "compound": "HARD", "tyre_age_at_start": 0}, {"meeting_key": 1266, "session_key": 9928, "stint_number": 2, "driver_number": 31, "lap_start": 15, "lap_end": 69, "compound": "HARD", "tyre_age_at_start": 0}, {"meeting_key": 1266, "session_key": 9928, "stint_number": 2, "driver_number": 10, "lap_start": 33, "lap_end": 69, "compound": "MEDIUM", "tyre_age_at_start": 0}, {"meeting_key": 1266, "session_key": 9928, "stint_number": 3, "driver_number": 22, "lap_start": 38, "lap_end": 69, "compound": "HARD", "tyre_age_at_start": 0}, {"meeting_key": 1266, "session_key": 9928, "stint_number": 3, "driver_number": 43, "lap_start": 36, "lap_end": 69, "compound": "HARD", "tyre_age_at_start": 0}, {"meeting_key": 1266, "session_key": 9928, "stint_number": 2, "driver_number": 14, "lap_start": 40, "lap_end": 70, "compound": "HARD", "tyre_age_at_start": 1}, {"meeting_key": 1266, "session_key": 9928, "stint_number": 2, "driver_number": 5, "lap_start": 41, "lap_end": 70, "compound": "HARD", "tyre_age_at_start": 0}, {"meeting_key": 1266, "session_key": 9928, "stint_number": 2, "driver_number": 18, "lap_start": 37, "lap_end": 70, "compound": "HARD", "tyre_age_at_start": 1}, {"meeting_key": 1266, "session_key": 9928, "stint_number": 2, "driver_number": 30, "lap_start": 41, "lap_end": 70, "compound": "HARD", "tyre_age_at_start": 0}, {"meeting_key": 1266, "session_key": 9928, "stint_number": 3, "driver_number": 1, "lap_start": 49, "lap_end": 70, "compound": "HARD", "tyre_age_at_start": 0}]