[{"meeting_key": 1275, "session_key": 9845, "stint_number": 1, "driver_number": 22, "lap_start": 1, "lap_end": 1, "compound": "MEDIUM", "tyre_age_at_start": 6}, {"meeting_key": 1275, "session_key": 9845, "stint_number": 1, "driver_number": 6, "lap_start": 1, "lap_end": 1, "compound": "MEDIUM", "tyre_age_at_start": 6}, {"meeting_key": 1275, "session_key": 9845, "stint_number": 1, "driver_number": 1, "lap_start": 1, "lap_end": 1, "compound": "MEDIUM", "tyre_age_at_start": 6}, {"meeting_key": 1275, "session_key": 9845, "stint_number": 1, "driver_number": 23, "lap_start": 1, "lap_end": 1, "compound": "MEDIUM", "tyre_age_at_start": 6}, {"meeting_key": 1275, "session_key": 9845, "stint_number": 1, "driver_number": 14, "lap_start": 1, "lap_end": 1, "compound": "MEDIUM", "tyre_age_at_start": 6}, {"meeting_key": 1275, "session_key": 9845, "stint_number": 1, "driver_number": 4, "lap_start": 1, "lap_end": 1, "compound": "MEDIUM", "tyre_age_at_start": 5}, {"meeting_key": 1275, "session_key": 9845, "stint_number": 1, "driver_number": 12, "lap_start": 1, "lap_end": 1, "compound": "MEDIUM", "tyre_age_at_start": 6}, {"meeting_key": 1275, "session_key": 9845, "stint_number": 1, "driver_number": 5, "lap_start": 1, "lap_end": 1, "compound": "MEDIUM", "tyre_age_at_start": 6}, {"meeting_key": 1275, "session_key": 9845, "stint_number": 1, "driver_number": 10, "lap_start": 1, "lap_end": 1, "compound": "MEDIUM", "tyre_age_at_start": 0}, {"meeting_key": 1275, "session_key": 9845, "stint_number": 1, "driver_number": 16, "lap_start": 1, "lap_end": 1, "compound": "MEDIUM", "tyre_age_at_start": 6}, {"meeting_key": 1275, "session_key": 9845, "stint_number": 1, "driver_number": 18, "lap_start": 1, "lap_end": 13, "compound": "MEDIUM", "tyre_age_at_start": 7}, {"meeting_key": 1275, "session_key": 9845, "stint_number": 1, "driver_number": 43, "lap_start": 1, "lap_end": 17, "compound": "MEDIUM", "tyre_age_at_start": 0}, {"meeting_key": 1275, "session_key": 9845, "stint_number": 1, "driver_number": 81, "lap_start": 1, "lap_end": 19, "compound": "MEDIUM", "tyre_age_at_start": 5}, {"meeting_key": 1275, "session_key": 9845, "stint_number": 1, "driver_number": 63, "lap_start": 1, "lap_end": 19, "compound": "MEDIUM", "tyre_age_at_start": 6}, {"meeting_key": 1275, "session_key": 9845, "stint_number": 2, "driver_number": 4, "lap_start": 2, "lap_end": 19, "compound": "HARD", "tyre_age_at_start": 0}, {"meeting_key": 1275, "session_key": 9845, "stint_number": 2, "driver_number": 1, "lap_start": 2, "lap_end": 19, "compound": "HARD", "tyre_age_at_start": 0}, {"meeting_key": 1275, "session_key": 9845, "stint_number": 2, "driver_number": 22, "lap_start": 2, "lap_end": 19, "compound": "HARD", "tyre_age_at_start": 0}, {"meeting_key": 1275, "session_key": 9845, "stint_number": 2, "driver_number": 12, "lap_start": 2, "lap_end": 19, "compound": "HARD", "tyre_age_at_start": 0}, {"meeting_key": 1275, "session_key": 9845, "stint_number": 2, "driver_number": 14, "lap_start": 2, "lap_end": 19, "compound": "HARD", "tyre_age_at_start": 0}, {"meeting_key": 1275, "session_key": 9845, "stint_number": 1, "driver_number": 55, "lap_start": 1, "lap_end": 19, "compound": "MEDIUM", "tyre_age_at_start": 6}, {"meeting_key": 1275, "session_key": 9845, "stint_number": 2, "driver_number": 6, "lap_start": 2, "lap_end": 19, "compound": "HARD", "tyre_age_at_start": 0}, {"meeting_key": 1275, "session_key": 9845, "stint_number": 2, "driver_number": 23, "lap_start": 2, "lap_end": 19, "compound": "HARD", "tyre_age_at_start": 0}, {"meeting_key": 1275, "session_key": 9845, "stint_number": 2, "driver_number": 5, "lap_start": 2, "lap_end": 19, "compound": "HARD", "tyre_age_at_start": 0}, {"meeting_key": 1275, "session_key": 9845, "stint_number": 1, "driver_number": 87, "lap_start": 1, "lap_end": 19, "compound": "MEDIUM", "tyre_age_at_start": 6}, {"meeting_key": 1275, "session_key": 9845, "stint_number": 2, "driver_number": 16, "lap_start": 2, "lap_end": 19, "compound": "HARD", "tyre_age_at_start": 0}, {"meeting_key": 1275, "session_key": 9845, "stint_number": 1, "driver_number": 30, "lap_start": 1, "lap_end": 19, "compound": "MEDIUM", "tyre_age_at_start": 6}, {"meeting_key": 1275, "session_key": 9845, "stint_number": 1, "driver_number": 31, "lap_start": 1, "lap_end": 19, "compound": "MEDIUM", "tyre_age_at_start": 6}, {"meeting_key": 1275, "session_key": 9845, "stint_number": 1, "driver_number": 27, "lap_start": 1, "lap_end": 19, "compound": "MEDIUM", "tyre_age_at_start": 6}, {"meeting_key": 1275, "session_key": 9845, "stint_number": 1, "driver_number": 44, "lap_start": 1, "lap_end": 19, "compound": "MEDIUM", "tyre_age_at_start": 0}, {"meeting_key": 1275, "session_key": 9845, "stint_number": 2, "driver_number": 10, "lap_start": 2, "lap_end": 19, "compound": "SOFT", "tyre_age_at_start": 0}, {"meeting_key": 1275, "session_key": 9845, "stint_number": 2, "driver_number": 18, "lap_start": 14, "lap_end": 19, "compound": "SOFT", "tyre_age_at_start": 10}, {"meeting_key": 1275, "session_key": 9845, "stint_number": 2, "driver_number": 43, "lap_start": 18, "lap_end": 19, "compound": "SOFT", "tyre_age_at_start": 6}]