[{"meeting_key": 1211, "session_key": 9102, "stint_number": 1, "driver_number": 11, "lap_start": 1, "lap_end": 27, "compound": "MEDIUM", "tyre_age_at_start": 0}, {"meeting_key": 1211, "session_key": 9102, "stint_number": 1, "driver_number": 31, "lap_start": 1, "lap_end": 13, "compound": "SOFT", "tyre_age_at_start": 3}, {"meeting_key": 1211, "session_key": 9102, "stint_number": 1, "driver_number": 77, "lap_start": 1, "lap_end": 5, "compound": "SOFT", "tyre_age_at_start": 0}, {"meeting_key": 1211, "session_key": 9102, "stint_number": 1, "driver_number": 21, "lap_start": 1, "lap_end": 9, "compound": "SOFT", "tyre_age_at_start": 0}, {"meeting_key": 1211, "session_key": 9102, "stint_number": 1, "driver_number": 1, "lap_start": 1, "lap_end": 26, "compound": "MEDIUM", "tyre_age_at_start": 0}, {"meeting_key": 1211, "session_key": 9102, "stint_number": 1, "driver_number": 16, "lap_start": 1, "lap_end": 16, "compound": "HARD", "tyre_age_at_start": 0}, {"meeting_key": 1211, "session_key": 9102, "stint_number": 1, "driver_number": 27, "lap_start": 1, "lap_end": 8, "compound": "SOFT", "tyre_age_at_start": 3}, {"meeting_key": 1211, "session_key": 9102, "stint_number": 1, "driver_number": 2, "lap_start": 1, "lap_end": 17, "compound": "MEDIUM", "tyre_age_at_start": 0}, {"meeting_key": 1211, "session_key": 9102, "stint_number": 1, "driver_number": 22, "lap_start": 1, "lap_end": 10, "compound": "SOFT", "tyre_age_at_start": 0}, {"meeting_key": 1211, "session_key": 9102, "stint_number": 1, "driver_number": 23, "lap_start": 1, "lap_end": 16, "compound": "SOFT", "tyre_age_at_start": 0}, {"meeting_key": 1211, "session_key": 9102, "stint_number": 1, "driver_number": 63, "lap_start": 1, "lap_end": 25, "compound": "SOFT", "tyre_age_at_start": 0}, {"meeting_key": 1211, "session_key": 9102, "stint_number": 1, "driver_number": 18, "lap_start": 1, "lap_end": 14, "compound": "SOFT", "tyre_age_at_start": 3}, {"meeting_key": 1211, "session_key": 9102, "stint_number": 1, "driver_number": 24, "lap_start": 1, "lap_end": 9, "compound": "SOFT", "tyre_age_at_start": 0}, {"meeting_key": 1211, "session_key": 9102, "stint_number": 1, "driver_number": 44, "lap_start": 1, "lap_end": 24, "compound": "SOFT", "tyre_age_at_start": 3}, {"meeting_key": 1211, "session_key": 9102, "stint_number": 1, "driver_number": 14, "lap_start": 1, "lap_end": 19, "compound": "SOFT", "tyre_age_at_start": 3}, {"meeting_key": 1211, "session_key": 9102, "stint_number": 1, "driver_number": 20, "lap_start": 1, "lap_end": 10, "compound": "SOFT", "tyre_age_at_start": 0}, {"meeting_key": 1211, "session_key": 9102, "stint_number": 1, "driver_number": 4, "lap_start": 1, "lap_end": 1, "compound": "SOFT", "tyre_age_at_start": 2}, {"meeting_key": 1211, "session_key": 9102, "stint_number": 1, "driver_number": 55, "lap_start": 1, "lap_end": 15, "compound": "SOFT", "tyre_age_at_start": 3}, {"meeting_key": 1211, "session_key": 9102, "stint_number": 1, "driver_number": 10, "lap_start": 1, "lap_end": 19, "compound": "SOFT", "tyre_age_at_start": 3}, {"meeting_key": 1211, "session_key": 9102, "stint_number": 1, "driver_number": 81, "lap_start": 1, "lap_end": 17, "compound": "SOFT", "tyre_age_at_start": 2}, {"meeting_key": 1211, "session_key": 9102, "stint_number": 2, "driver_number": 4, "lap_start": 2, "lap_end": 22, "compound": "HARD", "tyre_age_at_start": 0}, {"meeting_key": 1211, "session_key": 9102, "stint_number": 2, "driver_number": 77, "lap_start": 6, "lap_end": 39, "compound": "HARD", "tyre_age_at_start": 0}, {"meeting_key": 1211, "session_key": 9102, "stint_number": 2, "driver_number": 27, "lap_start": 9, "lap_end": 26, "compound": "MEDIUM", "tyre_age_at_start": 0}, {"meeting_key": 1211, "session_key": 9102, "stint_number": 2, "driver_number": 24, "lap_start": 10, "lap_end": 36, "compound": "HARD", "tyre_age_at_start": 0}, {"meeting_key": 1211, "session_key": 9102, "stint_number": 2, "driver_number": 21, "lap_start": 10, "lap_end": 38, "compound": "HARD", "tyre_age_at_start": 0}, {"meeting_key": 1211, "session_key": 9102, "stint_number": 2, "driver_number": 22, "lap_start": 11, "lap_end": 34, "compound": "HARD", "tyre_age_at_start": 0}, {"meeting_key": 1211, "session_key": 9102, "stint_number": 2, "driver_number": 20, "lap_start": 11, "lap_end": 24, "compound": "MEDIUM", "tyre_age_at_start": 0}, {"meeting_key": 1211, "session_key": 9102, "stint_number": 2, "driver_number": 31, "lap_start": 14, "lap_end": 35, "compound": "MEDIUM", "tyre_age_at_start": 0}, {"meeting_key": 1211, "session_key": 9102, "stint_number": 2, "driver_number": 18, "lap_start": 15, "lap_end": 34, "compound": "SOFT", "tyre_age_at_start": 0}, {"meeting_key": 1211, "session_key": 9102, "stint_number": 2, "driver_number": 55, "lap_start": 16, "lap_end": 41, "compound": "MEDIUM", "tyre_age_at_start": 0}, {"meeting_key": 1211, "session_key": 9102, "stint_number": 2, "driver_number": 16, "lap_start": 17, "lap_end": 41, "compound": "SOFT", "tyre_age_at_start": 0}, {"meeting_key": 1211, "session_key": 9102, "stint_number": 2, "driver_number": 23, "lap_start": 17, "lap_end": 37, "compound": "HARD", "tyre_age_at_start": 0}, {"meeting_key": 1211, "session_key": 9102, "stint_number": 2, "driver_number": 81, "lap_start": 18, "lap_end": 39, "compound": "HARD", "tyre_age_at_start": 0}, {"meeting_key": 1211, "session_key": 9102, "stint_number": 2, "driver_number": 2, "lap_start": 18, "lap_end": 36, "compound": "HARD", "tyre_age_at_start": 0}, {"meeting_key": 1211, "session_key": 9102, "stint_number": 2, "driver_number": 14, "lap_start": 20, "lap_end": 44, "compound": "SOFT", "tyre_age_at_start": 0}, {"meeting_key": 1211, "session_key": 9102, "stint_number": 2, "driver_number": 10, "lap_start": 20, "lap_end": 39, "compound": "MEDIUM", "tyre_age_at_start": 0}, {"meeting_key": 1211, "session_key": 9102, "stint_number": 3, "driver_number": 4, "lap_start": 23, "lap_end": 50, "compound": "MEDIUM", "tyre_age_at_start": 0}, {"meeting_key": 1211, "session_key": 9102, "stint_number": 2, "driver_number": 44, "lap_start": 25, "lap_end": 50, "compound": "MEDIUM", "tyre_age_at_start": 0}, {"meeting_key": 1211, "session_key": 9102, "stint_number": 3, "driver_number": 20, "lap_start": 25, "lap_end": 42, "compound": "HARD", "tyre_age_at_start": 0}, {"meeting_key": 1211, "session_key": 9102, "stint_number": 2, "driver_number": 63, "lap_start": 26, "lap_end": 45, "compound": "MEDIUM", "tyre_age_at_start": 0}, {"meeting_key": 1211, "session_key": 9102, "stint_number": 2, "driver_number": 1, "lap_start": 27, "lap_end": 52, "compound": "HARD", "tyre_age_at_start": 0}, {"meeting_key": 1211, "session_key": 9102, "stint_number": 3, "driver_number": 27, "lap_start": 27, "lap_end": 43, "compound": "HARD", "tyre_age_at_start": 0}, {"meeting_key": 1211, "session_key": 9102, "stint_number": 2, "driver_number": 11, "lap_start": 28, "lap_end": 50, "compound": "HARD", "tyre_age_at_start": 0}, {"meeting_key": 1211, "session_key": 9102, "stint_number": 3, "driver_number": 22, "lap_start": 35, "lap_end": 66, "compound": "MEDIUM", "tyre_age_at_start": 0}, {"meeting_key": 1211, "session_key": 9102, "stint_number": 3, "driver_number": 18, "lap_start": 35, "lap_end": 66, "compound": "HARD", "tyre_age_at_start": 0}, {"meeting_key": 1211, "session_key": 9102, "stint_number": 3, "driver_number": 31, "lap_start": 36, "lap_end": 66, "compound": "HARD", "tyre_age_at_start": 0}, {"meeting_key": 1211, "session_key": 9102, "stint_number": 3, "driver_number": 24, "lap_start": 37, "lap_end": 66, "compound": "HARD", "tyre_age_at_start": 0}, {"meeting_key": 1211, "session_key": 9102, "stint_number": 3, "driver_number": 2, "lap_start": 37, "lap_end": 65, "compound": "HARD", "tyre_age_at_start": 0}, {"meeting_key": 1211, "session_key": 9102, "stint_number": 3, "driver_number": 23, "lap_start": 38, "lap_end": 65, "compound": "MEDIUM", "tyre_age_at_start": 0}, {"meeting_key": 1211, "session_key": 9102, "stint_number": 3, "driver_number": 21, "lap_start": 39, "lap_end": 65, "compound": "MEDIUM", "tyre_age_at_start": 0}, {"meeting_key": 1211, "session_key": 9102, "stint_number": 3, "driver_number": 81, "lap_start": 40, "lap_end": 65, "compound": "MEDIUM", "tyre_age_at_start": 0}, {"meeting_key": 1211, "session_key": 9102, "stint_number": 3, "driver_number": 10, "lap_start": 40, "lap_end": 66, "compound": "HARD", "tyre_age_at_start": 0}, {"meeting_key": 1211, "session_key": 9102, "stint_number": 3, "driver_number": 77, "lap_start": 40, "lap_end": 65, "compound": "HARD", "tyre_age_at_start": 0}, {"meeting_key": 1211, "session_key": 9102, "stint_number": 3, "driver_number": 55, "lap_start": 42, "lap_end": 66, "compound": "HARD", "tyre_age_at_start": 0}, {"meeting_key": 1211, "session_key": 9102, "stint_number": 3, "driver_number": 16, "lap_start": 42, "lap_end": 66, "compound": "HARD", "tyre_age_at_start": 0}, {"meeting_key": 1211, "session_key": 9102, "stint_number": 4, "driver_number": 20, "lap_start": 43, "lap_end": 65, "compound": "MEDIUM", "tyre_age_at_start": 0}, {"meeting_key": 1211, "session_key": 9102, "stint_number": 4, "driver_number": 27, "lap_start": 44, "lap_end": 65, "compound": "MEDIUM", "tyre_age_at_start": 0}, {"meeting_key": 1211, "session_key": 9102, "stint_number": 3, "driver_number": 14, "lap_start": 45, "lap_end": 66, "compound": "HARD", "tyre_age_at_start": 0}, {"meeting_key": 1211, "session_key": 9102, "stint_number": 3, "driver_number": 63, "lap_start": 46, "lap_end": 66, "compound": "SOFT", "tyre_age_at_start": 3}, {"meeting_key": 1211, "session_key": 9102, "stint_number": 3, "driver_number": 44, "lap_start": 51, "lap_end": 66, "compound": "SOFT", "tyre_age_at_start": 3}, {"meeting_key": 1211, "session_key": 9102, "stint_number": 3, "driver_number": 11, "lap_start": 51, "lap_end": 66, "compound": "SOFT", "tyre_age_at_start": 0}, {"meeting_key": 1211, "session_key": 9102, "stint_number": 4, "driver_number": 4, "lap_start": 51, "lap_end": 65, "compound": "SOFT", "tyre_age_at_start": 0}, {"meeting_key": 1211, "session_key": 9102, "stint_number": 3, "driver_number": 1, "lap_start": 53, "lap_end": 66, "compound": "SOFT", "tyre_age_at_start": 2}]