[{"meeting_key": 1247, "session_key": 9617, "stint_number": 1, "driver_number": 22, "lap_start": 1, "lap_end": 18, "compound": "MEDIUM", "tyre_age_at_start": 0}, {"meeting_key": 1247, "session_key": 9617, "stint_number": 1, "driver_number": 4, "lap_start": 1, "lap_end": 31, "compound": "MEDIUM", "tyre_age_at_start": 0}, {"meeting_key": 1247, "session_key": 9617, "stint_number": 1, "driver_number": 44, "lap_start": 1, "lap_end": 1, "compound": "HARD", "tyre_age_at_start": 0}, {"meeting_key": 1247, "session_key": 9617, "stint_number": 1, "driver_number": 55, "lap_start": 1, "lap_end": 21, "compound": "MEDIUM", "tyre_age_at_start": 0}, {"meeting_key": 1247, "session_key": 9617, "stint_number": 1, "driver_number": 11, "lap_start": 1, "lap_end": 26, "compound": "MEDIUM", "tyre_age_at_start": 0}, {"meeting_key": 1247, "session_key": 9617, "stint_number": 1, "driver_number": 24, "lap_start": 1, "lap_end": 13, "compound": "MEDIUM", "tyre_age_at_start": 0}, {"meeting_key": 1247, "session_key": 9617, "stint_number": 1, "driver_number": 77, "lap_start": 1, "lap_end": 15, "compound": "MEDIUM", "tyre_age_at_start": 0}, {"meeting_key": 1247, "session_key": 9617, "stint_number": 1, "driver_number": 10, "lap_start": 1, "lap_end": 18, "compound": "MEDIUM", "tyre_age_at_start": 0}, {"meeting_key": 1247, "session_key": 9617, "stint_number": 1, "driver_number": 1, "lap_start": 1, "lap_end": 25, "compound": "MEDIUM", "tyre_age_at_start": 0}, {"meeting_key": 1247, "session_key": 9617, "stint_number": 1, "driver_number": 81, "lap_start": 1, "lap_end": 32, "compound": "MEDIUM", "tyre_age_at_start": 0}, {"meeting_key": 1247, "session_key": 9617, "stint_number": 1, "driver_number": 30, "lap_start": 1, "lap_end": 36, "compound": "HARD", "tyre_age_at_start": 0}, {"meeting_key": 1247, "session_key": 9617, "stint_number": 1, "driver_number": 14, "lap_start": 1, "lap_end": 26, "compound": "MEDIUM", "tyre_age_at_start": 0}, {"meeting_key": 1247, "session_key": 9617, "stint_number": 1, "driver_number": 16, "lap_start": 1, "lap_end": 26, "compound": "MEDIUM", "tyre_age_at_start": 0}, {"meeting_key": 1247, "session_key": 9617, "stint_number": 1, "driver_number": 27, "lap_start": 1, "lap_end": 27, "compound": "MEDIUM", "tyre_age_at_start": 0}, {"meeting_key": 1247, "session_key": 9617, "stint_number": 1, "driver_number": 63, "lap_start": 1, "lap_end": 40, "compound": "HARD", "tyre_age_at_start": 0}, {"meeting_key": 1247, "session_key": 9617, "stint_number": 1, "driver_number": 31, "lap_start": 1, "lap_end": 31, "compound": "MEDIUM", "tyre_age_at_start": 0}, {"meeting_key": 1247, "session_key": 9617, "stint_number": 1, "driver_number": 18, "lap_start": 1, "lap_end": 27, "compound": "HARD", "tyre_age_at_start": 1}, {"meeting_key": 1247, "session_key": 9617, "stint_number": 1, "driver_number": 20, "lap_start": 1, "lap_end": 17, "compound": "MEDIUM", "tyre_age_at_start": 0}, {"meeting_key": 1247, "session_key": 9617, "stint_number": 1, "driver_number": 23, "lap_start": 1, "lap_end": 3, "compound": "MEDIUM", "tyre_age_at_start": 0}, {"meeting_key": 1247, "session_key": 9617, "stint_number": 1, "driver_number": 43, "lap_start": 1, "lap_end": 39, "compound": "HARD", "tyre_age_at_start": 0}, {"meeting_key": 1247, "session_key": 9617, "stint_number": 2, "driver_number": 23, "lap_start": 4, "lap_end": 33, "compound": "MEDIUM", "tyre_age_at_start": 0}, {"meeting_key": 1247, "session_key": 9617, "stint_number": 2, "driver_number": 24, "lap_start": 14, "lap_end": 35, "compound": "MEDIUM", "tyre_age_at_start": 0}, {"meeting_key": 1247, "session_key": 9617, "stint_number": 2, "driver_number": 77, "lap_start": 16, "lap_end": 55, "compound": "HARD", "tyre_age_at_start": 0}, {"meeting_key": 1247, "session_key": 9617, "stint_number": 2, "driver_number": 20, "lap_start": 18, "lap_end": 38, "compound": "HARD", "tyre_age_at_start": 0}, {"meeting_key": 1247, "session_key": 9617, "stint_number": 2, "driver_number": 10, "lap_start": 19, "lap_end": 56, "compound": "HARD", "tyre_age_at_start": 0}, {"meeting_key": 1247, "session_key": 9617, "stint_number": 2, "driver_number": 22, "lap_start": 19, "lap_end": 55, "compound": "HARD", "tyre_age_at_start": 0}, {"meeting_key": 1247, "session_key": 9617, "stint_number": 2, "driver_number": 55, "lap_start": 22, "lap_end": 56, "compound": "HARD", "tyre_age_at_start": 0}, {"meeting_key": 1247, "session_key": 9617, "stint_number": 2, "driver_number": 1, "lap_start": 26, "lap_end": 56, "compound": "HARD", "tyre_age_at_start": 0}, {"meeting_key": 1247, "session_key": 9617, "stint_number": 2, "driver_number": 16, "lap_start": 27, "lap_end": 56, "compound": "HARD", "tyre_age_at_start": 0}, {"meeting_key": 1247, "session_key": 9617, "stint_number": 2, "driver_number": 11, "lap_start": 27, "lap_end": 56, "compound": "HARD", "tyre_age_at_start": 0}, {"meeting_key": 1247, "session_key": 9617, "stint_number": 2, "driver_number": 14, "lap_start": 27, "lap_end": 55, "compound": "HARD", "tyre_age_at_start": 1}, {"meeting_key": 1247, "session_key": 9617, "stint_number": 2, "driver_number": 27, "lap_start": 28, "lap_end": 56, "compound": "HARD", "tyre_age_at_start": 0}, {"meeting_key": 1247, "session_key": 9617, "stint_number": 2, "driver_number": 18, "lap_start": 28, "lap_end": 55, "compound": "MEDIUM", "tyre_age_at_start": 0}, {"meeting_key": 1247, "session_key": 9617, "stint_number": 2, "driver_number": 4, "lap_start": 32, "lap_end": 56, "compound": "HARD", "tyre_age_at_start": 0}, {"meeting_key": 1247, "session_key": 9617, "stint_number": 2, "driver_number": 31, "lap_start": 32, "lap_end": 51, "compound": "HARD", "tyre_age_at_start": 0}, {"meeting_key": 1247, "session_key": 9617, "stint_number": 2, "driver_number": 81, "lap_start": 33, "lap_end": 56, "compound": "HARD", "tyre_age_at_start": 0}, {"meeting_key": 1247, "session_key": 9617, "stint_number": 3, "driver_number": 23, "lap_start": 34, "lap_end": 55, "compound": "HARD", "tyre_age_at_start": 0}, {"meeting_key": 1247, "session_key": 9617, "stint_number": 3, "driver_number": 24, "lap_start": 36, "lap_end": 55, "compound": "HARD", "tyre_age_at_start": 0}, {"meeting_key": 1247, "session_key": 9617, "stint_number": 2, "driver_number": 30, "lap_start": 37, "lap_end": 56, "compound": "MEDIUM", "tyre_age_at_start": 0}, {"meeting_key": 1247, "session_key": 9617, "stint_number": 3, "driver_number": 20, "lap_start": 39, "lap_end": 56, "compound": "MEDIUM", "tyre_age_at_start": 0}, {"meeting_key": 1247, "session_key": 9617, "stint_number": 2, "driver_number": 43, "lap_start": 40, "lap_end": 56, "compound": "MEDIUM", "tyre_age_at_start": 0}, {"meeting_key": 1247, "session_key": 9617, "stint_number": 2, "driver_number": 63, "lap_start": 41, "lap_end": 56, "compound": "MEDIUM", "tyre_age_at_start": 0}, {"meeting_key": 1247, "session_key": 9617, "stint_number": 3, "driver_number": 31, "lap_start": 52, "lap_end": 55, "compound": "SOFT", "tyre_age_at_start": 3}]