[{"meeting_key": 1271, "session_key": 9888, "stint_number": 1, "driver_number": 55, "lap_start": 1, "lap_end": 5, "compound": "MEDIUM", "tyre_age_at_start": 0}, {"meeting_key": 1271, "session_key": 9888, "stint_number": 1, "driver_number": 23, "lap_start": 1, "lap_end": 7, "compound": "HARD", "tyre_age_at_start": 0}, {"meeting_key": 1271, "session_key": 9888, "stint_number": 1, "driver_number": 5, "lap_start": 1, "lap_end": 14, "compound": "SOFT", "tyre_age_at_start": 0}, {"meeting_key": 1271, "session_key": 9888, "stint_number": 1, "driver_number": 16, "lap_start": 1, "lap_end": 22, "compound": "SOFT", "tyre_age_at_start": 3}, {"meeting_key": 1271, "session_key": 9888, "stint_number": 1, "driver_number": 31, "lap_start": 1, "lap_end": 24, "compound": "HARD", "tyre_age_at_start": 0}, {"meeting_key": 1271, "session_key": 9888, "stint_number": 1, "driver_number": 10, "lap_start": 1, "lap_end": 27, "compound": "MEDIUM", "tyre_age_at_start": 0}, {"meeting_key": 1271, "session_key": 9888, "stint_number": 1, "driver_number": 18, "lap_start": 1, "lap_end": 28, "compound": "SOFT", "tyre_age_at_start": 0}, {"meeting_key": 1271, "session_key": 9888, "stint_number": 1, "driver_number": 6, "lap_start": 1, "lap_end": 28, "compound": "HARD", "tyre_age_at_start": 0}, {"meeting_key": 1271, "session_key": 9888, "stint_number": 1, "driver_number": 22, "lap_start": 1, "lap_end": 29, "compound": "MEDIUM", "tyre_age_at_start": 0}, {"meeting_key": 1271, "session_key": 9888, "stint_number": 1, "driver_number": 81, "lap_start": 1, "lap_end": 30, "compound": "MEDIUM", "tyre_age_at_start": 0}, {"meeting_key": 1271, "session_key": 9888, "stint_number": 1, "driver_number": 87, "lap_start": 1, "lap_end": 30, "compound": "MEDIUM", "tyre_age_at_start": 0}, {"meeting_key": 1271, "session_key": 9888, "stint_number": 1, "driver_number": 14, "lap_start": 1, "lap_end": 30, "compound": "MEDIUM", "tyre_age_at_start": 1}, {"meeting_key": 1271, "session_key": 9888, "stint_number": 1, "driver_number": 30, "lap_start": 1, "lap_end": 30, "compound": "MEDIUM", "tyre_age_at_start": 0}, {"meeting_key": 1271, "session_key": 9888, "stint_number": 1, "driver_number": 44, "lap_start": 1, "lap_end": 31, "compound": "MEDIUM", "tyre_age_at_start": 0}, {"meeting_key": 1271, "session_key": 9888, "stint_number": 1, "driver_number": 12, "lap_start": 1, "lap_end": 31, "compound": "MEDIUM", "tyre_age_at_start": 0}, {"meeting_key": 1271, "session_key": 9888, "stint_number": 1, "driver_number": 4, "lap_start": 1, "lap_end": 32, "compound": "MEDIUM", "tyre_age_at_start": 0}, {"meeting_key": 1271, "session_key": 9888, "stint_number": 1, "driver_number": 43, "lap_start": 1, "lap_end": 32, "compound": "MEDIUM", "tyre_age_at_start": 0}, {"meeting_key": 1271, "session_key": 9888, "stint_number": 1, "driver_number": 1, "lap_start": 1, "lap_end": 33, "compound": "MEDIUM", "tyre_age_at_start": 0}, {"meeting_key": 1271, "session_key": 9888, "stint_number": 1, "driver_number": 63, "lap_start": 1, "lap_end": 33, "compound": "MEDIUM", "tyre_age_at_start": 0}, {"meeting_key": 1271, "session_key": 9888, "stint_number": 1, "driver_number": 27, "lap_start": 1, "lap_end": 33, "compound": "MEDIUM", "tyre_age_at_start": 0}, {"meeting_key": 1271, "session_key": 9888, "stint_number": 2, "driver_number": 23, "lap_start": 8, "lap_end": 36, "compound": "MEDIUM", "tyre_age_at_start": 0}, {"meeting_key": 1271, "session_key": 9888, "stint_number": 2, "driver_number": 5, "lap_start": 15, "lap_end": 36, "compound": "MEDIUM", "tyre_age_at_start": 0}, {"meeting_key": 1271, "session_key": 9888, "stint_number": 2, "driver_number": 1, "lap_start": 34, "lap_end": 56, "compound": "SOFT", "tyre_age_at_start": 2}, {"meeting_key": 1271, "session_key": 9888, "stint_number": 2, "driver_number": 43, "lap_start": 33, "lap_end": 55, "compound": "SOFT", "tyre_age_at_start": 2}, {"meeting_key": 1271, "session_key": 9888, "stint_number": 3, "driver_number": 5, "lap_start": 37, "lap_end": 55, "compound": "SOFT", "tyre_age_at_start": 0}, {"meeting_key": 1271, "session_key": 9888, "stint_number": 2, "driver_number": 10, "lap_start": 28, "lap_end": 55, "compound": "SOFT", "tyre_age_at_start": 2}, {"meeting_key": 1271, "session_key": 9888, "stint_number": 2, "driver_number": 4, "lap_start": 33, "lap_end": 56, "compound": "SOFT", "tyre_age_at_start": 6}, {"meeting_key": 1271, "session_key": 9888, "stint_number": 2, "driver_number": 16, "lap_start": 23, "lap_end": 56, "compound": "MEDIUM", "tyre_age_at_start": 0}, {"meeting_key": 1271, "session_key": 9888, "stint_number": 2, "driver_number": 44, "lap_start": 32, "lap_end": 56, "compound": "SOFT", "tyre_age_at_start": 2}, {"meeting_key": 1271, "session_key": 9888, "stint_number": 2, "driver_number": 81, "lap_start": 31, "lap_end": 56, "compound": "SOFT", "tyre_age_at_start": 3}, {"meeting_key": 1271, "session_key": 9888, "stint_number": 2, "driver_number": 63, "lap_start": 34, "lap_end": 56, "compound": "SOFT", "tyre_age_at_start": 3}, {"meeting_key": 1271, "session_key": 9888, "stint_number": 2, "driver_number": 22, "lap_start": 30, "lap_end": 56, "compound": "SOFT", "tyre_age_at_start": 0}, {"meeting_key": 1271, "session_key": 9888, "stint_number": 2, "driver_number": 27, "lap_start": 34, "lap_end": 56, "compound": "SOFT", "tyre_age_at_start": 0}, {"meeting_key": 1271, "session_key": 9888, "stint_number": 2, "driver_number": 87, "lap_start": 31, "lap_end": 56, "compound": "SOFT", "tyre_age_at_start": 3}, {"meeting_key": 1271, "session_key": 9888, "stint_number": 2, "driver_number": 14, "lap_start": 31, "lap_end": 56, "compound": "SOFT", "tyre_age_at_start": 3}, {"meeting_key": 1271, "session_key": 9888, "stint_number": 2, "driver_number": 30, "lap_start": 31, "lap_end": 56, "compound": "SOFT", "tyre_age_at_start": 0}, {"meeting_key": 1271, "session_key": 9888, "stint_number": 2, "driver_number": 18, "lap_start": 29, "lap_end": 56, "compound": "MEDIUM", "tyre_age_at_start": 1}, {"meeting_key": 1271, "session_key": 9888, "stint_number": 2, "driver_number": 12, "lap_start": 32, "lap_end": 56, "compound": "SOFT", "tyre_age_at_start": 3}, {"meeting_key": 1271, "session_key": 9888, "stint_number": 3, "driver_number": 23, "lap_start": 37, "lap_end": 56, "compound": "SOFT", "tyre_age_at_start": 0}, {"meeting_key": 1271, "session_key": 9888, "stint_number": 2, "driver_number": 31, "lap_start": 25, "lap_end": 56, "compound": "MEDIUM", "tyre_age_at_start": 0}, {"meeting_key": 1271, "session_key": 9888, "stint_number": 2, "driver_number": 6, "lap_start": 29, "lap_end": 56, "compound": "SOFT", "tyre_age_at_start": 0}]