[{"meeting_key": 1213, "session_key": 9117, "stint_number": 1, "driver_number": 1, "lap_start": 1, "lap_end": 24, "compound": "INTERMEDIATE", "tyre_age_at_start": 0}, {"meeting_key": 1213, "session_key": 9117, "stint_number": 1, "driver_number": 27, "lap_start": 1, "lap_end": 17, "compound": "INTERMEDIATE", "tyre_age_at_start": 0}, {"meeting_key": 1213, "session_key": 9117, "stint_number": 1, "driver_number": 2, "lap_start": 1, "lap_end": 17, "compound": "INTERMEDIATE", "tyre_age_at_start": 0}, {"meeting_key": 1213, "session_key": 9117, "stint_number": 1, "driver_number": 22, "lap_start": 1, "lap_end": 18, "compound": "INTERMEDIATE", "tyre_age_at_start": 0}, {"meeting_key": 1213, "session_key": 9117, "stint_number": 1, "driver_number": 23, "lap_start": 1, "lap_end": 18, "compound": "INTERMEDIATE", "tyre_age_at_start": 0}, {"meeting_key": 1213, "session_key": 9117, "stint_number": 1, "driver_number": 63, "lap_start": 1, "lap_end": 15, "compound": "INTERMEDIATE", "tyre_age_at_start": 0}, {"meeting_key": 1213, "session_key": 9117, "stint_number": 1, "driver_number": 18, "lap_start": 1, "lap_end": 24, "compound": "INTERMEDIATE", "tyre_age_at_start": 0}, {"meeting_key": 1213, "session_key": 9117, "stint_number": 1, "driver_number": 4, "lap_start": 1, "lap_end": 24, "compound": "INTERMEDIATE", "tyre_age_at_start": 0}, {"meeting_key": 1213, "session_key": 9117, "stint_number": 1, "driver_number": 44, "lap_start": 1, "lap_end": 17, "compound": "INTERMEDIATE", "tyre_age_at_start": 0}, {"meeting_key": 1213, "session_key": 9117, "stint_number": 1, "driver_number": 24, "lap_start": 1, "lap_end": 17, "compound": "INTERMEDIATE", "tyre_age_at_start": 0}, {"meeting_key": 1213, "session_key": 9117, "stint_number": 1, "driver_number": 14, "lap_start": 1, "lap_end": 24, "compound": "INTERMEDIATE", "tyre_age_at_start": 0}, {"meeting_key": 1213, "session_key": 9117, "stint_number": 1, "driver_number": 20, "lap_start": 1, "lap_end": 17, "compound": "INTERMEDIATE", "tyre_age_at_start": 0}, {"meeting_key": 1213, "session_key": 9117, "stint_number": 1, "driver_number": 55, "lap_start": 1, "lap_end": 24, "compound": "INTERMEDIATE", "tyre_age_at_start": 0}, {"meeting_key": 1213, "session_key": 9117, "stint_number": 1, "driver_number": 21, "lap_start": 1, "lap_end": 17, "compound": "INTERMEDIATE", "tyre_age_at_start": 0}, {"meeting_key": 1213, "session_key": 9117, "stint_number": 1, "driver_number": 10, "lap_start": 1, "lap_end": 24, "compound": "INTERMEDIATE", "tyre_age_at_start": 0}, {"meeting_key": 1213, "session_key": 9117, "stint_number": 1, "driver_number": 16, "lap_start": 1, "lap_end": 18, "compound": "INTERMEDIATE", "tyre_age_at_start": 0}, {"meeting_key": 1213, "session_key": 9117, "stint_number": 1, "driver_number": 81, "lap_start": 1, "lap_end": 16, "compound": "INTERMEDIATE", "tyre_age_at_start": 0}, {"meeting_key": 1213, "session_key": 9117, "stint_number": 1, "driver_number": 11, "lap_start": 1, "lap_end": 24, "compound": "INTERMEDIATE", "tyre_age_at_start": 0}, {"meeting_key": 1213, "session_key": 9117, "stint_number": 1, "driver_number": 31, "lap_start": 1, "lap_end": 24, "compound": "INTERMEDIATE", "tyre_age_at_start": 0}, {"meeting_key": 1213, "session_key": 9117, "stint_number": 1, "driver_number": 77, "lap_start": 1, "lap_end": 24, "compound": "INTERMEDIATE", "tyre_age_at_start": 4}, {"meeting_key": 1213, "session_key": 9117, "stint_number": 2, "driver_number": 63, "lap_start": 16, "lap_end": 24, "compound": "SOFT", "tyre_age_at_start": 3}, {"meeting_key": 1213, "session_key": 9117, "stint_number": 2, "driver_number": 81, "lap_start": 17, "lap_end": 24, "compound": "SOFT", "tyre_age_at_start": 0}, {"meeting_key": 1213, "session_key": 9117, "stint_number": 2, "driver_number": 27, "lap_start": 18, "lap_end": 24, "compound": "MEDIUM", "tyre_age_at_start": 0}, {"meeting_key": 1213, "session_key": 9117, "stint_number": 2, "driver_number": 44, "lap_start": 18, "lap_end": 24, "compound": "SOFT", "tyre_age_at_start": 5}, {"meeting_key": 1213, "session_key": 9117, "stint_number": 2, "driver_number": 20, "lap_start": 18, "lap_end": 24, "compound": "MEDIUM", "tyre_age_at_start": 0}, {"meeting_key": 1213, "session_key": 9117, "stint_number": 2, "driver_number": 2, "lap_start": 18, "lap_end": 24, "compound": "MEDIUM", "tyre_age_at_start": 0}, {"meeting_key": 1213, "session_key": 9117, "stint_number": 2, "driver_number": 21, "lap_start": 18, "lap_end": 24, "compound": "SOFT", "tyre_age_at_start": 8}, {"meeting_key": 1213, "session_key": 9117, "stint_number": 2, "driver_number": 24, "lap_start": 18, "lap_end": 24, "compound": "SOFT", "tyre_age_at_start": 7}, {"meeting_key": 1213, "session_key": 9117, "stint_number": 2, "driver_number": 23, "lap_start": 19, "lap_end": 24, "compound": "MEDIUM", "tyre_age_at_start": 2}, {"meeting_key": 1213, "session_key": 9117, "stint_number": 2, "driver_number": 16, "lap_start": 19, "lap_end": 24, "compound": "MEDIUM", "tyre_age_at_start": 0}, {"meeting_key": 1213, "session_key": 9117, "stint_number": 2, "driver_number": 22, "lap_start": 19, "lap_end": 24, "compound": "SOFT", "tyre_age_at_start": 3}]