[{"meeting_key": 1207, "session_key": 9070, "stint_number": 1, "driver_number": 20, "lap_start": 1, "lap_end": 10, "compound": "MEDIUM", "tyre_age_at_start": 0}, {"meeting_key": 1207, "session_key": 9070, "stint_number": 1, "driver_number": 55, "lap_start": 1, "lap_end": 11, "compound": "MEDIUM", "tyre_age_at_start": 0}, {"meeting_key": 1207, "session_key": 9070, "stint_number": 1, "driver_number": 10, "lap_start": 1, "lap_end": 5, "compound": "MEDIUM", "tyre_age_at_start": 0}, {"meeting_key": 1207, "session_key": 9070, "stint_number": 1, "driver_number": 16, "lap_start": 1, "lap_end": 11, "compound": "MEDIUM", "tyre_age_at_start": 0}, {"meeting_key": 1207, "session_key": 9070, "stint_number": 1, "driver_number": 81, "lap_start": 1, "lap_end": 8, "compound": "MEDIUM", "tyre_age_at_start": 0}, {"meeting_key": 1207, "session_key": 9070, "stint_number": 1, "driver_number": 11, "lap_start": 1, "lap_end": 11, "compound": "MEDIUM", "tyre_age_at_start": 0}, {"meeting_key": 1207, "session_key": 9070, "stint_number": 1, "driver_number": 31, "lap_start": 1, "lap_end": 50, "compound": "HARD", "tyre_age_at_start": 0}, {"meeting_key": 1207, "session_key": 9070, "stint_number": 1, "driver_number": 77, "lap_start": 1, "lap_end": 6, "compound": "MEDIUM", "tyre_age_at_start": 0}, {"meeting_key": 1207, "session_key": 9070, "stint_number": 1, "driver_number": 1, "lap_start": 1, "lap_end": 10, "compound": "MEDIUM", "tyre_age_at_start": 0}, {"meeting_key": 1207, "session_key": 9070, "stint_number": 1, "driver_number": 21, "lap_start": 1, "lap_end": 9, "compound": "HARD", "tyre_age_at_start": 0}, {"meeting_key": 1207, "session_key": 9070, "stint_number": 1, "driver_number": 27, "lap_start": 1, "lap_end": 49, "compound": "HARD", "tyre_age_at_start": 0}, {"meeting_key": 1207, "session_key": 9070, "stint_number": 1, "driver_number": 22, "lap_start": 1, "lap_end": 8, "compound": "MEDIUM", "tyre_age_at_start": 0}, {"meeting_key": 1207, "session_key": 9070, "stint_number": 1, "driver_number": 2, "lap_start": 1, "lap_end": 8, "compound": "MEDIUM", "tyre_age_at_start": 0}, {"meeting_key": 1207, "session_key": 9070, "stint_number": 1, "driver_number": 23, "lap_start": 1, "lap_end": 7, "compound": "MEDIUM", "tyre_age_at_start": 0}, {"meeting_key": 1207, "session_key": 9070, "stint_number": 1, "driver_number": 63, "lap_start": 1, "lap_end": 11, "compound": "MEDIUM", "tyre_age_at_start": 0}, {"meeting_key": 1207, "session_key": 9070, "stint_number": 1, "driver_number": 18, "lap_start": 1, "lap_end": 11, "compound": "MEDIUM", "tyre_age_at_start": 0}, {"meeting_key": 1207, "session_key": 9070, "stint_number": 1, "driver_number": 4, "lap_start": 1, "lap_end": 9, "compound": "MEDIUM", "tyre_age_at_start": 0}, {"meeting_key": 1207, "session_key": 9070, "stint_number": 1, "driver_number": 44, "lap_start": 1, "lap_end": 9, "compound": "MEDIUM", "tyre_age_at_start": 0}, {"meeting_key": 1207, "session_key": 9070, "stint_number": 1, "driver_number": 24, "lap_start": 1, "lap_end": 11, "compound": "MEDIUM", "tyre_age_at_start": 0}, {"meeting_key": 1207, "session_key": 9070, "stint_number": 1, "driver_number": 14, "lap_start": 1, "lap_end": 11, "compound": "MEDIUM", "tyre_age_at_start": 0}, {"meeting_key": 1207, "session_key": 9070, "stint_number": 2, "driver_number": 10, "lap_start": 6, "lap_end": 23, "compound": "HARD", "tyre_age_at_start": 0}, {"meeting_key": 1207, "session_key": 9070, "stint_number": 2, "driver_number": 77, "lap_start": 7, "lap_end": 12, "compound": "HARD", "tyre_age_at_start": 0}, {"meeting_key": 1207, "session_key": 9070, "stint_number": 2, "driver_number": 23, "lap_start": 8, "lap_end": 51, "compound": "HARD", "tyre_age_at_start": 0}, {"meeting_key": 1207, "session_key": 9070, "stint_number": 2, "driver_number": 22, "lap_start": 9, "lap_end": 51, "compound": "HARD", "tyre_age_at_start": 0}, {"meeting_key": 1207, "session_key": 9070, "stint_number": 2, "driver_number": 81, "lap_start": 9, "lap_end": 51, "compound": "HARD", "tyre_age_at_start": 0}, {"meeting_key": 1207, "session_key": 9070, "stint_number": 2, "driver_number": 2, "lap_start": 9, "lap_end": 51, "compound": "HARD", "tyre_age_at_start": 0}, {"meeting_key": 1207, "session_key": 9070, "stint_number": 2, "driver_number": 44, "lap_start": 10, "lap_end": 51, "compound": "HARD", "tyre_age_at_start": 0}, {"meeting_key": 1207, "session_key": 9070, "stint_number": 2, "driver_number": 4, "lap_start": 10, "lap_end": 51, "compound": "HARD", "tyre_age_at_start": 0}, {"meeting_key": 1207, "session_key": 9070, "stint_number": 2, "driver_number": 1, "lap_start": 11, "lap_end": 51, "compound": "HARD", "tyre_age_at_start": 0}, {"meeting_key": 1207, "session_key": 9070, "stint_number": 2, "driver_number": 20, "lap_start": 11, "lap_end": 51, "compound": "HARD", "tyre_age_at_start": 0}, {"meeting_key": 1207, "session_key": 9070, "stint_number": 2, "driver_number": 11, "lap_start": 12, "lap_end": 51, "compound": "HARD", "tyre_age_at_start": 0}, {"meeting_key": 1207, "session_key": 9070, "stint_number": 2, "driver_number": 16, "lap_start": 12, "lap_end": 51, "compound": "HARD", "tyre_age_at_start": 0}, {"meeting_key": 1207, "session_key": 9070, "stint_number": 2, "driver_number": 55, "lap_start": 12, "lap_end": 51, "compound": "HARD", "tyre_age_at_start": 0}, {"meeting_key": 1207, "session_key": 9070, "stint_number": 2, "driver_number": 14, "lap_start": 12, "lap_end": 51, "compound": "HARD", "tyre_age_at_start": 0}, {"meeting_key": 1207, "session_key": 9070, "stint_number": 2, "driver_number": 63, "lap_start": 12, "lap_end": 49, "compound": "HARD", "tyre_age_at_start": 0}, {"meeting_key": 1207, "session_key": 9070, "stint_number": 2, "driver_number": 18, "lap_start": 12, "lap_end": 51, "compound": "HARD", "tyre_age_at_start": 3}, {"meeting_key": 1207, "session_key": 9070, "stint_number": 2, "driver_number": 24, "lap_start": 12, "lap_end": 36, "compound": "HARD", "tyre_age_at_start": 0}, {"meeting_key": 1207, "session_key": 9070, "stint_number": 3, "driver_number": 77, "lap_start": 13, "lap_end": 34, "compound": "HARD", "tyre_age_at_start": 0}, {"meeting_key": 1207, "session_key": 9070, "stint_number": 3, "driver_number": 10, "lap_start": 24, "lap_end": 51, "compound": "HARD", "tyre_age_at_start": 0}, {"meeting_key": 1207, "session_key": 9070, "stint_number": 4, "driver_number": 77, "lap_start": 35, "lap_end": 50, "compound": "MEDIUM", "tyre_age_at_start": 0}, {"meeting_key": 1207, "session_key": 9070, "stint_number": 3, "driver_number": 63, "lap_start": 50, "lap_end": 51, "compound": "SOFT", "tyre_age_at_start": 0}, {"meeting_key": 1207, "session_key": 9070, "stint_number": 2, "driver_number": 27, "lap_start": 50, "lap_end": 50, "compound": "SOFT", "tyre_age_at_start": 0}, {"meeting_key": 1207, "session_key": 9070, "stint_number": 2, "driver_number": 31, "lap_start": 51, "lap_end": 51, "compound": "SOFT", "tyre_age_at_start": 0}]