[{"meeting_key": 1251, "session_key": 9655, "stint_number": 1, "driver_number": 22, "lap_start": 1, "lap_end": 35, "compound": "MEDIUM", "tyre_age_at_start": 0}, {"meeting_key": 1251, "session_key": 9655, "stint_number": 1, "driver_number": 30, "lap_start": 1, "lap_end": 35, "compound": "MEDIUM", "tyre_age_at_start": 0}, {"meeting_key": 1251, "session_key": 9655, "stint_number": 1, "driver_number": 14, "lap_start": 1, "lap_end": 35, "compound": "MEDIUM", "tyre_age_at_start": 0}, {"meeting_key": 1251, "session_key": 9655, "stint_number": 1, "driver_number": 44, "lap_start": 1, "lap_end": 34, "compound": "MEDIUM", "tyre_age_at_start": 0}, {"meeting_key": 1251, "session_key": 9655, "stint_number": 1, "driver_number": 1, "lap_start": 1, "lap_end": 35, "compound": "MEDIUM", "tyre_age_at_start": 0}, {"meeting_key": 1251, "session_key": 9655, "stint_number": 1, "driver_number": 77, "lap_start": 1, "lap_end": 24, "compound": "MEDIUM", "tyre_age_at_start": 0}, {"meeting_key": 1251, "session_key": 9655, "stint_number": 1, "driver_number": 63, "lap_start": 1, "lap_end": 23, "compound": "MEDIUM", "tyre_age_at_start": 1}, {"meeting_key": 1251, "session_key": 9655, "stint_number": 1, "driver_number": 10, "lap_start": 1, "lap_end": 35, "compound": "MEDIUM", "tyre_age_at_start": 0}, {"meeting_key": 1251, "session_key": 9655, "stint_number": 1, "driver_number": 81, "lap_start": 1, "lap_end": 34, "compound": "MEDIUM", "tyre_age_at_start": 0}, {"meeting_key": 1251, "session_key": 9655, "stint_number": 1, "driver_number": 23, "lap_start": 1, "lap_end": 35, "compound": "MEDIUM", "tyre_age_at_start": 0}, {"meeting_key": 1251, "session_key": 9655, "stint_number": 1, "driver_number": 43, "lap_start": null, "lap_end": null, "compound": "UNKNOWN", "tyre_age_at_start": 0}, {"meeting_key": 1251, "session_key": 9655, "stint_number": 1, "driver_number": 16, "lap_start": 1, "lap_end": 35, "compound": "MEDIUM", "tyre_age_at_start": 1}, {"meeting_key": 1251, "session_key": 9655, "stint_number": 1, "driver_number": 27, "lap_start": 1, "lap_end": 1, "compound": "HARD", "tyre_age_at_start": 0}, {"meeting_key": 1251, "session_key": 9655, "stint_number": 1, "driver_number": 18, "lap_start": 1, "lap_end": 1, "compound": "MEDIUM", "tyre_age_at_start": 0}, {"meeting_key": 1251, "session_key": 9655, "stint_number": 1, "driver_number": 20, "lap_start": 1, "lap_end": 27, "compound": "MEDIUM", "tyre_age_at_start": 0}, {"meeting_key": 1251, "session_key": 9655, "stint_number": 1, "driver_number": 11, "lap_start": 1, "lap_end": 35, "compound": "MEDIUM", "tyre_age_at_start": 0}, {"meeting_key": 1251, "session_key": 9655, "stint_number": 1, "driver_number": 24, "lap_start": 1, "lap_end": 35, "compound": "MEDIUM", "tyre_age_at_start": 0}, {"meeting_key": 1251, "session_key": 9655, "stint_number": 1, "driver_number": 55, "lap_start": 1, "lap_end": 34, "compound": "MEDIUM", "tyre_age_at_start": 1}, {"meeting_key": 1251, "session_key": 9655, "stint_number": 1, "driver_number": 31, "lap_start": null, "lap_end": null, "compound": "UNKNOWN", "tyre_age_at_start": 0}, {"meeting_key": 1251, "session_key": 9655, "stint_number": 1, "driver_number": 4, "lap_start": 1, "lap_end": 35, "compound": "MEDIUM", "tyre_age_at_start": 0}, {"meeting_key": 1251, "session_key": 9655, "stint_number": 2, "driver_number": 18, "lap_start": 2, "lap_end": 7, "compound": "HARD", "tyre_age_at_start": 0}, {"meeting_key": 1251, "session_key": 9655, "stint_number": 2, "driver_number": 27, "lap_start": 2, "lap_end": 31, "compound": "HARD", "tyre_age_at_start": 0}, {"meeting_key": 1251, "session_key": 9655, "stint_number": 3, "driver_number": 18, "lap_start": 8, "lap_end": 8, "compound": "HARD", "tyre_age_at_start": 0}, {"meeting_key": 1251, "session_key": 9655, "stint_number": 2, "driver_number": 63, "lap_start": 24, "lap_end": 35, "compound": "HARD", "tyre_age_at_start": 0}, {"meeting_key": 1251, "session_key": 9655, "stint_number": 2, "driver_number": 77, "lap_start": 25, "lap_end": 35, "compound": "HARD", "tyre_age_at_start": 0}, {"meeting_key": 1251, "session_key": 9655, "stint_number": 2, "driver_number": 20, "lap_start": 28, "lap_end": 36, "compound": "HARD", "tyre_age_at_start": 0}, {"meeting_key": 1251, "session_key": 9655, "stint_number": 3, "driver_number": 27, "lap_start": 32, "lap_end": 36, "compound": "MEDIUM", "tyre_age_at_start": 0}, {"meeting_key": 1251, "session_key": 9655, "stint_number": 2, "driver_number": 81, "lap_start": 35, "lap_end": 36, "compound": "HARD", "tyre_age_at_start": 0}, {"meeting_key": 1251, "session_key": 9655, "stint_number": 2, "driver_number": 55, "lap_start": 35, "lap_end": 36, "compound": "HARD", "tyre_age_at_start": 0}, {"meeting_key": 1251, "session_key": 9655, "stint_number": 2, "driver_number": 4, "lap_start": 36, "lap_end": 36, "compound": "HARD", "tyre_age_at_start": 0}, {"meeting_key": 1251, "session_key": 9655, "stint_number": 2, "driver_number": 44, "lap_start": 35, "lap_end": 35, "compound": "HARD", "tyre_age_at_start": 0}, {"meeting_key": 1251, "session_key": 9655, "stint_number": 2, "driver_number": 1, "lap_start": 36, "lap_end": 36, "compound": "HARD", "tyre_age_at_start": 0}, {"meeting_key": 1251, "session_key": 9655, "stint_number": 2, "driver_number": 16, "lap_start": 36, "lap_end": 36, "compound": "HARD", "tyre_age_at_start": 0}, {"meeting_key": 1251, "session_key": 9655, "stint_number": 2, "driver_number": 11, "lap_start": 36, "lap_end": 36, "compound": "HARD", "tyre_age_at_start": 0}, {"meeting_key": 1251, "session_key": 9655, "stint_number": 2, "driver_number": 10, "lap_start": 36, "lap_end": 36, "compound": "HARD", "tyre_age_at_start": 0}, {"meeting_key": 1251, "session_key": 9655, "stint_number": 2, "driver_number": 14, "lap_start": 36, "lap_end": 36, "compound": "HARD", "tyre_age_at_start": 0}, {"meeting_key": 1251, "session_key": 9655, "stint_number": 3, "driver_number": 63, "lap_start": 36, "lap_end": 36, "compound": "HARD", "tyre_age_at_start": 0}, {"meeting_key": 1251, "session_key": 9655, "stint_number": 2, "driver_number": 24, "lap_start": 36, "lap_end": 36, "compound": "HARD", "tyre_age_at_start": 0}, {"meeting_key": 1251, "session_key": 9655, "stint_number": 2, "driver_number": 23, "lap_start": 36, "lap_end": 36, "compound": "SOFT", "tyre_age_at_start": 0}, {"meeting_key": 1251, "session_key": 9655, "stint_number": 2, "driver_number": 22, "lap_start": 36, "lap_end": 36, "compound": "HARD", "tyre_age_at_start": 0}, {"meeting_key": 1251, "session_key": 9655, "stint_number": 2, "driver_number": 30, "lap_start": 36, "lap_end": 36, "compound": "HARD", "tyre_age_at_start": 0}, {"meeting_key": 1251, "session_key": 9655, "stint_number": 3, "driver_number": 44, "lap_start": 36, "lap_end": 36, "compound": "HARD", "tyre_age_at_start": 0}, {"meeting_key": 1251, "session_key": 9655, "stint_number": 3, "driver_number": 1, "lap_start": 37, "lap_end": 37, "compound": "HARD", "tyre_age_at_start": 1}, {"meeting_key": 1251, "session_key": 9655, "stint_number": 3, "driver_number": 4, "lap_start": 37, "lap_end": 37, "compound": "HARD", "tyre_age_at_start": 0}, {"meeting_key": 1251, "session_key": 9655, "stint_number": 3, "driver_number": 77, "lap_start": 36, "lap_end": 36, "compound": "MEDIUM", "tyre_age_at_start": 0}, {"meeting_key": 1251, "session_key": 9655, "stint_number": 3, "driver_number": 16, "lap_start": 37, "lap_end": 37, "compound": "HARD", "tyre_age_at_start": 0}, {"meeting_key": 1251, "session_key": 9655, "stint_number": 3, "driver_number": 81, "lap_start": 37, "lap_end": 37, "compound": "HARD", "tyre_age_at_start": 0}, {"meeting_key": 1251, "session_key": 9655, "stint_number": 3, "driver_number": 11, "lap_start": 37, "lap_end": 37, "compound": "HARD", "tyre_age_at_start": 1}, {"meeting_key": 1251, "session_key": 9655, "stint_number": 3, "driver_number": 10, "lap_start": 37, "lap_end": 37, "compound": "HARD", "tyre_age_at_start": 0}, {"meeting_key": 1251, "session_key": 9655, "stint_number": 4, "driver_number": 63, "lap_start": 37, "lap_end": 37, "compound": "HARD", "tyre_age_at_start": 1}, {"meeting_key": 1251, "session_key": 9655, "stint_number": 3, "driver_number": 55, "lap_start": 37, "lap_end": 37, "compound": "HARD", "tyre_age_at_start": 2}, {"meeting_key": 1251, "session_key": 9655, "stint_number": 3, "driver_number": 24, "lap_start": 37, "lap_end": 37, "compound": "HARD", "tyre_age_at_start": 0}, {"meeting_key": 1251, "session_key": 9655, "stint_number": 3, "driver_number": 20, "lap_start": 37, "lap_end": 37, "compound": "HARD", "tyre_age_at_start": 27}, {"meeting_key": 1251, "session_key": 9655, "stint_number": 3, "driver_number": 14, "lap_start": 37, "lap_end": 37, "compound": "MEDIUM", "tyre_age_at_start": 6}, {"meeting_key": 1251, "session_key": 9655, "stint_number": 3, "driver_number": 22, "lap_start": 37, "lap_end": 37, "compound": "HARD", "tyre_age_at_start": 1}, {"meeting_key": 1251, "session_key": 9655, "stint_number": 3, "driver_number": 23, "lap_start": 37, "lap_end": 37, "compound": "SOFT", "tyre_age_at_start": 0}, {"meeting_key": 1251, "session_key": 9655, "stint_number": 4, "driver_number": 27, "lap_start": 37, "lap_end": 37, "compound": "MEDIUM", "tyre_age_at_start": 5}, {"meeting_key": 1251, "session_key": 9655, "stint_number": 3, "driver_number": 30, "lap_start": 37, "lap_end": 37, "compound": "HARD", "tyre_age_at_start": 1}, {"meeting_key": 1251, "session_key": 9655, "stint_number": 4, "driver_number": 1, "lap_start": 38, "lap_end": 57, "compound": "HARD", "tyre_age_at_start": 0}, {"meeting_key": 1251, "session_key": 9655, "stint_number": 4, "driver_number": 44, "lap_start": 37, "lap_end": 47, "compound": "HARD", "tyre_age_at_start": 0}, {"meeting_key": 1251, "session_key": 9655, "stint_number": 4, "driver_number": 77, "lap_start": 37, "lap_end": 57, "compound": "MEDIUM", "tyre_age_at_start": 0}, {"meeting_key": 1251, "session_key": 9655, "stint_number": 4, "driver_number": 4, "lap_start": 38, "lap_end": 45, "compound": "HARD", "tyre_age_at_start": 2}, {"meeting_key": 1251, "session_key": 9655, "stint_number": 4, "driver_number": 16, "lap_start": 38, "lap_end": 57, "compound": "HARD", "tyre_age_at_start": 2}, {"meeting_key": 1251, "session_key": 9655, "stint_number": 4, "driver_number": 11, "lap_start": 38, "lap_end": 38, "compound": "HARD", "tyre_age_at_start": 0}, {"meeting_key": 1251, "session_key": 9655, "stint_number": 4, "driver_number": 81, "lap_start": 38, "lap_end": 57, "compound": "HARD", "tyre_age_at_start": 3}, {"meeting_key": 1251, "session_key": 9655, "stint_number": 4, "driver_number": 10, "lap_start": 38, "lap_end": 57, "compound": "HARD", "tyre_age_at_start": 2}, {"meeting_key": 1251, "session_key": 9655, "stint_number": 5, "driver_number": 63, "lap_start": 38, "lap_end": 57, "compound": "HARD", "tyre_age_at_start": 2}, {"meeting_key": 1251, "session_key": 9655, "stint_number": 4, "driver_number": 55, "lap_start": 38, "lap_end": 57, "compound": "HARD", "tyre_age_at_start": 3}, {"meeting_key": 1251, "session_key": 9655, "stint_number": 4, "driver_number": 14, "lap_start": 38, "lap_end": 57, "compound": "MEDIUM", "tyre_age_at_start": 7}, {"meeting_key": 1251, "session_key": 9655, "stint_number": 4, "driver_number": 24, "lap_start": 38, "lap_end": 57, "compound": "HARD", "tyre_age_at_start": 0}, {"meeting_key": 1251, "session_key": 9655, "stint_number": 4, "driver_number": 20, "lap_start": 38, "lap_end": 57, "compound": "HARD", "tyre_age_at_start": 28}, {"meeting_key": 1251, "session_key": 9655, "stint_number": 4, "driver_number": 22, "lap_start": 38, "lap_end": 40, "compound": "HARD", "tyre_age_at_start": 2}, {"meeting_key": 1251, "session_key": 9655, "stint_number": 4, "driver_number": 23, "lap_start": 38, "lap_end": 55, "compound": "SOFT", "tyre_age_at_start": 0}, {"meeting_key": 1251, "session_key": 9655, "stint_number": 4, "driver_number": 30, "lap_start": 38, "lap_end": 40, "compound": "HARD", "tyre_age_at_start": 0}, {"meeting_key": 1251, "session_key": 9655, "stint_number": 5, "driver_number": 27, "lap_start": 38, "lap_end": 39, "compound": "MEDIUM", "tyre_age_at_start": 6}, {"meeting_key": 1251, "session_key": 9655, "stint_number": 5, "driver_number": 22, "lap_start": 41, "lap_end": 57, "compound": "SOFT", "tyre_age_at_start": 0}, {"meeting_key": 1251, "session_key": 9655, "stint_number": 5, "driver_number": 30, "lap_start": 41, "lap_end": 57, "compound": "SOFT", "tyre_age_at_start": 0}, {"meeting_key": 1251, "session_key": 9655, "stint_number": 5, "driver_number": 4, "lap_start": 46, "lap_end": 57, "compound": "HARD", "tyre_age_at_start": 0}, {"meeting_key": 1251, "session_key": 9655, "stint_number": 5, "driver_number": 44, "lap_start": 48, "lap_end": 57, "compound": "HARD", "tyre_age_at_start": 13}, {"meeting_key": 1251, "session_key": 9655, "stint_number": 5, "driver_number": 23, "lap_start": 56, "lap_end": 56, "compound": "SOFT", "tyre_age_at_start": 0}, {"meeting_key": 1251, "session_key": 9655, "stint_number": 2, "driver_number": 43, "lap_start": null, "lap_end": null, "compound": "MEDIUM", "tyre_age_at_start": 0}, {"meeting_key": 1251, "session_key": 9655, "stint_number": 2, "driver_number": 31, "lap_start": null, "lap_end": null, "compound": "MEDIUM", "tyre_age_at_start": 0}]