[{"meeting_key": 1219, "session_key": 9165, "stint_number": 1, "driver_number": 10, "lap_start": 1, "lap_end": 20, "compound": "MEDIUM", "tyre_age_at_start": 0}, {"meeting_key": 1219, "session_key": 9165, "stint_number": 1, "driver_number": 81, "lap_start": 1, "lap_end": 20, "compound": "MEDIUM", "tyre_age_at_start": 0}, {"meeting_key": 1219, "session_key": 9165, "stint_number": 1, "driver_number": 16, "lap_start": 1, "lap_end": 20, "compound": "SOFT", "tyre_age_at_start": 3}, {"meeting_key": 1219, "session_key": 9165, "stint_number": 1, "driver_number": 11, "lap_start": 1, "lap_end": 39, "compound": "HARD", "tyre_age_at_start": 0}, {"meeting_key": 1219, "session_key": 9165, "stint_number": 1, "driver_number": 22, "lap_start": null, "lap_end": null, "compound": "SOFT", "tyre_age_at_start": 0}, {"meeting_key": 1219, "session_key": 9165, "stint_number": 1, "driver_number": 31, "lap_start": 1, "lap_end": 20, "compound": "MEDIUM", "tyre_age_at_start": 0}, {"meeting_key": 1219, "session_key": 9165, "stint_number": 1, "driver_number": 77, "lap_start": 1, "lap_end": 40, "compound": "HARD", "tyre_age_at_start": 0}, {"meeting_key": 1219, "session_key": 9165, "stint_number": 1, "driver_number": 63, "lap_start": 1, "lap_end": 20, "compound": "MEDIUM", "tyre_age_at_start": 0}, {"meeting_key": 1219, "session_key": 9165, "stint_number": 1, "driver_number": 27, "lap_start": 1, "lap_end": 20, "compound": "MEDIUM", "tyre_age_at_start": 0}, {"meeting_key": 1219, "session_key": 9165, "stint_number": 1, "driver_number": 2, "lap_start": 1, "lap_end": 19, "compound": "MEDIUM", "tyre_age_at_start": 0}, {"meeting_key": 1219, "session_key": 9165, "stint_number": 1, "driver_number": 23, "lap_start": 1, "lap_end": 20, "compound": "MEDIUM", "tyre_age_at_start": 0}, {"meeting_key": 1219, "session_key": 9165, "stint_number": 1, "driver_number": 4, "lap_start": 1, "lap_end": 20, "compound": "MEDIUM", "tyre_age_at_start": 0}, {"meeting_key": 1219, "session_key": 9165, "stint_number": 1, "driver_number": 55, "lap_start": 1, "lap_end": 20, "compound": "MEDIUM", "tyre_age_at_start": 0}, {"meeting_key": 1219, "session_key": 9165, "stint_number": 1, "driver_number": 44, "lap_start": 1, "lap_end": 20, "compound": "MEDIUM", "tyre_age_at_start": 0}, {"meeting_key": 1219, "session_key": 9165, "stint_number": 1, "driver_number": 24, "lap_start": 1, "lap_end": 2, "compound": "SOFT", "tyre_age_at_start": 0}, {"meeting_key": 1219, "session_key": 9165, "stint_number": 1, "driver_number": 14, "lap_start": 1, "lap_end": 20, "compound": "MEDIUM", "tyre_age_at_start": 0}, {"meeting_key": 1219, "session_key": 9165, "stint_number": 1, "driver_number": 20, "lap_start": 1, "lap_end": 20, "compound": "MEDIUM", "tyre_age_at_start": 0}, {"meeting_key": 1219, "session_key": 9165, "stint_number": 1, "driver_number": 40, "lap_start": 1, "lap_end": 20, "compound": "MEDIUM", "tyre_age_at_start": 0}, {"meeting_key": 1219, "session_key": 9165, "stint_number": 1, "driver_number": 1, "lap_start": 1, "lap_end": 40, "compound": "HARD", "tyre_age_at_start": 0}, {"meeting_key": 1219, "session_key": 9165, "stint_number": 2, "driver_number": 24, "lap_start": 3, "lap_end": 20, "compound": "HARD", "tyre_age_at_start": 0}, {"meeting_key": 1219, "session_key": 9165, "stint_number": 2, "driver_number": 55, "lap_start": 21, "lap_end": 62, "compound": "HARD", "tyre_age_at_start": 0}, {"meeting_key": 1219, "session_key": 9165, "stint_number": 2, "driver_number": 2, "lap_start": 20, "lap_end": 43, "compound": "HARD", "tyre_age_at_start": 0}, {"meeting_key": 1219, "session_key": 9165, "stint_number": 2, "driver_number": 63, "lap_start": 21, "lap_end": 44, "compound": "HARD", "tyre_age_at_start": 0}, {"meeting_key": 1219, "session_key": 9165, "stint_number": 2, "driver_number": 16, "lap_start": 21, "lap_end": 62, "compound": "HARD", "tyre_age_at_start": 0}, {"meeting_key": 1219, "session_key": 9165, "stint_number": 2, "driver_number": 4, "lap_start": 21, "lap_end": 62, "compound": "HARD", "tyre_age_at_start": 0}, {"meeting_key": 1219, "session_key": 9165, "stint_number": 2, "driver_number": 44, "lap_start": 21, "lap_end": 44, "compound": "HARD", "tyre_age_at_start": 0}, {"meeting_key": 1219, "session_key": 9165, "stint_number": 2, "driver_number": 14, "lap_start": 21, "lap_end": 44, "compound": "HARD", "tyre_age_at_start": 0}, {"meeting_key": 1219, "session_key": 9165, "stint_number": 2, "driver_number": 31, "lap_start": 21, "lap_end": 42, "compound": "HARD", "tyre_age_at_start": 0}, {"meeting_key": 1219, "session_key": 9165, "stint_number": 2, "driver_number": 20, "lap_start": 21, "lap_end": 43, "compound": "HARD", "tyre_age_at_start": 0}, {"meeting_key": 1219, "session_key": 9165, "stint_number": 2, "driver_number": 81, "lap_start": 21, "lap_end": 62, "compound": "HARD", "tyre_age_at_start": 0}, {"meeting_key": 1219, "session_key": 9165, "stint_number": 2, "driver_number": 40, "lap_start": 21, "lap_end": 62, "compound": "HARD", "tyre_age_at_start": 0}, {"meeting_key": 1219, "session_key": 9165, "stint_number": 2, "driver_number": 27, "lap_start": 21, "lap_end": 62, "compound": "HARD", "tyre_age_at_start": 0}, {"meeting_key": 1219, "session_key": 9165, "stint_number": 2, "driver_number": 10, "lap_start": 21, "lap_end": 62, "compound": "HARD", "tyre_age_at_start": 0}, {"meeting_key": 1219, "session_key": 9165, "stint_number": 2, "driver_number": 23, "lap_start": 21, "lap_end": 43, "compound": "HARD", "tyre_age_at_start": 0}, {"meeting_key": 1219, "session_key": 9165, "stint_number": 3, "driver_number": 24, "lap_start": 21, "lap_end": 62, "compound": "MEDIUM", "tyre_age_at_start": 0}, {"meeting_key": 1219, "session_key": 9165, "stint_number": 2, "driver_number": 11, "lap_start": 40, "lap_end": 62, "compound": "MEDIUM", "tyre_age_at_start": 0}, {"meeting_key": 1219, "session_key": 9165, "stint_number": 2, "driver_number": 1, "lap_start": 41, "lap_end": 62, "compound": "MEDIUM", "tyre_age_at_start": 0}, {"meeting_key": 1219, "session_key": 9165, "stint_number": 2, "driver_number": 77, "lap_start": 41, "lap_end": 51, "compound": "MEDIUM", "tyre_age_at_start": 0}, {"meeting_key": 1219, "session_key": 9165, "stint_number": 3, "driver_number": 23, "lap_start": 44, "lap_end": 62, "compound": "MEDIUM", "tyre_age_at_start": 0}, {"meeting_key": 1219, "session_key": 9165, "stint_number": 3, "driver_number": 20, "lap_start": 44, "lap_end": 62, "compound": "SOFT", "tyre_age_at_start": 3}, {"meeting_key": 1219, "session_key": 9165, "stint_number": 3, "driver_number": 2, "lap_start": 44, "lap_end": 62, "compound": "MEDIUM", "tyre_age_at_start": 0}, {"meeting_key": 1219, "session_key": 9165, "stint_number": 3, "driver_number": 63, "lap_start": 45, "lap_end": 61, "compound": "MEDIUM", "tyre_age_at_start": 0}, {"meeting_key": 1219, "session_key": 9165, "stint_number": 3, "driver_number": 44, "lap_start": 45, "lap_end": 62, "compound": "MEDIUM", "tyre_age_at_start": 0}, {"meeting_key": 1219, "session_key": 9165, "stint_number": 3, "driver_number": 14, "lap_start": 45, "lap_end": 62, "compound": "SOFT", "tyre_age_at_start": 2}]