[{"meeting_key": 1273, "session_key": 9864, "stint_number": 1, "driver_number": 81, "lap_start": 1, "lap_end": 5, "compound": "MEDIUM", "tyre_age_at_start": 4}, {"meeting_key": 1273, "session_key": 9864, "stint_number": 1, "driver_number": 43, "lap_start": 1, "lap_end": 5, "compound": "MEDIUM", "tyre_age_at_start": 6}, {"meeting_key": 1273, "session_key": 9864, "stint_number": 1, "driver_number": 27, "lap_start": 1, "lap_end": 6, "compound": "MEDIUM", "tyre_age_at_start": 6}, {"meeting_key": 1273, "session_key": 9864, "stint_number": 1, "driver_number": 4, "lap_start": 1, "lap_end": 7, "compound": "MEDIUM", "tyre_age_at_start": 5}, {"meeting_key": 1273, "session_key": 9864, "stint_number": 1, "driver_number": 12, "lap_start": 1, "lap_end": 7, "compound": "SOFT", "tyre_age_at_start": 6}, {"meeting_key": 1273, "session_key": 9864, "stint_number": 1, "driver_number": 63, "lap_start": 1, "lap_end": 7, "compound": "SOFT", "tyre_age_at_start": 6}, {"meeting_key": 1273, "session_key": 9864, "stint_number": 1, "driver_number": 1, "lap_start": 1, "lap_end": 7, "compound": "SOFT", "tyre_age_at_start": 3}, {"meeting_key": 1273, "session_key": 9864, "stint_number": 1, "driver_number": 14, "lap_start": 1, "lap_end": 7, "compound": "MEDIUM", "tyre_age_at_start": 3}, {"meeting_key": 1273, "session_key": 9864, "stint_number": 1, "driver_number": 16, "lap_start": 1, "lap_end": 7, "compound": "SOFT", "tyre_age_at_start": 6}, {"meeting_key": 1273, "session_key": 9864, "stint_number": 1, "driver_number": 44, "lap_start": 1, "lap_end": 7, "compound": "MEDIUM", "tyre_age_at_start": 6}, {"meeting_key": 1273, "session_key": 9864, "stint_number": 1, "driver_number": 18, "lap_start": 1, "lap_end": 7, "compound": "MEDIUM", "tyre_age_at_start": 0}, {"meeting_key": 1273, "session_key": 9864, "stint_number": 1, "driver_number": 10, "lap_start": 1, "lap_end": 7, "compound": "MEDIUM", "tyre_age_at_start": 6}, {"meeting_key": 1273, "session_key": 9864, "stint_number": 1, "driver_number": 23, "lap_start": 1, "lap_end": 7, "compound": "SOFT", "tyre_age_at_start": 0}, {"meeting_key": 1273, "session_key": 9864, "stint_number": 1, "driver_number": 6, "lap_start": 1, "lap_end": 7, "compound": "SOFT", "tyre_age_at_start": 3}, {"meeting_key": 1273, "session_key": 9864, "stint_number": 1, "driver_number": 5, "lap_start": 1, "lap_end": 7, "compound": "MEDIUM", "tyre_age_at_start": 6}, {"meeting_key": 1273, "session_key": 9864, "stint_number": 1, "driver_number": 30, "lap_start": 1, "lap_end": 7, "compound": "MEDIUM", "tyre_age_at_start": 5}, {"meeting_key": 1273, "session_key": 9864, "stint_number": 1, "driver_number": 31, "lap_start": 1, "lap_end": 7, "compound": "MEDIUM", "tyre_age_at_start": 6}, {"meeting_key": 1273, "session_key": 9864, "stint_number": 1, "driver_number": 87, "lap_start": 1, "lap_end": 7, "compound": "MEDIUM", "tyre_age_at_start": 6}, {"meeting_key": 1273, "session_key": 9864, "stint_number": 1, "driver_number": 22, "lap_start": 1, "lap_end": 7, "compound": "MEDIUM", "tyre_age_at_start": 6}, {"meeting_key": 1273, "session_key": 9864, "stint_number": 1, "driver_number": 55, "lap_start": 1, "lap_end": 7, "compound": "MEDIUM", "tyre_age_at_start": 6}, {"meeting_key": 1273, "session_key": 9864, "stint_number": 2, "driver_number": 27, "lap_start": 7, "lap_end": 7, "compound": "MEDIUM", "tyre_age_at_start": 0}, {"meeting_key": 1273, "session_key": 9864, "stint_number": 2, "driver_number": 5, "lap_start": 8, "lap_end": 23, "compound": "MEDIUM", "tyre_age_at_start": 10}, {"meeting_key": 1273, "session_key": 9864, "stint_number": 2, "driver_number": 4, "lap_start": 8, "lap_end": 24, "compound": "SOFT", "tyre_age_at_start": 6}, {"meeting_key": 1273, "session_key": 9864, "stint_number": 2, "driver_number": 12, "lap_start": 8, "lap_end": 24, "compound": "MEDIUM", "tyre_age_at_start": 5}, {"meeting_key": 1273, "session_key": 9864, "stint_number": 2, "driver_number": 63, "lap_start": 8, "lap_end": 24, "compound": "MEDIUM", "tyre_age_at_start": 6}, {"meeting_key": 1273, "session_key": 9864, "stint_number": 2, "driver_number": 1, "lap_start": 8, "lap_end": 24, "compound": "MEDIUM", "tyre_age_at_start": 0}, {"meeting_key": 1273, "session_key": 9864, "stint_number": 2, "driver_number": 16, "lap_start": 8, "lap_end": 24, "compound": "MEDIUM", "tyre_age_at_start": 8}, {"meeting_key": 1273, "session_key": 9864, "stint_number": 2, "driver_number": 14, "lap_start": 8, "lap_end": 24, "compound": "SOFT", "tyre_age_at_start": 3}, {"meeting_key": 1273, "session_key": 9864, "stint_number": 2, "driver_number": 44, "lap_start": 8, "lap_end": 24, "compound": "MEDIUM", "tyre_age_at_start": 8}, {"meeting_key": 1273, "session_key": 9864, "stint_number": 2, "driver_number": 10, "lap_start": 8, "lap_end": 24, "compound": "SOFT", "tyre_age_at_start": 0}, {"meeting_key": 1273, "session_key": 9864, "stint_number": 2, "driver_number": 18, "lap_start": 8, "lap_end": 24, "compound": "SOFT", "tyre_age_at_start": 3}, {"meeting_key": 1273, "session_key": 9864, "stint_number": 2, "driver_number": 6, "lap_start": 8, "lap_end": 24, "compound": "MEDIUM", "tyre_age_at_start": 6}, {"meeting_key": 1273, "session_key": 9864, "stint_number": 2, "driver_number": 31, "lap_start": 8, "lap_end": 24, "compound": "MEDIUM", "tyre_age_at_start": 10}, {"meeting_key": 1273, "session_key": 9864, "stint_number": 2, "driver_number": 87, "lap_start": 8, "lap_end": 24, "compound": "MEDIUM", "tyre_age_at_start": 10}, {"meeting_key": 1273, "session_key": 9864, "stint_number": 2, "driver_number": 30, "lap_start": 8, "lap_end": 24, "compound": "MEDIUM", "tyre_age_at_start": 12}, {"meeting_key": 1273, "session_key": 9864, "stint_number": 2, "driver_number": 22, "lap_start": 8, "lap_end": 24, "compound": "MEDIUM", "tyre_age_at_start": 13}, {"meeting_key": 1273, "session_key": 9864, "stint_number": 2, "driver_number": 55, "lap_start": 8, "lap_end": 24, "compound": "MEDIUM", "tyre_age_at_start": 12}, {"meeting_key": 1273, "session_key": 9864, "stint_number": 3, "driver_number": 27, "lap_start": 8, "lap_end": 24, "compound": "MEDIUM", "tyre_age_at_start": 11}, {"meeting_key": 1273, "session_key": 9864, "stint_number": 2, "driver_number": 23, "lap_start": 8, "lap_end": 24, "compound": "SOFT", "tyre_age_at_start": 7}]