[{"meeting_key": 1216, "session_key": 9140, "stint_number": 1, "driver_number": 23, "lap_start": null, "lap_end": null, "compound": "WET", "tyre_age_at_start": 0}, {"meeting_key": 1216, "session_key": 9140, "stint_number": 1, "driver_number": 4, "lap_start": 1, "lap_end": 1, "compound": "WET", "tyre_age_at_start": 0}, {"meeting_key": 1216, "session_key": 9140, "stint_number": 1, "driver_number": 24, "lap_start": 1, "lap_end": 1, "compound": "WET", "tyre_age_at_start": 0}, {"meeting_key": 1216, "session_key": 9140, "stint_number": 1, "driver_number": 55, "lap_start": null, "lap_end": null, "compound": "WET", "tyre_age_at_start": 0}, {"meeting_key": 1216, "session_key": 9140, "stint_number": 1, "driver_number": 44, "lap_start": null, "lap_end": null, "compound": "WET", "tyre_age_at_start": 0}, {"meeting_key": 1216, "session_key": 9140, "stint_number": 1, "driver_number": 10, "lap_start": null, "lap_end": null, "compound": "WET", "tyre_age_at_start": 0}, {"meeting_key": 1216, "session_key": 9140, "stint_number": 1, "driver_number": 81, "lap_start": null, "lap_end": null, "compound": "WET", "tyre_age_at_start": 0}, {"meeting_key": 1216, "session_key": 9140, "stint_number": 1, "driver_number": 31, "lap_start": 1, "lap_end": 1, "compound": "WET", "tyre_age_at_start": 0}, {"meeting_key": 1216, "session_key": 9140, "stint_number": 1, "driver_number": 20, "lap_start": 1, "lap_end": 1, "compound": "WET", "tyre_age_at_start": 0}, {"meeting_key": 1216, "session_key": 9140, "stint_number": 1, "driver_number": 77, "lap_start": null, "lap_end": null, "compound": "WET", "tyre_age_at_start": 0}, {"meeting_key": 1216, "session_key": 9140, "stint_number": 1, "driver_number": 1, "lap_start": 1, "lap_end": 1, "compound": "WET", "tyre_age_at_start": 0}, {"meeting_key": 1216, "session_key": 9140, "stint_number": 1, "driver_number": 27, "lap_start": null, "lap_end": null, "compound": "WET", "tyre_age_at_start": 0}, {"meeting_key": 1216, "session_key": 9140, "stint_number": 1, "driver_number": 16, "lap_start": 1, "lap_end": 1, "compound": "WET", "tyre_age_at_start": 0}, {"meeting_key": 1216, "session_key": 9140, "stint_number": 1, "driver_number": 2, "lap_start": 1, "lap_end": 1, "compound": "WET", "tyre_age_at_start": 0}, {"meeting_key": 1216, "session_key": 9140, "stint_number": 1, "driver_number": 22, "lap_start": 1, "lap_end": 1, "compound": "WET", "tyre_age_at_start": 0}, {"meeting_key": 1216, "session_key": 9140, "stint_number": 1, "driver_number": 11, "lap_start": null, "lap_end": null, "compound": "WET", "tyre_age_at_start": 0}, {"meeting_key": 1216, "session_key": 9140, "stint_number": 1, "driver_number": 63, "lap_start": 1, "lap_end": 1, "compound": "WET", "tyre_age_at_start": 0}, {"meeting_key": 1216, "session_key": 9140, "stint_number": 1, "driver_number": 18, "lap_start": null, "lap_end": null, "compound": "WET", "tyre_age_at_start": 0}, {"meeting_key": 1216, "session_key": 9140, "stint_number": 1, "driver_number": 14, "lap_start": 1, "lap_end": 1, "compound": "WET", "tyre_age_at_start": 0}, {"meeting_key": 1216, "session_key": 9140, "stint_number": 1, "driver_number": 3, "lap_start": null, "lap_end": null, "compound": "WET", "tyre_age_at_start": 0}, {"meeting_key": 1216, "session_key": 9140, "stint_number": 2, "driver_number": 81, "lap_start": 1, "lap_end": 11, "compound": "INTERMEDIATE", "tyre_age_at_start": 3}, {"meeting_key": 1216, "session_key": 9140, "stint_number": 2, "driver_number": 11, "lap_start": 1, "lap_end": 8, "compound": "INTERMEDIATE", "tyre_age_at_start": 3}, {"meeting_key": 1216, "session_key": 9140, "stint_number": 2, "driver_number": 10, "lap_start": 1, "lap_end": 11, "compound": "INTERMEDIATE", "tyre_age_at_start": 5}, {"meeting_key": 1216, "session_key": 9140, "stint_number": 2, "driver_number": 23, "lap_start": 1, "lap_end": 11, "compound": "INTERMEDIATE", "tyre_age_at_start": 3}, {"meeting_key": 1216, "session_key": 9140, "stint_number": 2, "driver_number": 3, "lap_start": 1, "lap_end": 11, "compound": "INTERMEDIATE", "tyre_age_at_start": 1}, {"meeting_key": 1216, "session_key": 9140, "stint_number": 2, "driver_number": 18, "lap_start": 1, "lap_end": 11, "compound": "INTERMEDIATE", "tyre_age_at_start": 3}, {"meeting_key": 1216, "session_key": 9140, "stint_number": 2, "driver_number": 55, "lap_start": 1, "lap_end": 11, "compound": "INTERMEDIATE", "tyre_age_at_start": 0}, {"meeting_key": 1216, "session_key": 9140, "stint_number": 2, "driver_number": 44, "lap_start": 1, "lap_end": 11, "compound": "INTERMEDIATE", "tyre_age_at_start": 0}, {"meeting_key": 1216, "session_key": 9140, "stint_number": 2, "driver_number": 77, "lap_start": 1, "lap_end": 11, "compound": "INTERMEDIATE", "tyre_age_at_start": 3}, {"meeting_key": 1216, "session_key": 9140, "stint_number": 2, "driver_number": 27, "lap_start": 1, "lap_end": 11, "compound": "INTERMEDIATE", "tyre_age_at_start": 0}, {"meeting_key": 1216, "session_key": 9140, "stint_number": 2, "driver_number": 1, "lap_start": 2, "lap_end": 11, "compound": "INTERMEDIATE", "tyre_age_at_start": 0}, {"meeting_key": 1216, "session_key": 9140, "stint_number": 2, "driver_number": 4, "lap_start": 2, "lap_end": 11, "compound": "INTERMEDIATE", "tyre_age_at_start": 0}, {"meeting_key": 1216, "session_key": 9140, "stint_number": 2, "driver_number": 31, "lap_start": 2, "lap_end": 11, "compound": "INTERMEDIATE", "tyre_age_at_start": 1}, {"meeting_key": 1216, "session_key": 9140, "stint_number": 2, "driver_number": 63, "lap_start": 2, "lap_end": 11, "compound": "INTERMEDIATE", "tyre_age_at_start": 0}, {"meeting_key": 1216, "session_key": 9140, "stint_number": 2, "driver_number": 16, "lap_start": 2, "lap_end": 11, "compound": "INTERMEDIATE", "tyre_age_at_start": 3}, {"meeting_key": 1216, "session_key": 9140, "stint_number": 2, "driver_number": 14, "lap_start": 2, "lap_end": 2, "compound": "INTERMEDIATE", "tyre_age_at_start": 1}, {"meeting_key": 1216, "session_key": 9140, "stint_number": 2, "driver_number": 22, "lap_start": 2, "lap_end": 11, "compound": "INTERMEDIATE", "tyre_age_at_start": 3}, {"meeting_key": 1216, "session_key": 9140, "stint_number": 2, "driver_number": 2, "lap_start": 2, "lap_end": 11, "compound": "INTERMEDIATE", "tyre_age_at_start": 3}, {"meeting_key": 1216, "session_key": 9140, "stint_number": 2, "driver_number": 24, "lap_start": 2, "lap_end": 11, "compound": "INTERMEDIATE", "tyre_age_at_start": 4}, {"meeting_key": 1216, "session_key": 9140, "stint_number": 2, "driver_number": 20, "lap_start": 2, "lap_end": 11, "compound": "INTERMEDIATE", "tyre_age_at_start": 3}, {"meeting_key": 1216, "session_key": 9140, "stint_number": 3, "driver_number": 55, "lap_start": 12, "lap_end": 12, "compound": "INTERMEDIATE", "tyre_age_at_start": 3}, {"meeting_key": 1216, "session_key": 9140, "stint_number": 3, "driver_number": 16, "lap_start": 12, "lap_end": 12, "compound": "INTERMEDIATE", "tyre_age_at_start": 3}]