[{"meeting_key": 1236, "session_key": 9523, "stint_number": 1, "driver_number": 3, "lap_start": 1, "lap_end": 1, "compound": "MEDIUM", "tyre_age_at_start": 0}, {"meeting_key": 1236, "session_key": 9523, "stint_number": 1, "driver_number": 63, "lap_start": 1, "lap_end": 1, "compound": "HARD", "tyre_age_at_start": 0}, {"meeting_key": 1236, "session_key": 9523, "stint_number": 1, "driver_number": 10, "lap_start": 1, "lap_end": 1, "compound": "HARD", "tyre_age_at_start": 0}, {"meeting_key": 1236, "session_key": 9523, "stint_number": 1, "driver_number": 81, "lap_start": 1, "lap_end": 1, "compound": "MEDIUM", "tyre_age_at_start": 1}, {"meeting_key": 1236, "session_key": 9523, "stint_number": 1, "driver_number": 44, "lap_start": 1, "lap_end": 1, "compound": "HARD", "tyre_age_at_start": 0}, {"meeting_key": 1236, "session_key": 9523, "stint_number": 1, "driver_number": 4, "lap_start": 1, "lap_end": 1, "compound": "MEDIUM", "tyre_age_at_start": 1}, {"meeting_key": 1236, "session_key": 9523, "stint_number": 1, "driver_number": 31, "lap_start": null, "lap_end": null, "compound": "HARD", "tyre_age_at_start": 0}, {"meeting_key": 1236, "session_key": 9523, "stint_number": 1, "driver_number": 22, "lap_start": 1, "lap_end": 1, "compound": "MEDIUM", "tyre_age_at_start": 0}, {"meeting_key": 1236, "session_key": 9523, "stint_number": 1, "driver_number": 24, "lap_start": 1, "lap_end": 1, "compound": "MEDIUM", "tyre_age_at_start": 0}, {"meeting_key": 1236, "session_key": 9523, "stint_number": 1, "driver_number": 77, "lap_start": 1, "lap_end": 1, "compound": "HARD", "tyre_age_at_start": 0}, {"meeting_key": 1236, "session_key": 9523, "stint_number": 1, "driver_number": 23, "lap_start": 1, "lap_end": 1, "compound": "MEDIUM", "tyre_age_at_start": 0}, {"meeting_key": 1236, "session_key": 9523, "stint_number": 1, "driver_number": 16, "lap_start": 1, "lap_end": 1, "compound": "MEDIUM", "tyre_age_at_start": 0}, {"meeting_key": 1236, "session_key": 9523, "stint_number": 1, "driver_number": 27, "lap_start": null, "lap_end": null, "compound": "MEDIUM", "tyre_age_at_start": 0}, {"meeting_key": 1236, "session_key": 9523, "stint_number": 1, "driver_number": 14, "lap_start": 1, "lap_end": 1, "compound": "HARD", "tyre_age_at_start": 1}, {"meeting_key": 1236, "session_key": 9523, "stint_number": 1, "driver_number": 20, "lap_start": null, "lap_end": null, "compound": "HARD", "tyre_age_at_start": 0}, {"meeting_key": 1236, "session_key": 9523, "stint_number": 1, "driver_number": 11, "lap_start": null, "lap_end": null, "compound": "HARD", "tyre_age_at_start": 0}, {"meeting_key": 1236, "session_key": 9523, "stint_number": 1, "driver_number": 18, "lap_start": 1, "lap_end": 1, "compound": "HARD", "tyre_age_at_start": 1}, {"meeting_key": 1236, "session_key": 9523, "stint_number": 1, "driver_number": 55, "lap_start": 1, "lap_end": 1, "compound": "MEDIUM", "tyre_age_at_start": 0}, {"meeting_key": 1236, "session_key": 9523, "stint_number": 1, "driver_number": 2, "lap_start": 1, "lap_end": 1, "compound": "HARD", "tyre_age_at_start": 0}, {"meeting_key": 1236, "session_key": 9523, "stint_number": 1, "driver_number": 1, "lap_start": 1, "lap_end": 1, "compound": "HARD", "tyre_age_at_start": 0}, {"meeting_key": 1236, "session_key": 9523, "stint_number": 2, "driver_number": 16, "lap_start": 1, "lap_end": 78, "compound": "HARD", "tyre_age_at_start": 0}, {"meeting_key": 1236, "session_key": 9523, "stint_number": 2, "driver_number": 81, "lap_start": 1, "lap_end": 78, "compound": "HARD", "tyre_age_at_start": 1}, {"meeting_key": 1236, "session_key": 9523, "stint_number": 2, "driver_number": 55, "lap_start": 1, "lap_end": 78, "compound": "HARD", "tyre_age_at_start": 0}, {"meeting_key": 1236, "session_key": 9523, "stint_number": 2, "driver_number": 4, "lap_start": 1, "lap_end": 78, "compound": "HARD", "tyre_age_at_start": 0}, {"meeting_key": 1236, "session_key": 9523, "stint_number": 2, "driver_number": 63, "lap_start": 1, "lap_end": 78, "compound": "MEDIUM", "tyre_age_at_start": 0}, {"meeting_key": 1236, "session_key": 9523, "stint_number": 2, "driver_number": 1, "lap_start": 1, "lap_end": 52, "compound": "MEDIUM", "tyre_age_at_start": 0}, {"meeting_key": 1236, "session_key": 9523, "stint_number": 2, "driver_number": 44, "lap_start": 1, "lap_end": 51, "compound": "MEDIUM", "tyre_age_at_start": 0}, {"meeting_key": 1236, "session_key": 9523, "stint_number": 2, "driver_number": 22, "lap_start": 1, "lap_end": 77, "compound": "HARD", "tyre_age_at_start": 1}, {"meeting_key": 1236, "session_key": 9523, "stint_number": 2, "driver_number": 10, "lap_start": 1, "lap_end": 77, "compound": "MEDIUM", "tyre_age_at_start": 0}, {"meeting_key": 1236, "session_key": 9523, "stint_number": 2, "driver_number": 23, "lap_start": 1, "lap_end": 77, "compound": "HARD", "tyre_age_at_start": 0}, {"meeting_key": 1236, "session_key": 9523, "stint_number": 2, "driver_number": 18, "lap_start": 1, "lap_end": 42, "compound": "MEDIUM", "tyre_age_at_start": 1}, {"meeting_key": 1236, "session_key": 9523, "stint_number": 2, "driver_number": 3, "lap_start": 1, "lap_end": 76, "compound": "HARD", "tyre_age_at_start": 1}, {"meeting_key": 1236, "session_key": 9523, "stint_number": 2, "driver_number": 2, "lap_start": 1, "lap_end": 57, "compound": "HARD", "tyre_age_at_start": 1}, {"meeting_key": 1236, "session_key": 9523, "stint_number": 2, "driver_number": 14, "lap_start": 1, "lap_end": 76, "compound": "MEDIUM", "tyre_age_at_start": 1}, {"meeting_key": 1236, "session_key": 9523, "stint_number": 2, "driver_number": 77, "lap_start": 1, "lap_end": 15, "compound": "MEDIUM", "tyre_age_at_start": 0}, {"meeting_key": 1236, "session_key": 9523, "stint_number": 2, "driver_number": 24, "lap_start": 1, "lap_end": 70, "compound": "HARD", "tyre_age_at_start": 0}, {"meeting_key": 1236, "session_key": 9523, "stint_number": 3, "driver_number": 77, "lap_start": 15, "lap_end": 76, "compound": "HARD", "tyre_age_at_start": 1}, {"meeting_key": 1236, "session_key": 9523, "stint_number": 3, "driver_number": 18, "lap_start": 42, "lap_end": 48, "compound": "HARD", "tyre_age_at_start": 0}, {"meeting_key": 1236, "session_key": 9523, "stint_number": 4, "driver_number": 18, "lap_start": 48, "lap_end": 76, "compound": "SOFT", "tyre_age_at_start": 0}, {"meeting_key": 1236, "session_key": 9523, "stint_number": 3, "driver_number": 44, "lap_start": 51, "lap_end": 78, "compound": "HARD", "tyre_age_at_start": 0}, {"meeting_key": 1236, "session_key": 9523, "stint_number": 3, "driver_number": 1, "lap_start": 52, "lap_end": 78, "compound": "HARD", "tyre_age_at_start": 0}, {"meeting_key": 1236, "session_key": 9523, "stint_number": 3, "driver_number": 2, "lap_start": 57, "lap_end": 76, "compound": "MEDIUM", "tyre_age_at_start": 0}, {"meeting_key": 1236, "session_key": 9523, "stint_number": 3, "driver_number": 24, "lap_start": 70, "lap_end": 76, "compound": "SOFT", "tyre_age_at_start": 0}]