[{"meeting_key": 1222, "session_key": 9213, "stint_number": 1, "driver_number": 14, "lap_start": 1, "lap_end": 19, "compound": "MEDIUM", "tyre_age_at_start": 0}, {"meeting_key": 1222, "session_key": 9213, "stint_number": 1, "driver_number": 3, "lap_start": 1, "lap_end": 22, "compound": "MEDIUM", "tyre_age_at_start": 0}, {"meeting_key": 1222, "session_key": 9213, "stint_number": 1, "driver_number": 23, "lap_start": 1, "lap_end": 10, "compound": "MEDIUM", "tyre_age_at_start": 3}, {"meeting_key": 1222, "session_key": 9213, "stint_number": 1, "driver_number": 4, "lap_start": 1, "lap_end": 17, "compound": "MEDIUM", "tyre_age_at_start": 0}, {"meeting_key": 1222, "session_key": 9213, "stint_number": 1, "driver_number": 55, "lap_start": 1, "lap_end": 17, "compound": "MEDIUM", "tyre_age_at_start": 0}, {"meeting_key": 1222, "session_key": 9213, "stint_number": 1, "driver_number": 24, "lap_start": 1, "lap_end": 9, "compound": "MEDIUM", "tyre_age_at_start": 0}, {"meeting_key": 1222, "session_key": 9213, "stint_number": 1, "driver_number": 44, "lap_start": 1, "lap_end": 20, "compound": "MEDIUM", "tyre_age_at_start": 0}, {"meeting_key": 1222, "session_key": 9213, "stint_number": 1, "driver_number": 10, "lap_start": 1, "lap_end": 18, "compound": "MEDIUM", "tyre_age_at_start": 0}, {"meeting_key": 1222, "session_key": 9213, "stint_number": 1, "driver_number": 81, "lap_start": 1, "lap_end": 10, "compound": "MEDIUM", "tyre_age_at_start": 0}, {"meeting_key": 1222, "session_key": 9213, "stint_number": 1, "driver_number": 31, "lap_start": 1, "lap_end": 6, "compound": "MEDIUM", "tyre_age_at_start": 0}, {"meeting_key": 1222, "session_key": 9213, "stint_number": 1, "driver_number": 20, "lap_start": 1, "lap_end": 10, "compound": "MEDIUM", "tyre_age_at_start": 0}, {"meeting_key": 1222, "session_key": 9213, "stint_number": 1, "driver_number": 77, "lap_start": 1, "lap_end": 10, "compound": "MEDIUM", "tyre_age_at_start": 0}, {"meeting_key": 1222, "session_key": 9213, "stint_number": 1, "driver_number": 1, "lap_start": 1, "lap_end": 16, "compound": "MEDIUM", "tyre_age_at_start": 0}, {"meeting_key": 1222, "session_key": 9213, "stint_number": 1, "driver_number": 16, "lap_start": 1, "lap_end": 23, "compound": "MEDIUM", "tyre_age_at_start": 0}, {"meeting_key": 1222, "session_key": 9213, "stint_number": 1, "driver_number": 27, "lap_start": 1, "lap_end": 19, "compound": "HARD", "tyre_age_at_start": 0}, {"meeting_key": 1222, "session_key": 9213, "stint_number": 1, "driver_number": 2, "lap_start": 1, "lap_end": 11, "compound": "MEDIUM", "tyre_age_at_start": 0}, {"meeting_key": 1222, "session_key": 9213, "stint_number": 1, "driver_number": 22, "lap_start": 1, "lap_end": 17, "compound": "MEDIUM", "tyre_age_at_start": 0}, {"meeting_key": 1222, "session_key": 9213, "stint_number": 1, "driver_number": 11, "lap_start": 1, "lap_end": 17, "compound": "MEDIUM", "tyre_age_at_start": 0}, {"meeting_key": 1222, "session_key": 9213, "stint_number": 1, "driver_number": 18, "lap_start": 1, "lap_end": 20, "compound": "HARD", "tyre_age_at_start": 0}, {"meeting_key": 1222, "session_key": 9213, "stint_number": 1, "driver_number": 63, "lap_start": 1, "lap_end": 21, "compound": "MEDIUM", "tyre_age_at_start": 0}, {"meeting_key": 1222, "session_key": 9213, "stint_number": 2, "driver_number": 24, "lap_start": 10, "lap_end": 27, "compound": "HARD", "tyre_age_at_start": 0}, {"meeting_key": 1222, "session_key": 9213, "stint_number": 2, "driver_number": 23, "lap_start": 11, "lap_end": 29, "compound": "HARD", "tyre_age_at_start": 0}, {"meeting_key": 1222, "session_key": 9213, "stint_number": 2, "driver_number": 77, "lap_start": 11, "lap_end": 28, "compound": "HARD", "tyre_age_at_start": 0}, {"meeting_key": 1222, "session_key": 9213, "stint_number": 2, "driver_number": 20, "lap_start": 11, "lap_end": 29, "compound": "HARD", "tyre_age_at_start": 0}, {"meeting_key": 1222, "session_key": 9213, "stint_number": 2, "driver_number": 2, "lap_start": 12, "lap_end": 32, "compound": "HARD", "tyre_age_at_start": 0}, {"meeting_key": 1222, "session_key": 9213, "stint_number": 2, "driver_number": 1, "lap_start": 17, "lap_end": 35, "compound": "MEDIUM", "tyre_age_at_start": 0}, {"meeting_key": 1222, "session_key": 9213, "stint_number": 2, "driver_number": 4, "lap_start": 18, "lap_end": 34, "compound": "HARD", "tyre_age_at_start": 0}, {"meeting_key": 1222, "session_key": 9213, "stint_number": 2, "driver_number": 55, "lap_start": 18, "lap_end": 35, "compound": "MEDIUM", "tyre_age_at_start": 0}, {"meeting_key": 1222, "session_key": 9213, "stint_number": 2, "driver_number": 11, "lap_start": 18, "lap_end": 37, "compound": "MEDIUM", "tyre_age_at_start": 0}, {"meeting_key": 1222, "session_key": 9213, "stint_number": 2, "driver_number": 22, "lap_start": 18, "lap_end": 34, "compound": "HARD", "tyre_age_at_start": 0}, {"meeting_key": 1222, "session_key": 9213, "stint_number": 2, "driver_number": 10, "lap_start": 19, "lap_end": 37, "compound": "MEDIUM", "tyre_age_at_start": 0}, {"meeting_key": 1222, "session_key": 9213, "stint_number": 2, "driver_number": 14, "lap_start": 20, "lap_end": 42, "compound": "MEDIUM", "tyre_age_at_start": 0}, {"meeting_key": 1222, "session_key": 9213, "stint_number": 2, "driver_number": 27, "lap_start": 20, "lap_end": 34, "compound": "MEDIUM", "tyre_age_at_start": 0}, {"meeting_key": 1222, "session_key": 9213, "stint_number": 2, "driver_number": 44, "lap_start": 21, "lap_end": 38, "compound": "HARD", "tyre_age_at_start": 0}, {"meeting_key": 1222, "session_key": 9213, "stint_number": 2, "driver_number": 18, "lap_start": 21, "lap_end": 40, "compound": "MEDIUM", "tyre_age_at_start": 0}, {"meeting_key": 1222, "session_key": 9213, "stint_number": 2, "driver_number": 63, "lap_start": 22, "lap_end": 39, "compound": "HARD", "tyre_age_at_start": 0}, {"meeting_key": 1222, "session_key": 9213, "stint_number": 2, "driver_number": 3, "lap_start": 23, "lap_end": 47, "compound": "HARD", "tyre_age_at_start": 0}, {"meeting_key": 1222, "session_key": 9213, "stint_number": 2, "driver_number": 16, "lap_start": 24, "lap_end": 56, "compound": "HARD", "tyre_age_at_start": 0}, {"meeting_key": 1222, "session_key": 9213, "stint_number": 3, "driver_number": 24, "lap_start": 28, "lap_end": 55, "compound": "HARD", "tyre_age_at_start": 0}, {"meeting_key": 1222, "session_key": 9213, "stint_number": 3, "driver_number": 77, "lap_start": 29, "lap_end": 56, "compound": "HARD", "tyre_age_at_start": 0}, {"meeting_key": 1222, "session_key": 9213, "stint_number": 3, "driver_number": 23, "lap_start": 30, "lap_end": 56, "compound": "MEDIUM", "tyre_age_at_start": 6}, {"meeting_key": 1222, "session_key": 9213, "stint_number": 3, "driver_number": 20, "lap_start": 30, "lap_end": 55, "compound": "MEDIUM", "tyre_age_at_start": 0}, {"meeting_key": 1222, "session_key": 9213, "stint_number": 3, "driver_number": 2, "lap_start": 33, "lap_end": 56, "compound": "MEDIUM", "tyre_age_at_start": 0}, {"meeting_key": 1222, "session_key": 9213, "stint_number": 3, "driver_number": 4, "lap_start": 35, "lap_end": 56, "compound": "HARD", "tyre_age_at_start": 0}, {"meeting_key": 1222, "session_key": 9213, "stint_number": 3, "driver_number": 22, "lap_start": 35, "lap_end": 54, "compound": "MEDIUM", "tyre_age_at_start": 0}, {"meeting_key": 1222, "session_key": 9213, "stint_number": 3, "driver_number": 27, "lap_start": 35, "lap_end": 56, "compound": "MEDIUM", "tyre_age_at_start": 6}, {"meeting_key": 1222, "session_key": 9213, "stint_number": 3, "driver_number": 1, "lap_start": 36, "lap_end": 56, "compound": "HARD", "tyre_age_at_start": 0}, {"meeting_key": 1222, "session_key": 9213, "stint_number": 3, "driver_number": 55, "lap_start": 36, "lap_end": 56, "compound": "HARD", "tyre_age_at_start": 0}, {"meeting_key": 1222, "session_key": 9213, "stint_number": 3, "driver_number": 11, "lap_start": 38, "lap_end": 56, "compound": "HARD", "tyre_age_at_start": 0}, {"meeting_key": 1222, "session_key": 9213, "stint_number": 3, "driver_number": 10, "lap_start": 38, "lap_end": 56, "compound": "HARD", "tyre_age_at_start": 0}, {"meeting_key": 1222, "session_key": 9213, "stint_number": 3, "driver_number": 44, "lap_start": 39, "lap_end": 56, "compound": "MEDIUM", "tyre_age_at_start": 0}, {"meeting_key": 1222, "session_key": 9213, "stint_number": 3, "driver_number": 63, "lap_start": 40, "lap_end": 56, "compound": "MEDIUM", "tyre_age_at_start": 0}, {"meeting_key": 1222, "session_key": 9213, "stint_number": 3, "driver_number": 18, "lap_start": 41, "lap_end": 56, "compound": "MEDIUM", "tyre_age_at_start": 0}, {"meeting_key": 1222, "session_key": 9213, "stint_number": 3, "driver_number": 14, "lap_start": 43, "lap_end": 49, "compound": "HARD", "tyre_age_at_start": 0}, {"meeting_key": 1222, "session_key": 9213, "stint_number": 3, "driver_number": 3, "lap_start": 48, "lap_end": 55, "compound": "SOFT", "tyre_age_at_start": 0}, {"meeting_key": 1222, "session_key": 9213, "stint_number": 4, "driver_number": 22, "lap_start": 55, "lap_end": 56, "compound": "SOFT", "tyre_age_at_start": 0}]