[{"meeting_key": 1216, "session_key": 9141, "stint_number": 1, "driver_number": 20, "lap_start": 1, "lap_end": 5, "compound": "SOFT", "tyre_age_at_start": 0}, {"meeting_key": 1216, "session_key": 9141, "stint_number": 1, "driver_number": 1, "lap_start": 1, "lap_end": 14, "compound": "SOFT", "tyre_age_at_start": 0}, {"meeting_key": 1216, "session_key": 9141, "stint_number": 1, "driver_number": 10, "lap_start": 1, "lap_end": 23, "compound": "SOFT", "tyre_age_at_start": 0}, {"meeting_key": 1216, "session_key": 9141, "stint_number": 1, "driver_number": 81, "lap_start": null, "lap_end": null, "compound": "MEDIUM", "tyre_age_at_start": 0}, {"meeting_key": 1216, "session_key": 9141, "stint_number": 1, "driver_number": 16, "lap_start": 1, "lap_end": 13, "compound": "SOFT", "tyre_age_at_start": 0}, {"meeting_key": 1216, "session_key": 9141, "stint_number": 1, "driver_number": 11, "lap_start": 1, "lap_end": 13, "compound": "SOFT", "tyre_age_at_start": 0}, {"meeting_key": 1216, "session_key": 9141, "stint_number": 1, "driver_number": 22, "lap_start": 1, "lap_end": 9, "compound": "MEDIUM", "tyre_age_at_start": 0}, {"meeting_key": 1216, "session_key": 9141, "stint_number": 1, "driver_number": 31, "lap_start": 1, "lap_end": 6, "compound": "SOFT", "tyre_age_at_start": 0}, {"meeting_key": 1216, "session_key": 9141, "stint_number": 1, "driver_number": 77, "lap_start": 1, "lap_end": 6, "compound": "SOFT", "tyre_age_at_start": 0}, {"meeting_key": 1216, "session_key": 9141, "stint_number": 1, "driver_number": 63, "lap_start": 1, "lap_end": 22, "compound": "MEDIUM", "tyre_age_at_start": 0}, {"meeting_key": 1216, "session_key": 9141, "stint_number": 1, "driver_number": 18, "lap_start": 1, "lap_end": 20, "compound": "MEDIUM", "tyre_age_at_start": 0}, {"meeting_key": 1216, "session_key": 9141, "stint_number": 1, "driver_number": 27, "lap_start": 1, "lap_end": 12, "compound": "MEDIUM", "tyre_age_at_start": 0}, {"meeting_key": 1216, "session_key": 9141, "stint_number": 1, "driver_number": 2, "lap_start": 1, "lap_end": 8, "compound": "SOFT", "tyre_age_at_start": 0}, {"meeting_key": 1216, "session_key": 9141, "stint_number": 1, "driver_number": 14, "lap_start": 1, "lap_end": 10, "compound": "MEDIUM", "tyre_age_at_start": 0}, {"meeting_key": 1216, "session_key": 9141, "stint_number": 1, "driver_number": 23, "lap_start": 1, "lap_end": 7, "compound": "SOFT", "tyre_age_at_start": 0}, {"meeting_key": 1216, "session_key": 9141, "stint_number": 1, "driver_number": 3, "lap_start": 1, "lap_end": 5, "compound": "SOFT", "tyre_age_at_start": 0}, {"meeting_key": 1216, "session_key": 9141, "stint_number": 1, "driver_number": 44, "lap_start": 1, "lap_end": 12, "compound": "SOFT", "tyre_age_at_start": 0}, {"meeting_key": 1216, "session_key": 9141, "stint_number": 1, "driver_number": 4, "lap_start": 1, "lap_end": 5, "compound": "MEDIUM", "tyre_age_at_start": 0}, {"meeting_key": 1216, "session_key": 9141, "stint_number": 1, "driver_number": 55, "lap_start": 1, "lap_end": 7, "compound": "SOFT", "tyre_age_at_start": 0}, {"meeting_key": 1216, "session_key": 9141, "stint_number": 1, "driver_number": 24, "lap_start": 1, "lap_end": 7, "compound": "SOFT", "tyre_age_at_start": 0}, {"meeting_key": 1216, "session_key": 9141, "stint_number": 2, "driver_number": 4, "lap_start": 6, "lap_end": 17, "compound": "HARD", "tyre_age_at_start": 0}, {"meeting_key": 1216, "session_key": 9141, "stint_number": 2, "driver_number": 3, "lap_start": 6, "lap_end": 22, "compound": "MEDIUM", "tyre_age_at_start": 0}, {"meeting_key": 1216, "session_key": 9141, "stint_number": 2, "driver_number": 20, "lap_start": 6, "lap_end": 25, "compound": "MEDIUM", "tyre_age_at_start": 0}, {"meeting_key": 1216, "session_key": 9141, "stint_number": 2, "driver_number": 31, "lap_start": 7, "lap_end": 25, "compound": "MEDIUM", "tyre_age_at_start": 0}, {"meeting_key": 1216, "session_key": 9141, "stint_number": 2, "driver_number": 77, "lap_start": 7, "lap_end": 24, "compound": "MEDIUM", "tyre_age_at_start": 0}, {"meeting_key": 1216, "session_key": 9141, "stint_number": 2, "driver_number": 23, "lap_start": 8, "lap_end": 23, "compound": "MEDIUM", "tyre_age_at_start": 0}, {"meeting_key": 1216, "session_key": 9141, "stint_number": 2, "driver_number": 55, "lap_start": 8, "lap_end": 23, "compound": "MEDIUM", "tyre_age_at_start": 0}, {"meeting_key": 1216, "session_key": 9141, "stint_number": 2, "driver_number": 24, "lap_start": 8, "lap_end": 25, "compound": "MEDIUM", "tyre_age_at_start": 0}, {"meeting_key": 1216, "session_key": 9141, "stint_number": 2, "driver_number": 2, "lap_start": 9, "lap_end": 24, "compound": "MEDIUM", "tyre_age_at_start": 0}, {"meeting_key": 1216, "session_key": 9141, "stint_number": 2, "driver_number": 22, "lap_start": 10, "lap_end": 24, "compound": "MEDIUM", "tyre_age_at_start": 0}, {"meeting_key": 1216, "session_key": 9141, "stint_number": 2, "driver_number": 14, "lap_start": 11, "lap_end": 29, "compound": "MEDIUM", "tyre_age_at_start": 0}, {"meeting_key": 1216, "session_key": 9141, "stint_number": 2, "driver_number": 44, "lap_start": 13, "lap_end": 27, "compound": "MEDIUM", "tyre_age_at_start": 0}, {"meeting_key": 1216, "session_key": 9141, "stint_number": 2, "driver_number": 27, "lap_start": 13, "lap_end": 24, "compound": "SOFT", "tyre_age_at_start": 0}, {"meeting_key": 1216, "session_key": 9141, "stint_number": 2, "driver_number": 11, "lap_start": 14, "lap_end": 29, "compound": "MEDIUM", "tyre_age_at_start": 0}, {"meeting_key": 1216, "session_key": 9141, "stint_number": 2, "driver_number": 16, "lap_start": 14, "lap_end": 28, "compound": "MEDIUM", "tyre_age_at_start": 0}, {"meeting_key": 1216, "session_key": 9141, "stint_number": 2, "driver_number": 1, "lap_start": 15, "lap_end": 30, "compound": "MEDIUM", "tyre_age_at_start": 0}, {"meeting_key": 1216, "session_key": 9141, "stint_number": 3, "driver_number": 4, "lap_start": 18, "lap_end": 44, "compound": "SOFT", "tyre_age_at_start": 0}, {"meeting_key": 1216, "session_key": 9141, "stint_number": 2, "driver_number": 18, "lap_start": 21, "lap_end": 44, "compound": "SOFT", "tyre_age_at_start": 0}, {"meeting_key": 1216, "session_key": 9141, "stint_number": 2, "driver_number": 63, "lap_start": 23, "lap_end": 44, "compound": "SOFT", "tyre_age_at_start": 0}, {"meeting_key": 1216, "session_key": 9141, "stint_number": 3, "driver_number": 3, "lap_start": 23, "lap_end": 44, "compound": "MEDIUM", "tyre_age_at_start": 0}, {"meeting_key": 1216, "session_key": 9141, "stint_number": 3, "driver_number": 23, "lap_start": 24, "lap_end": 33, "compound": "MEDIUM", "tyre_age_at_start": 0}, {"meeting_key": 1216, "session_key": 9141, "stint_number": 2, "driver_number": 10, "lap_start": 24, "lap_end": 44, "compound": "MEDIUM", "tyre_age_at_start": 0}, {"meeting_key": 1216, "session_key": 9141, "stint_number": 3, "driver_number": 22, "lap_start": 25, "lap_end": 44, "compound": "SOFT", "tyre_age_at_start": 0}, {"meeting_key": 1216, "session_key": 9141, "stint_number": 3, "driver_number": 77, "lap_start": 25, "lap_end": 44, "compound": "MEDIUM", "tyre_age_at_start": 0}, {"meeting_key": 1216, "session_key": 9141, "stint_number": 3, "driver_number": 27, "lap_start": 25, "lap_end": 44, "compound": "SOFT", "tyre_age_at_start": 0}, {"meeting_key": 1216, "session_key": 9141, "stint_number": 3, "driver_number": 2, "lap_start": 25, "lap_end": 34, "compound": "MEDIUM", "tyre_age_at_start": 0}, {"meeting_key": 1216, "session_key": 9141, "stint_number": 3, "driver_number": 31, "lap_start": 26, "lap_end": 44, "compound": "SOFT", "tyre_age_at_start": 0}, {"meeting_key": 1216, "session_key": 9141, "stint_number": 3, "driver_number": 20, "lap_start": 26, "lap_end": 44, "compound": "MEDIUM", "tyre_age_at_start": 0}, {"meeting_key": 1216, "session_key": 9141, "stint_number": 3, "driver_number": 24, "lap_start": 26, "lap_end": 44, "compound": "SOFT", "tyre_age_at_start": 0}, {"meeting_key": 1216, "session_key": 9141, "stint_number": 3, "driver_number": 44, "lap_start": 28, "lap_end": 42, "compound": "SOFT", "tyre_age_at_start": 0}, {"meeting_key": 1216, "session_key": 9141, "stint_number": 3, "driver_number": 16, "lap_start": 29, "lap_end": 44, "compound": "SOFT", "tyre_age_at_start": 0}, {"meeting_key": 1216, "session_key": 9141, "stint_number": 3, "driver_number": 11, "lap_start": 30, "lap_end": 44, "compound": "SOFT", "tyre_age_at_start": 0}, {"meeting_key": 1216, "session_key": 9141, "stint_number": 3, "driver_number": 14, "lap_start": 30, "lap_end": 44, "compound": "SOFT", "tyre_age_at_start": 0}, {"meeting_key": 1216, "session_key": 9141, "stint_number": 3, "driver_number": 1, "lap_start": 31, "lap_end": 44, "compound": "SOFT", "tyre_age_at_start": 0}, {"meeting_key": 1216, "session_key": 9141, "stint_number": 4, "driver_number": 23, "lap_start": 34, "lap_end": 44, "compound": "SOFT", "tyre_age_at_start": 0}, {"meeting_key": 1216, "session_key": 9141, "stint_number": 4, "driver_number": 2, "lap_start": 35, "lap_end": 44, "compound": "SOFT", "tyre_age_at_start": 0}, {"meeting_key": 1216, "session_key": 9141, "stint_number": 4, "driver_number": 44, "lap_start": 43, "lap_end": 44, "compound": "MEDIUM", "tyre_age_at_start": 0}]