[{"meeting_key": 1269, "session_key": 9904, "stint_number": 1, "driver_number": 31, "lap_start": 1, "lap_end": 1, "compound": "HARD", "tyre_age_at_start": 0}, {"meeting_key": 1269, "session_key": 9904, "stint_number": 1, "driver_number": 23, "lap_start": 1, "lap_end": 1, "compound": "MEDIUM", "tyre_age_at_start": 0}, {"meeting_key": 1269, "session_key": 9904, "stint_number": 2, "driver_number": 31, "lap_start": 2, "lap_end": 2, "compound": "MEDIUM", "tyre_age_at_start": 0}, {"meeting_key": 1269, "session_key": 9904, "stint_number": 2, "driver_number": 23, "lap_start": 2, "lap_end": 15, "compound": "MEDIUM", "tyre_age_at_start": 0}, {"meeting_key": 1269, "session_key": 9904, "stint_number": 1, "driver_number": 43, "lap_start": 1, "lap_end": 16, "compound": "MEDIUM", "tyre_age_at_start": 0}, {"meeting_key": 1269, "session_key": 9904, "stint_number": 1, "driver_number": 12, "lap_start": 1, "lap_end": 18, "compound": "MEDIUM", "tyre_age_at_start": 5}, {"meeting_key": 1269, "session_key": 9904, "stint_number": 1, "driver_number": 16, "lap_start": 1, "lap_end": 19, "compound": "MEDIUM", "tyre_age_at_start": 3}, {"meeting_key": 1269, "session_key": 9904, "stint_number": 1, "driver_number": 30, "lap_start": 1, "lap_end": 20, "compound": "MEDIUM", "tyre_age_at_start": 6}, {"meeting_key": 1269, "session_key": 9904, "stint_number": 1, "driver_number": 14, "lap_start": 1, "lap_end": 21, "compound": "MEDIUM", "tyre_age_at_start": 3}, {"meeting_key": 1269, "session_key": 9904, "stint_number": 1, "driver_number": 81, "lap_start": 1, "lap_end": 1, "compound": "MEDIUM", "tyre_age_at_start": 0}, {"meeting_key": 1269, "session_key": 9904, "stint_number": 1, "driver_number": 5, "lap_start": 1, "lap_end": 26, "compound": "HARD", "tyre_age_at_start": 0}, {"meeting_key": 1269, "session_key": 9904, "stint_number": 1, "driver_number": 55, "lap_start": 1, "lap_end": 27, "compound": "MEDIUM", "tyre_age_at_start": 5}, {"meeting_key": 1269, "session_key": 9904, "stint_number": 1, "driver_number": 87, "lap_start": 1, "lap_end": 28, "compound": "HARD", "tyre_age_at_start": 0}, {"meeting_key": 1269, "session_key": 9904, "stint_number": 1, "driver_number": 6, "lap_start": 1, "lap_end": 29, "compound": "MEDIUM", "tyre_age_at_start": 4}, {"meeting_key": 1269, "session_key": 9904, "stint_number": 1, "driver_number": 10, "lap_start": 1, "lap_end": 35, "compound": "HARD", "tyre_age_at_start": 0}, {"meeting_key": 1269, "session_key": 9904, "stint_number": 1, "driver_number": 44, "lap_start": 1, "lap_end": 36, "compound": "HARD", "tyre_age_at_start": 0}, {"meeting_key": 1269, "session_key": 9904, "stint_number": 1, "driver_number": 27, "lap_start": 1, "lap_end": 36, "compound": "HARD", "tyre_age_at_start": 0}, {"meeting_key": 1269, "session_key": 9904, "stint_number": 1, "driver_number": 4, "lap_start": 1, "lap_end": 37, "compound": "MEDIUM", "tyre_age_at_start": 0}, {"meeting_key": 1269, "session_key": 9904, "stint_number": 1, "driver_number": 18, "lap_start": 1, "lap_end": 37, "compound": "MEDIUM", "tyre_age_at_start": 3}, {"meeting_key": 1269, "session_key": 9904, "stint_number": 1, "driver_number": 22, "lap_start": 1, "lap_end": 38, "compound": "HARD", "tyre_age_at_start": 0}, {"meeting_key": 1269, "session_key": 9904, "stint_number": 1, "driver_number": 63, "lap_start": 1, "lap_end": 39, "compound": "HARD", "tyre_age_at_start": 0}, {"meeting_key": 1269, "session_key": 9904, "stint_number": 1, "driver_number": 1, "lap_start": 1, "lap_end": 40, "compound": "HARD", "tyre_age_at_start": 0}, {"meeting_key": 1269, "session_key": 9904, "stint_number": 2, "driver_number": 1, "lap_start": 41, "lap_end": 51, "compound": "MEDIUM", "tyre_age_at_start": 4}, {"meeting_key": 1269, "session_key": 9904, "stint_number": 2, "driver_number": 10, "lap_start": 36, "lap_end": 50, "compound": "MEDIUM", "tyre_age_at_start": 0}, {"meeting_key": 1269, "session_key": 9904, "stint_number": 2, "driver_number": 43, "lap_start": 17, "lap_end": 50, "compound": "HARD", "tyre_age_at_start": 0}, {"meeting_key": 1269, "session_key": 9904, "stint_number": 2, "driver_number": 63, "lap_start": 40, "lap_end": 51, "compound": "MEDIUM", "tyre_age_at_start": 6}, {"meeting_key": 1269, "session_key": 9904, "stint_number": 2, "driver_number": 55, "lap_start": 28, "lap_end": 51, "compound": "HARD", "tyre_age_at_start": 0}, {"meeting_key": 1269, "session_key": 9904, "stint_number": 2, "driver_number": 12, "lap_start": 19, "lap_end": 51, "compound": "HARD", "tyre_age_at_start": 0}, {"meeting_key": 1269, "session_key": 9904, "stint_number": 2, "driver_number": 30, "lap_start": 21, "lap_end": 51, "compound": "HARD", "tyre_age_at_start": 1}, {"meeting_key": 1269, "session_key": 9904, "stint_number": 2, "driver_number": 22, "lap_start": 39, "lap_end": 51, "compound": "MEDIUM", "tyre_age_at_start": 6}, {"meeting_key": 1269, "session_key": 9904, "stint_number": 2, "driver_number": 4, "lap_start": 38, "lap_end": 51, "compound": "HARD", "tyre_age_at_start": 0}, {"meeting_key": 1269, "session_key": 9904, "stint_number": 2, "driver_number": 44, "lap_start": 37, "lap_end": 51, "compound": "MEDIUM", "tyre_age_at_start": 0}, {"meeting_key": 1269, "session_key": 9904, "stint_number": 2, "driver_number": 16, "lap_start": 20, "lap_end": 51, "compound": "HARD", "tyre_age_at_start": 0}, {"meeting_key": 1269, "session_key": 9904, "stint_number": 2, "driver_number": 6, "lap_start": 30, "lap_end": 51, "compound": "HARD", "tyre_age_at_start": 1}, {"meeting_key": 1269, "session_key": 9904, "stint_number": 3, "driver_number": 23, "lap_start": 16, "lap_end": 51, "compound": "HARD", "tyre_age_at_start": 0}, {"meeting_key": 1269, "session_key": 9904, "stint_number": 2, "driver_number": 5, "lap_start": 27, "lap_end": 51, "compound": "MEDIUM", "tyre_age_at_start": 0}, {"meeting_key": 1269, "session_key": 9904, "stint_number": 2, "driver_number": 87, "lap_start": 29, "lap_end": 51, "compound": "MEDIUM", "tyre_age_at_start": 0}, {"meeting_key": 1269, "session_key": 9904, "stint_number": 3, "driver_number": 31, "lap_start": 3, "lap_end": 51, "compound": "HARD", "tyre_age_at_start": 1}, {"meeting_key": 1269, "session_key": 9904, "stint_number": 2, "driver_number": 14, "lap_start": 22, "lap_end": 51, "compound": "HARD", "tyre_age_at_start": 0}, {"meeting_key": 1269, "session_key": 9904, "stint_number": 2, "driver_number": 27, "lap_start": 37, "lap_end": 51, "compound": "MEDIUM", "tyre_age_at_start": 0}, {"meeting_key": 1269, "session_key": 9904, "stint_number": 2, "driver_number": 18, "lap_start": 38, "lap_end": 51, "compound": "HARD", "tyre_age_at_start": 0}]