[{"meeting_key": 1240, "session_key": 9558, "stint_number": 1, "driver_number": 77, "lap_start": 1, "lap_end": 26, "compound": "MEDIUM", "tyre_age_at_start": 0}, {"meeting_key": 1240, "session_key": 9558, "stint_number": 1, "driver_number": 10, "lap_start": null, "lap_end": null, "compound": "MEDIUM", "tyre_age_at_start": 0}, {"meeting_key": 1240, "session_key": 9558, "stint_number": 1, "driver_number": 3, "lap_start": 1, "lap_end": 26, "compound": "MEDIUM", "tyre_age_at_start": 0}, {"meeting_key": 1240, "session_key": 9558, "stint_number": 1, "driver_number": 24, "lap_start": 1, "lap_end": 12, "compound": "SOFT", "tyre_age_at_start": 0}, {"meeting_key": 1240, "session_key": 9558, "stint_number": 1, "driver_number": 31, "lap_start": 1, "lap_end": 19, "compound": "SOFT", "tyre_age_at_start": 0}, {"meeting_key": 1240, "session_key": 9558, "stint_number": 1, "driver_number": 22, "lap_start": 1, "lap_end": 27, "compound": "MEDIUM", "tyre_age_at_start": 0}, {"meeting_key": 1240, "session_key": 9558, "stint_number": 1, "driver_number": 4, "lap_start": 1, "lap_end": 27, "compound": "MEDIUM", "tyre_age_at_start": 0}, {"meeting_key": 1240, "session_key": 9558, "stint_number": 1, "driver_number": 81, "lap_start": 1, "lap_end": 28, "compound": "MEDIUM", "tyre_age_at_start": 0}, {"meeting_key": 1240, "session_key": 9558, "stint_number": 1, "driver_number": 23, "lap_start": 1, "lap_end": 27, "compound": "MEDIUM", "tyre_age_at_start": 0}, {"meeting_key": 1240, "session_key": 9558, "stint_number": 1, "driver_number": 14, "lap_start": 1, "lap_end": 27, "compound": "MEDIUM", "tyre_age_at_start": 0}, {"meeting_key": 1240, "session_key": 9558, "stint_number": 1, "driver_number": 1, "lap_start": 1, "lap_end": 26, "compound": "MEDIUM", "tyre_age_at_start": 0}, {"meeting_key": 1240, "session_key": 9558, "stint_number": 1, "driver_number": 16, "lap_start": 1, "lap_end": 19, "compound": "MEDIUM", "tyre_age_at_start": 0}, {"meeting_key": 1240, "session_key": 9558, "stint_number": 1, "driver_number": 63, "lap_start": 1, "lap_end": 27, "compound": "MEDIUM", "tyre_age_at_start": 0}, {"meeting_key": 1240, "session_key": 9558, "stint_number": 1, "driver_number": 20, "lap_start": 1, "lap_end": 27, "compound": "MEDIUM", "tyre_age_at_start": 0}, {"meeting_key": 1240, "session_key": 9558, "stint_number": 1, "driver_number": 27, "lap_start": 1, "lap_end": 26, "compound": "MEDIUM", "tyre_age_at_start": 0}, {"meeting_key": 1240, "session_key": 9558, "stint_number": 1, "driver_number": 18, "lap_start": 1, "lap_end": 26, "compound": "MEDIUM", "tyre_age_at_start": 0}, {"meeting_key": 1240, "session_key": 9558, "stint_number": 1, "driver_number": 11, "lap_start": 1, "lap_end": 19, "compound": "HARD", "tyre_age_at_start": 0}, {"meeting_key": 1240, "session_key": 9558, "stint_number": 1, "driver_number": 2, "lap_start": 1, "lap_end": 27, "compound": "MEDIUM", "tyre_age_at_start": 0}, {"meeting_key": 1240, "session_key": 9558, "stint_number": 1, "driver_number": 44, "lap_start": 1, "lap_end": 27, "compound": "MEDIUM", "tyre_age_at_start": 0}, {"meeting_key": 1240, "session_key": 9558, "stint_number": 1, "driver_number": 55, "lap_start": 1, "lap_end": 26, "compound": "MEDIUM", "tyre_age_at_start": 0}, {"meeting_key": 1240, "session_key": 9558, "stint_number": 2, "driver_number": 24, "lap_start": 13, "lap_end": 19, "compound": "MEDIUM", "tyre_age_at_start": 0}, {"meeting_key": 1240, "session_key": 9558, "stint_number": 2, "driver_number": 16, "lap_start": 20, "lap_end": 27, "compound": "INTERMEDIATE", "tyre_age_at_start": 0}, {"meeting_key": 1240, "session_key": 9558, "stint_number": 2, "driver_number": 11, "lap_start": 20, "lap_end": 28, "compound": "INTERMEDIATE", "tyre_age_at_start": 0}, {"meeting_key": 1240, "session_key": 9558, "stint_number": 2, "driver_number": 31, "lap_start": 20, "lap_end": 21, "compound": "INTERMEDIATE", "tyre_age_at_start": 0}, {"meeting_key": 1240, "session_key": 9558, "stint_number": 3, "driver_number": 24, "lap_start": 20, "lap_end": 26, "compound": "INTERMEDIATE", "tyre_age_at_start": 0}, {"meeting_key": 1240, "session_key": 9558, "stint_number": 3, "driver_number": 31, "lap_start": 22, "lap_end": 26, "compound": "MEDIUM", "tyre_age_at_start": 0}, {"meeting_key": 1240, "session_key": 9558, "stint_number": 2, "driver_number": 1, "lap_start": 27, "lap_end": 38, "compound": "INTERMEDIATE", "tyre_age_at_start": 0}, {"meeting_key": 1240, "session_key": 9558, "stint_number": 2, "driver_number": 55, "lap_start": 27, "lap_end": 39, "compound": "INTERMEDIATE", "tyre_age_at_start": 0}, {"meeting_key": 1240, "session_key": 9558, "stint_number": 2, "driver_number": 27, "lap_start": 27, "lap_end": 39, "compound": "INTERMEDIATE", "tyre_age_at_start": 0}, {"meeting_key": 1240, "session_key": 9558, "stint_number": 2, "driver_number": 18, "lap_start": 27, "lap_end": 39, "compound": "INTERMEDIATE", "tyre_age_at_start": 0}, {"meeting_key": 1240, "session_key": 9558, "stint_number": 2, "driver_number": 3, "lap_start": 27, "lap_end": 37, "compound": "INTERMEDIATE", "tyre_age_at_start": 0}, {"meeting_key": 1240, "session_key": 9558, "stint_number": 2, "driver_number": 77, "lap_start": 27, "lap_end": 37, "compound": "INTERMEDIATE", "tyre_age_at_start": 0}, {"meeting_key": 1240, "session_key": 9558, "stint_number": 2, "driver_number": 4, "lap_start": 28, "lap_end": 39, "compound": "INTERMEDIATE", "tyre_age_at_start": 0}, {"meeting_key": 1240, "session_key": 9558, "stint_number": 2, "driver_number": 44, "lap_start": 28, "lap_end": 38, "compound": "INTERMEDIATE", "tyre_age_at_start": 0}, {"meeting_key": 1240, "session_key": 9558, "stint_number": 2, "driver_number": 63, "lap_start": 28, "lap_end": 33, "compound": "INTERMEDIATE", "tyre_age_at_start": 0}, {"meeting_key": 1240, "session_key": 9558, "stint_number": 2, "driver_number": 14, "lap_start": 28, "lap_end": 38, "compound": "INTERMEDIATE", "tyre_age_at_start": 0}, {"meeting_key": 1240, "session_key": 9558, "stint_number": 2, "driver_number": 22, "lap_start": 28, "lap_end": 38, "compound": "INTERMEDIATE", "tyre_age_at_start": 0}, {"meeting_key": 1240, "session_key": 9558, "stint_number": 2, "driver_number": 23, "lap_start": 28, "lap_end": 38, "compound": "INTERMEDIATE", "tyre_age_at_start": 0}, {"meeting_key": 1240, "session_key": 9558, "stint_number": 4, "driver_number": 31, "lap_start": 27, "lap_end": 38, "compound": "INTERMEDIATE", "tyre_age_at_start": 0}, {"meeting_key": 1240, "session_key": 9558, "stint_number": 2, "driver_number": 20, "lap_start": 28, "lap_end": 37, "compound": "INTERMEDIATE", "tyre_age_at_start": 0}, {"meeting_key": 1240, "session_key": 9558, "stint_number": 2, "driver_number": 2, "lap_start": 28, "lap_end": 38, "compound": "INTERMEDIATE", "tyre_age_at_start": 0}, {"meeting_key": 1240, "session_key": 9558, "stint_number": 4, "driver_number": 24, "lap_start": 27, "lap_end": 37, "compound": "INTERMEDIATE", "tyre_age_at_start": 0}, {"meeting_key": 1240, "session_key": 9558, "stint_number": 2, "driver_number": 81, "lap_start": 29, "lap_end": 38, "compound": "INTERMEDIATE", "tyre_age_at_start": 0}, {"meeting_key": 1240, "session_key": 9558, "stint_number": 3, "driver_number": 16, "lap_start": 28, "lap_end": 37, "compound": "INTERMEDIATE", "tyre_age_at_start": 0}, {"meeting_key": 1240, "session_key": 9558, "stint_number": 3, "driver_number": 11, "lap_start": 29, "lap_end": 37, "compound": "INTERMEDIATE", "tyre_age_at_start": 0}, {"meeting_key": 1240, "session_key": 9558, "stint_number": 3, "driver_number": 20, "lap_start": 38, "lap_end": 52, "compound": "SOFT", "tyre_age_at_start": 0}, {"meeting_key": 1240, "session_key": 9558, "stint_number": 3, "driver_number": 3, "lap_start": 38, "lap_end": 51, "compound": "SOFT", "tyre_age_at_start": 0}, {"meeting_key": 1240, "session_key": 9558, "stint_number": 3, "driver_number": 77, "lap_start": 38, "lap_end": 51, "compound": "SOFT", "tyre_age_at_start": 0}, {"meeting_key": 1240, "session_key": 9558, "stint_number": 3, "driver_number": 44, "lap_start": 39, "lap_end": 52, "compound": "SOFT", "tyre_age_at_start": 0}, {"meeting_key": 1240, "session_key": 9558, "stint_number": 3, "driver_number": 1, "lap_start": 39, "lap_end": 52, "compound": "HARD", "tyre_age_at_start": 0}, {"meeting_key": 1240, "session_key": 9558, "stint_number": 3, "driver_number": 81, "lap_start": 39, "lap_end": 52, "compound": "MEDIUM", "tyre_age_at_start": 0}, {"meeting_key": 1240, "session_key": 9558, "stint_number": 4, "driver_number": 16, "lap_start": 38, "lap_end": 51, "compound": "SOFT", "tyre_age_at_start": 0}, {"meeting_key": 1240, "session_key": 9558, "stint_number": 4, "driver_number": 11, "lap_start": 38, "lap_end": 47, "compound": "MEDIUM", "tyre_age_at_start": 0}, {"meeting_key": 1240, "session_key": 9558, "stint_number": 3, "driver_number": 14, "lap_start": 39, "lap_end": 52, "compound": "MEDIUM", "tyre_age_at_start": 0}, {"meeting_key": 1240, "session_key": 9558, "stint_number": 3, "driver_number": 22, "lap_start": 39, "lap_end": 52, "compound": "SOFT", "tyre_age_at_start": 0}, {"meeting_key": 1240, "session_key": 9558, "stint_number": 3, "driver_number": 23, "lap_start": 39, "lap_end": 52, "compound": "MEDIUM", "tyre_age_at_start": 0}, {"meeting_key": 1240, "session_key": 9558, "stint_number": 3, "driver_number": 2, "lap_start": 39, "lap_end": 52, "compound": "SOFT", "tyre_age_at_start": 0}, {"meeting_key": 1240, "session_key": 9558, "stint_number": 3, "driver_number": 4, "lap_start": 40, "lap_end": 52, "compound": "SOFT", "tyre_age_at_start": 2}, {"meeting_key": 1240, "session_key": 9558, "stint_number": 5, "driver_number": 24, "lap_start": 38, "lap_end": 50, "compound": "SOFT", "tyre_age_at_start": 1}, {"meeting_key": 1240, "session_key": 9558, "stint_number": 3, "driver_number": 55, "lap_start": 40, "lap_end": 50, "compound": "HARD", "tyre_age_at_start": 0}, {"meeting_key": 1240, "session_key": 9558, "stint_number": 3, "driver_number": 27, "lap_start": 40, "lap_end": 52, "compound": "SOFT", "tyre_age_at_start": 3}, {"meeting_key": 1240, "session_key": 9558, "stint_number": 3, "driver_number": 18, "lap_start": 40, "lap_end": 52, "compound": "MEDIUM", "tyre_age_at_start": 0}, {"meeting_key": 1240, "session_key": 9558, "stint_number": 5, "driver_number": 31, "lap_start": 39, "lap_end": 50, "compound": "MEDIUM", "tyre_age_at_start": 0}, {"meeting_key": 1240, "session_key": 9558, "stint_number": 5, "driver_number": 11, "lap_start": 48, "lap_end": 50, "compound": "SOFT", "tyre_age_at_start": 0}, {"meeting_key": 1240, "session_key": 9558, "stint_number": 4, "driver_number": 55, "lap_start": 51, "lap_end": 52, "compound": "SOFT", "tyre_age_at_start": 3}]