[{"meeting_key": 1235, "session_key": 9515, "stint_number": 1, "driver_number": 14, "lap_start": 1, "lap_end": 7, "compound": "SOFT", "tyre_age_at_start": 0}, {"meeting_key": 1235, "session_key": 9515, "stint_number": 1, "driver_number": 18, "lap_start": 1, "lap_end": 37, "compound": "MEDIUM", "tyre_age_at_start": 1}, {"meeting_key": 1235, "session_key": 9515, "stint_number": 1, "driver_number": 22, "lap_start": 1, "lap_end": 12, "compound": "MEDIUM", "tyre_age_at_start": 0}, {"meeting_key": 1235, "session_key": 9515, "stint_number": 1, "driver_number": 24, "lap_start": 1, "lap_end": 33, "compound": "HARD", "tyre_age_at_start": 0}, {"meeting_key": 1235, "session_key": 9515, "stint_number": 1, "driver_number": 31, "lap_start": 1, "lap_end": 25, "compound": "MEDIUM", "tyre_age_at_start": 0}, {"meeting_key": 1235, "session_key": 9515, "stint_number": 1, "driver_number": 77, "lap_start": 1, "lap_end": 8, "compound": "MEDIUM", "tyre_age_at_start": 0}, {"meeting_key": 1235, "session_key": 9515, "stint_number": 1, "driver_number": 10, "lap_start": 1, "lap_end": 8, "compound": "SOFT", "tyre_age_at_start": 0}, {"meeting_key": 1235, "session_key": 9515, "stint_number": 1, "driver_number": 3, "lap_start": 1, "lap_end": 11, "compound": "MEDIUM", "tyre_age_at_start": 0}, {"meeting_key": 1235, "session_key": 9515, "stint_number": 1, "driver_number": 63, "lap_start": 1, "lap_end": 21, "compound": "MEDIUM", "tyre_age_at_start": 0}, {"meeting_key": 1235, "session_key": 9515, "stint_number": 1, "driver_number": 16, "lap_start": 1, "lap_end": 25, "compound": "MEDIUM", "tyre_age_at_start": 0}, {"meeting_key": 1235, "session_key": 9515, "stint_number": 1, "driver_number": 27, "lap_start": 1, "lap_end": 13, "compound": "MEDIUM", "tyre_age_at_start": 0}, {"meeting_key": 1235, "session_key": 9515, "stint_number": 1, "driver_number": 20, "lap_start": 1, "lap_end": 37, "compound": "MEDIUM", "tyre_age_at_start": 0}, {"meeting_key": 1235, "session_key": 9515, "stint_number": 1, "driver_number": 11, "lap_start": 1, "lap_end": 37, "compound": "HARD", "tyre_age_at_start": 0}, {"meeting_key": 1235, "session_key": 9515, "stint_number": 1, "driver_number": 2, "lap_start": 1, "lap_end": 31, "compound": "HARD", "tyre_age_at_start": 0}, {"meeting_key": 1235, "session_key": 9515, "stint_number": 1, "driver_number": 4, "lap_start": 1, "lap_end": 22, "compound": "MEDIUM", "tyre_age_at_start": 0}, {"meeting_key": 1235, "session_key": 9515, "stint_number": 1, "driver_number": 44, "lap_start": 1, "lap_end": 27, "compound": "MEDIUM", "tyre_age_at_start": 0}, {"meeting_key": 1235, "session_key": 9515, "stint_number": 1, "driver_number": 55, "lap_start": 1, "lap_end": 27, "compound": "MEDIUM", "tyre_age_at_start": 0}, {"meeting_key": 1235, "session_key": 9515, "stint_number": 1, "driver_number": 1, "lap_start": 1, "lap_end": 24, "compound": "MEDIUM", "tyre_age_at_start": 0}, {"meeting_key": 1235, "session_key": 9515, "stint_number": 1, "driver_number": 81, "lap_start": 1, "lap_end": 23, "compound": "MEDIUM", "tyre_age_at_start": 0}, {"meeting_key": 1235, "session_key": 9515, "stint_number": 1, "driver_number": 23, "lap_start": 1, "lap_end": 8, "compound": "MEDIUM", "tyre_age_at_start": 0}, {"meeting_key": 1235, "session_key": 9515, "stint_number": 2, "driver_number": 14, "lap_start": 8, "lap_end": 40, "compound": "HARD", "tyre_age_at_start": 1}, {"meeting_key": 1235, "session_key": 9515, "stint_number": 2, "driver_number": 23, "lap_start": 9, "lap_end": 9, "compound": "HARD", "tyre_age_at_start": 0}, {"meeting_key": 1235, "session_key": 9515, "stint_number": 2, "driver_number": 10, "lap_start": 9, "lap_end": 30, "compound": "HARD", "tyre_age_at_start": 0}, {"meeting_key": 1235, "session_key": 9515, "stint_number": 2, "driver_number": 77, "lap_start": 9, "lap_end": 62, "compound": "HARD", "tyre_age_at_start": 0}, {"meeting_key": 1235, "session_key": 9515, "stint_number": 3, "driver_number": 23, "lap_start": 10, "lap_end": 23, "compound": "MEDIUM", "tyre_age_at_start": 8}, {"meeting_key": 1235, "session_key": 9515, "stint_number": 2, "driver_number": 3, "lap_start": 12, "lap_end": 62, "compound": "HARD", "tyre_age_at_start": 0}, {"meeting_key": 1235, "session_key": 9515, "stint_number": 2, "driver_number": 22, "lap_start": 13, "lap_end": 62, "compound": "HARD", "tyre_age_at_start": 0}, {"meeting_key": 1235, "session_key": 9515, "stint_number": 2, "driver_number": 27, "lap_start": 14, "lap_end": 62, "compound": "HARD", "tyre_age_at_start": 0}, {"meeting_key": 1235, "session_key": 9515, "stint_number": 2, "driver_number": 63, "lap_start": 22, "lap_end": 52, "compound": "HARD", "tyre_age_at_start": 0}, {"meeting_key": 1235, "session_key": 9515, "stint_number": 2, "driver_number": 4, "lap_start": 23, "lap_end": 63, "compound": "HARD", "tyre_age_at_start": 1}, {"meeting_key": 1235, "session_key": 9515, "stint_number": 2, "driver_number": 81, "lap_start": 24, "lap_end": 63, "compound": "HARD", "tyre_age_at_start": 1}, {"meeting_key": 1235, "session_key": 9515, "stint_number": 2, "driver_number": 1, "lap_start": 25, "lap_end": 63, "compound": "HARD", "tyre_age_at_start": 0}, {"meeting_key": 1235, "session_key": 9515, "stint_number": 4, "driver_number": 23, "lap_start": 24, "lap_end": 28, "compound": "MEDIUM", "tyre_age_at_start": 14}, {"meeting_key": 1235, "session_key": 9515, "stint_number": 2, "driver_number": 16, "lap_start": 26, "lap_end": 63, "compound": "HARD", "tyre_age_at_start": 0}, {"meeting_key": 1235, "session_key": 9515, "stint_number": 2, "driver_number": 31, "lap_start": 26, "lap_end": 62, "compound": "HARD", "tyre_age_at_start": 0}, {"meeting_key": 1235, "session_key": 9515, "stint_number": 2, "driver_number": 55, "lap_start": 28, "lap_end": 63, "compound": "HARD", "tyre_age_at_start": 0}, {"meeting_key": 1235, "session_key": 9515, "stint_number": 2, "driver_number": 44, "lap_start": 28, "lap_end": 63, "compound": "HARD", "tyre_age_at_start": 0}, {"meeting_key": 1235, "session_key": 9515, "stint_number": 5, "driver_number": 23, "lap_start": 29, "lap_end": 51, "compound": "MEDIUM", "tyre_age_at_start": 8}, {"meeting_key": 1235, "session_key": 9515, "stint_number": 3, "driver_number": 10, "lap_start": 31, "lap_end": 62, "compound": "MEDIUM", "tyre_age_at_start": 0}, {"meeting_key": 1235, "session_key": 9515, "stint_number": 2, "driver_number": 2, "lap_start": 32, "lap_end": 62, "compound": "MEDIUM", "tyre_age_at_start": 0}, {"meeting_key": 1235, "session_key": 9515, "stint_number": 2, "driver_number": 24, "lap_start": 34, "lap_end": 62, "compound": "MEDIUM", "tyre_age_at_start": 0}, {"meeting_key": 1235, "session_key": 9515, "stint_number": 2, "driver_number": 11, "lap_start": 38, "lap_end": 63, "compound": "MEDIUM", "tyre_age_at_start": 0}, {"meeting_key": 1235, "session_key": 9515, "stint_number": 2, "driver_number": 18, "lap_start": 38, "lap_end": 63, "compound": "HARD", "tyre_age_at_start": 1}, {"meeting_key": 1235, "session_key": 9515, "stint_number": 2, "driver_number": 20, "lap_start": 38, "lap_end": 62, "compound": "HARD", "tyre_age_at_start": 0}, {"meeting_key": 1235, "session_key": 9515, "stint_number": 3, "driver_number": 14, "lap_start": 41, "lap_end": 59, "compound": "MEDIUM", "tyre_age_at_start": 1}, {"meeting_key": 1235, "session_key": 9515, "stint_number": 3, "driver_number": 63, "lap_start": 53, "lap_end": 63, "compound": "MEDIUM", "tyre_age_at_start": 2}, {"meeting_key": 1235, "session_key": 9515, "stint_number": 4, "driver_number": 14, "lap_start": 60, "lap_end": 62, "compound": "SOFT", "tyre_age_at_start": 0}]