[{"meeting_key": 1252, "session_key": 9662, "stint_number": 1, "driver_number": 18, "lap_start": 1, "lap_end": 11, "compound": "MEDIUM", "tyre_age_at_start": 1}, {"meeting_key": 1252, "session_key": 9662, "stint_number": 1, "driver_number": 4, "lap_start": 1, "lap_end": 26, "compound": "MEDIUM", "tyre_age_at_start": 0}, {"meeting_key": 1252, "session_key": 9662, "stint_number": 1, "driver_number": 24, "lap_start": 1, "lap_end": 12, "compound": "MEDIUM", "tyre_age_at_start": 0}, {"meeting_key": 1252, "session_key": 9662, "stint_number": 1, "driver_number": 44, "lap_start": 1, "lap_end": 34, "compound": "HARD", "tyre_age_at_start": 0}, {"meeting_key": 1252, "session_key": 9662, "stint_number": 1, "driver_number": 14, "lap_start": 1, "lap_end": 13, "compound": "MEDIUM", "tyre_age_at_start": 1}, {"meeting_key": 1252, "session_key": 9662, "stint_number": 1, "driver_number": 63, "lap_start": 1, "lap_end": 26, "compound": "MEDIUM", "tyre_age_at_start": 1}, {"meeting_key": 1252, "session_key": 9662, "stint_number": 1, "driver_number": 20, "lap_start": 1, "lap_end": 12, "compound": "MEDIUM", "tyre_age_at_start": 0}, {"meeting_key": 1252, "session_key": 9662, "stint_number": 1, "driver_number": 55, "lap_start": 1, "lap_end": 25, "compound": "MEDIUM", "tyre_age_at_start": 0}, {"meeting_key": 1252, "session_key": 9662, "stint_number": 1, "driver_number": 10, "lap_start": 1, "lap_end": 14, "compound": "MEDIUM", "tyre_age_at_start": 0}, {"meeting_key": 1252, "session_key": 9662, "stint_number": 1, "driver_number": 61, "lap_start": 1, "lap_end": 22, "compound": "MEDIUM", "tyre_age_at_start": 0}, {"meeting_key": 1252, "session_key": 9662, "stint_number": 1, "driver_number": 81, "lap_start": 1, "lap_end": 4, "compound": "MEDIUM", "tyre_age_at_start": 0}, {"meeting_key": 1252, "session_key": 9662, "stint_number": 1, "driver_number": 30, "lap_start": 1, "lap_end": 23, "compound": "MEDIUM", "tyre_age_at_start": 0}, {"meeting_key": 1252, "session_key": 9662, "stint_number": 1, "driver_number": 16, "lap_start": 1, "lap_end": 20, "compound": "MEDIUM", "tyre_age_at_start": 0}, {"meeting_key": 1252, "session_key": 9662, "stint_number": 1, "driver_number": 43, "lap_start": 1, "lap_end": 3, "compound": "MEDIUM", "tyre_age_at_start": 0}, {"meeting_key": 1252, "session_key": 9662, "stint_number": 1, "driver_number": 11, "lap_start": null, "lap_end": null, "compound": "MEDIUM", "tyre_age_at_start": 0}, {"meeting_key": 1252, "session_key": 9662, "stint_number": 1, "driver_number": 77, "lap_start": 1, "lap_end": 6, "compound": "MEDIUM", "tyre_age_at_start": 0}, {"meeting_key": 1252, "session_key": 9662, "stint_number": 1, "driver_number": 1, "lap_start": 1, "lap_end": 29, "compound": "MEDIUM", "tyre_age_at_start": 0}, {"meeting_key": 1252, "session_key": 9662, "stint_number": 1, "driver_number": 27, "lap_start": 1, "lap_end": 13, "compound": "MEDIUM", "tyre_age_at_start": 0}, {"meeting_key": 1252, "session_key": 9662, "stint_number": 1, "driver_number": 22, "lap_start": 1, "lap_end": 22, "compound": "MEDIUM", "tyre_age_at_start": 0}, {"meeting_key": 1252, "session_key": 9662, "stint_number": 1, "driver_number": 23, "lap_start": 1, "lap_end": 12, "compound": "MEDIUM", "tyre_age_at_start": 0}, {"meeting_key": 1252, "session_key": 9662, "stint_number": 2, "driver_number": 43, "lap_start": 4, "lap_end": 26, "compound": "HARD", "tyre_age_at_start": 0}, {"meeting_key": 1252, "session_key": 9662, "stint_number": 2, "driver_number": 81, "lap_start": 5, "lap_end": 32, "compound": "HARD", "tyre_age_at_start": 0}, {"meeting_key": 1252, "session_key": 9662, "stint_number": 2, "driver_number": 77, "lap_start": 7, "lap_end": 30, "compound": "HARD", "tyre_age_at_start": 0}, {"meeting_key": 1252, "session_key": 9662, "stint_number": 2, "driver_number": 18, "lap_start": 12, "lap_end": 32, "compound": "HARD", "tyre_age_at_start": 1}, {"meeting_key": 1252, "session_key": 9662, "stint_number": 2, "driver_number": 20, "lap_start": 13, "lap_end": 29, "compound": "HARD", "tyre_age_at_start": 0}, {"meeting_key": 1252, "session_key": 9662, "stint_number": 2, "driver_number": 23, "lap_start": 13, "lap_end": 57, "compound": "HARD", "tyre_age_at_start": 0}, {"meeting_key": 1252, "session_key": 9662, "stint_number": 2, "driver_number": 24, "lap_start": 13, "lap_end": 39, "compound": "HARD", "tyre_age_at_start": 0}, {"meeting_key": 1252, "session_key": 9662, "stint_number": 2, "driver_number": 27, "lap_start": 14, "lap_end": 58, "compound": "HARD", "tyre_age_at_start": 0}, {"meeting_key": 1252, "session_key": 9662, "stint_number": 2, "driver_number": 14, "lap_start": 14, "lap_end": 37, "compound": "HARD", "tyre_age_at_start": 1}, {"meeting_key": 1252, "session_key": 9662, "stint_number": 2, "driver_number": 10, "lap_start": 15, "lap_end": 58, "compound": "HARD", "tyre_age_at_start": 0}, {"meeting_key": 1252, "session_key": 9662, "stint_number": 2, "driver_number": 16, "lap_start": 21, "lap_end": 58, "compound": "HARD", "tyre_age_at_start": 0}, {"meeting_key": 1252, "session_key": 9662, "stint_number": 2, "driver_number": 61, "lap_start": 23, "lap_end": 57, "compound": "HARD", "tyre_age_at_start": 0}, {"meeting_key": 1252, "session_key": 9662, "stint_number": 2, "driver_number": 22, "lap_start": 23, "lap_end": 57, "compound": "HARD", "tyre_age_at_start": 0}, {"meeting_key": 1252, "session_key": 9662, "stint_number": 2, "driver_number": 30, "lap_start": 24, "lap_end": 24, "compound": "HARD", "tyre_age_at_start": 0}, {"meeting_key": 1252, "session_key": 9662, "stint_number": 3, "driver_number": 30, "lap_start": 25, "lap_end": 29, "compound": "HARD", "tyre_age_at_start": 1}, {"meeting_key": 1252, "session_key": 9662, "stint_number": 2, "driver_number": 55, "lap_start": 26, "lap_end": 58, "compound": "HARD", "tyre_age_at_start": 0}, {"meeting_key": 1252, "session_key": 9662, "stint_number": 2, "driver_number": 4, "lap_start": 27, "lap_end": 58, "compound": "HARD", "tyre_age_at_start": 0}, {"meeting_key": 1252, "session_key": 9662, "stint_number": 2, "driver_number": 63, "lap_start": 27, "lap_end": 58, "compound": "HARD", "tyre_age_at_start": 0}, {"meeting_key": 1252, "session_key": 9662, "stint_number": 2, "driver_number": 1, "lap_start": 30, "lap_end": 58, "compound": "HARD", "tyre_age_at_start": 0}, {"meeting_key": 1252, "session_key": 9662, "stint_number": 3, "driver_number": 20, "lap_start": 30, "lap_end": 30, "compound": "HARD", "tyre_age_at_start": 0}, {"meeting_key": 1252, "session_key": 9662, "stint_number": 4, "driver_number": 30, "lap_start": 30, "lap_end": 55, "compound": "HARD", "tyre_age_at_start": 6}, {"meeting_key": 1252, "session_key": 9662, "stint_number": 4, "driver_number": 20, "lap_start": 31, "lap_end": 55, "compound": "SOFT", "tyre_age_at_start": 0}, {"meeting_key": 1252, "session_key": 9662, "stint_number": 3, "driver_number": 18, "lap_start": 33, "lap_end": 57, "compound": "HARD", "tyre_age_at_start": 0}, {"meeting_key": 1252, "session_key": 9662, "stint_number": 3, "driver_number": 81, "lap_start": 33, "lap_end": 58, "compound": "HARD", "tyre_age_at_start": 0}, {"meeting_key": 1252, "session_key": 9662, "stint_number": 2, "driver_number": 44, "lap_start": 35, "lap_end": 58, "compound": "MEDIUM", "tyre_age_at_start": 1}, {"meeting_key": 1252, "session_key": 9662, "stint_number": 3, "driver_number": 14, "lap_start": 38, "lap_end": 58, "compound": "HARD", "tyre_age_at_start": 1}, {"meeting_key": 1252, "session_key": 9662, "stint_number": 3, "driver_number": 24, "lap_start": 40, "lap_end": 57, "compound": "HARD", "tyre_age_at_start": 0}, {"meeting_key": 1252, "session_key": 9662, "stint_number": 5, "driver_number": 20, "lap_start": 56, "lap_end": 57, "compound": "SOFT", "tyre_age_at_start": 3}]