[{"meeting_key": 1239, "session_key": 9550, "stint_number": 1, "driver_number": 11, "lap_start": 1, "lap_end": 21, "compound": "MEDIUM", "tyre_age_at_start": 0}, {"meeting_key": 1239, "session_key": 9550, "stint_number": 1, "driver_number": 31, "lap_start": 1, "lap_end": 19, "compound": "MEDIUM", "tyre_age_at_start": 0}, {"meeting_key": 1239, "session_key": 9550, "stint_number": 1, "driver_number": 77, "lap_start": 1, "lap_end": 19, "compound": "MEDIUM", "tyre_age_at_start": 0}, {"meeting_key": 1239, "session_key": 9550, "stint_number": 1, "driver_number": 63, "lap_start": 1, "lap_end": 22, "compound": "MEDIUM", "tyre_age_at_start": 0}, {"meeting_key": 1239, "session_key": 9550, "stint_number": 1, "driver_number": 1, "lap_start": 1, "lap_end": 23, "compound": "MEDIUM", "tyre_age_at_start": 0}, {"meeting_key": 1239, "session_key": 9550, "stint_number": 1, "driver_number": 27, "lap_start": 1, "lap_end": 11, "compound": "MEDIUM", "tyre_age_at_start": 0}, {"meeting_key": 1239, "session_key": 9550, "stint_number": 1, "driver_number": 22, "lap_start": 1, "lap_end": 21, "compound": "MEDIUM", "tyre_age_at_start": 0}, {"meeting_key": 1239, "session_key": 9550, "stint_number": 1, "driver_number": 2, "lap_start": 1, "lap_end": 1, "compound": "MEDIUM", "tyre_age_at_start": 0}, {"meeting_key": 1239, "session_key": 9550, "stint_number": 1, "driver_number": 23, "lap_start": 1, "lap_end": 12, "compound": "MEDIUM", "tyre_age_at_start": 0}, {"meeting_key": 1239, "session_key": 9550, "stint_number": 1, "driver_number": 3, "lap_start": 1, "lap_end": 10, "compound": "MEDIUM", "tyre_age_at_start": 0}, {"meeting_key": 1239, "session_key": 9550, "stint_number": 1, "driver_number": 18, "lap_start": 1, "lap_end": 20, "compound": "MEDIUM", "tyre_age_at_start": 1}, {"meeting_key": 1239, "session_key": 9550, "stint_number": 1, "driver_number": 4, "lap_start": 1, "lap_end": 23, "compound": "MEDIUM", "tyre_age_at_start": 0}, {"meeting_key": 1239, "session_key": 9550, "stint_number": 1, "driver_number": 44, "lap_start": 1, "lap_end": 21, "compound": "MEDIUM", "tyre_age_at_start": 0}, {"meeting_key": 1239, "session_key": 9550, "stint_number": 1, "driver_number": 24, "lap_start": 1, "lap_end": 28, "compound": "HARD", "tyre_age_at_start": 0}, {"meeting_key": 1239, "session_key": 9550, "stint_number": 1, "driver_number": 14, "lap_start": 1, "lap_end": 11, "compound": "MEDIUM", "tyre_age_at_start": 3}, {"meeting_key": 1239, "session_key": 9550, "stint_number": 1, "driver_number": 20, "lap_start": 1, "lap_end": 10, "compound": "MEDIUM", "tyre_age_at_start": 0}, {"meeting_key": 1239, "session_key": 9550, "stint_number": 1, "driver_number": 55, "lap_start": 1, "lap_end": 22, "compound": "MEDIUM", "tyre_age_at_start": 0}, {"meeting_key": 1239, "session_key": 9550, "stint_number": 1, "driver_number": 10, "lap_start": 1, "lap_end": 20, "compound": "MEDIUM", "tyre_age_at_start": 0}, {"meeting_key": 1239, "session_key": 9550, "stint_number": 1, "driver_number": 81, "lap_start": 1, "lap_end": 25, "compound": "MEDIUM", "tyre_age_at_start": 0}, {"meeting_key": 1239, "session_key": 9550, "stint_number": 1, "driver_number": 16, "lap_start": 1, "lap_end": 1, "compound": "MEDIUM", "tyre_age_at_start": 0}, {"meeting_key": 1239, "session_key": 9550, "stint_number": 2, "driver_number": 16, "lap_start": 2, "lap_end": 16, "compound": "HARD", "tyre_age_at_start": 0}, {"meeting_key": 1239, "session_key": 9550, "stint_number": 2, "driver_number": 2, "lap_start": 2, "lap_end": 20, "compound": "MEDIUM", "tyre_age_at_start": 0}, {"meeting_key": 1239, "session_key": 9550, "stint_number": 2, "driver_number": 20, "lap_start": 11, "lap_end": 38, "compound": "HARD", "tyre_age_at_start": 0}, {"meeting_key": 1239, "session_key": 9550, "stint_number": 2, "driver_number": 3, "lap_start": 11, "lap_end": 37, "compound": "HARD", "tyre_age_at_start": 0}, {"meeting_key": 1239, "session_key": 9550, "stint_number": 2, "driver_number": 27, "lap_start": 12, "lap_end": 39, "compound": "HARD", "tyre_age_at_start": 0}, {"meeting_key": 1239, "session_key": 9550, "stint_number": 2, "driver_number": 14, "lap_start": 12, "lap_end": 35, "compound": "MEDIUM", "tyre_age_at_start": 0}, {"meeting_key": 1239, "session_key": 9550, "stint_number": 2, "driver_number": 23, "lap_start": 13, "lap_end": 39, "compound": "HARD", "tyre_age_at_start": 0}, {"meeting_key": 1239, "session_key": 9550, "stint_number": 3, "driver_number": 16, "lap_start": 17, "lap_end": 33, "compound": "MEDIUM", "tyre_age_at_start": 0}, {"meeting_key": 1239, "session_key": 9550, "stint_number": 2, "driver_number": 31, "lap_start": 20, "lap_end": 43, "compound": "HARD", "tyre_age_at_start": 0}, {"meeting_key": 1239, "session_key": 9550, "stint_number": 2, "driver_number": 77, "lap_start": 20, "lap_end": 42, "compound": "HARD", "tyre_age_at_start": 0}, {"meeting_key": 1239, "session_key": 9550, "stint_number": 2, "driver_number": 10, "lap_start": 21, "lap_end": 42, "compound": "HARD", "tyre_age_at_start": 0}, {"meeting_key": 1239, "session_key": 9550, "stint_number": 2, "driver_number": 18, "lap_start": 21, "lap_end": 43, "compound": "MEDIUM", "tyre_age_at_start": 0}, {"meeting_key": 1239, "session_key": 9550, "stint_number": 3, "driver_number": 2, "lap_start": 21, "lap_end": 49, "compound": "HARD", "tyre_age_at_start": 0}, {"meeting_key": 1239, "session_key": 9550, "stint_number": 2, "driver_number": 44, "lap_start": 22, "lap_end": 53, "compound": "HARD", "tyre_age_at_start": 0}, {"meeting_key": 1239, "session_key": 9550, "stint_number": 2, "driver_number": 11, "lap_start": 22, "lap_end": 51, "compound": "HARD", "tyre_age_at_start": 0}, {"meeting_key": 1239, "session_key": 9550, "stint_number": 2, "driver_number": 22, "lap_start": 22, "lap_end": 44, "compound": "HARD", "tyre_age_at_start": 0}, {"meeting_key": 1239, "session_key": 9550, "stint_number": 2, "driver_number": 55, "lap_start": 23, "lap_end": 47, "compound": "HARD", "tyre_age_at_start": 0}, {"meeting_key": 1239, "session_key": 9550, "stint_number": 2, "driver_number": 63, "lap_start": 23, "lap_end": 46, "compound": "MEDIUM", "tyre_age_at_start": 0}, {"meeting_key": 1239, "session_key": 9550, "stint_number": 2, "driver_number": 1, "lap_start": 24, "lap_end": 51, "compound": "HARD", "tyre_age_at_start": 0}, {"meeting_key": 1239, "session_key": 9550, "stint_number": 2, "driver_number": 4, "lap_start": 24, "lap_end": 51, "compound": "HARD", "tyre_age_at_start": 0}, {"meeting_key": 1239, "session_key": 9550, "stint_number": 2, "driver_number": 81, "lap_start": 26, "lap_end": 51, "compound": "HARD", "tyre_age_at_start": 0}, {"meeting_key": 1239, "session_key": 9550, "stint_number": 2, "driver_number": 24, "lap_start": 29, "lap_end": 51, "compound": "MEDIUM", "tyre_age_at_start": 0}, {"meeting_key": 1239, "session_key": 9550, "stint_number": 4, "driver_number": 16, "lap_start": 34, "lap_end": 51, "compound": "MEDIUM", "tyre_age_at_start": 1}, {"meeting_key": 1239, "session_key": 9550, "stint_number": 3, "driver_number": 14, "lap_start": 36, "lap_end": 68, "compound": "HARD", "tyre_age_at_start": 1}, {"meeting_key": 1239, "session_key": 9550, "stint_number": 3, "driver_number": 3, "lap_start": 38, "lap_end": 71, "compound": "HARD", "tyre_age_at_start": 0}, {"meeting_key": 1239, "session_key": 9550, "stint_number": 3, "driver_number": 20, "lap_start": 39, "lap_end": 71, "compound": "HARD", "tyre_age_at_start": 0}, {"meeting_key": 1239, "session_key": 9550, "stint_number": 3, "driver_number": 27, "lap_start": 40, "lap_end": 71, "compound": "HARD", "tyre_age_at_start": 0}, {"meeting_key": 1239, "session_key": 9550, "stint_number": 3, "driver_number": 23, "lap_start": 40, "lap_end": 70, "compound": "HARD", "tyre_age_at_start": 0}, {"meeting_key": 1239, "session_key": 9550, "stint_number": 3, "driver_number": 10, "lap_start": 43, "lap_end": 71, "compound": "MEDIUM", "tyre_age_at_start": 0}, {"meeting_key": 1239, "session_key": 9550, "stint_number": 3, "driver_number": 77, "lap_start": 43, "lap_end": 70, "compound": "HARD", "tyre_age_at_start": 0}, {"meeting_key": 1239, "session_key": 9550, "stint_number": 3, "driver_number": 31, "lap_start": 44, "lap_end": 71, "compound": "MEDIUM", "tyre_age_at_start": 0}, {"meeting_key": 1239, "session_key": 9550, "stint_number": 3, "driver_number": 18, "lap_start": 44, "lap_end": 70, "compound": "HARD", "tyre_age_at_start": 1}, {"meeting_key": 1239, "session_key": 9550, "stint_number": 3, "driver_number": 22, "lap_start": 45, "lap_end": 70, "compound": "HARD", "tyre_age_at_start": 0}, {"meeting_key": 1239, "session_key": 9550, "stint_number": 3, "driver_number": 63, "lap_start": 47, "lap_end": 71, "compound": "HARD", "tyre_age_at_start": 0}, {"meeting_key": 1239, "session_key": 9550, "stint_number": 3, "driver_number": 55, "lap_start": 48, "lap_end": 71, "compound": "MEDIUM", "tyre_age_at_start": 0}, {"meeting_key": 1239, "session_key": 9550, "stint_number": 4, "driver_number": 2, "lap_start": 50, "lap_end": 69, "compound": "MEDIUM", "tyre_age_at_start": 0}, {"meeting_key": 1239, "session_key": 9550, "stint_number": 3, "driver_number": 1, "lap_start": 52, "lap_end": 64, "compound": "MEDIUM", "tyre_age_at_start": 3}, {"meeting_key": 1239, "session_key": 9550, "stint_number": 3, "driver_number": 4, "lap_start": 52, "lap_end": 64, "compound": "MEDIUM", "tyre_age_at_start": 0}, {"meeting_key": 1239, "session_key": 9550, "stint_number": 3, "driver_number": 81, "lap_start": 52, "lap_end": 71, "compound": "MEDIUM", "tyre_age_at_start": 0}, {"meeting_key": 1239, "session_key": 9550, "stint_number": 3, "driver_number": 11, "lap_start": 52, "lap_end": 71, "compound": "MEDIUM", "tyre_age_at_start": 5}, {"meeting_key": 1239, "session_key": 9550, "stint_number": 5, "driver_number": 16, "lap_start": 52, "lap_end": 71, "compound": "MEDIUM", "tyre_age_at_start": 6}, {"meeting_key": 1239, "session_key": 9550, "stint_number": 3, "driver_number": 24, "lap_start": 52, "lap_end": 70, "compound": "HARD", "tyre_age_at_start": 0}, {"meeting_key": 1239, "session_key": 9550, "stint_number": 3, "driver_number": 44, "lap_start": 54, "lap_end": 71, "compound": "MEDIUM", "tyre_age_at_start": 0}, {"meeting_key": 1239, "session_key": 9550, "stint_number": 4, "driver_number": 1, "lap_start": 65, "lap_end": 71, "compound": "SOFT", "tyre_age_at_start": 0}, {"meeting_key": 1239, "session_key": 9550, "stint_number": 4, "driver_number": 14, "lap_start": 69, "lap_end": 70, "compound": "SOFT", "tyre_age_at_start": 0}]