[{"meeting_key": 1215, "session_key": 9133, "stint_number": 1, "driver_number": 1, "lap_start": 1, "lap_end": 23, "compound": "MEDIUM", "tyre_age_at_start": 3}, {"meeting_key": 1215, "session_key": 9133, "stint_number": 1, "driver_number": 81, "lap_start": 1, "lap_end": 18, "compound": "MEDIUM", "tyre_age_at_start": 2}, {"meeting_key": 1215, "session_key": 9133, "stint_number": 1, "driver_number": 23, "lap_start": 1, "lap_end": 8, "compound": "MEDIUM", "tyre_age_at_start": 0}, {"meeting_key": 1215, "session_key": 9133, "stint_number": 1, "driver_number": 27, "lap_start": 1, "lap_end": 16, "compound": "MEDIUM", "tyre_age_at_start": 3}, {"meeting_key": 1215, "session_key": 9133, "stint_number": 1, "driver_number": 20, "lap_start": 1, "lap_end": 14, "compound": "MEDIUM", "tyre_age_at_start": 0}, {"meeting_key": 1215, "session_key": 9133, "stint_number": 1, "driver_number": 11, "lap_start": 1, "lap_end": 24, "compound": "HARD", "tyre_age_at_start": 3}, {"meeting_key": 1215, "session_key": 9133, "stint_number": 1, "driver_number": 2, "lap_start": 1, "lap_end": 13, "compound": "MEDIUM", "tyre_age_at_start": 0}, {"meeting_key": 1215, "session_key": 9133, "stint_number": 1, "driver_number": 4, "lap_start": 1, "lap_end": 17, "compound": "MEDIUM", "tyre_age_at_start": 0}, {"meeting_key": 1215, "session_key": 9133, "stint_number": 1, "driver_number": 55, "lap_start": 1, "lap_end": 15, "compound": "SOFT", "tyre_age_at_start": 0}, {"meeting_key": 1215, "session_key": 9133, "stint_number": 1, "driver_number": 77, "lap_start": 1, "lap_end": 9, "compound": "MEDIUM", "tyre_age_at_start": 3}, {"meeting_key": 1215, "session_key": 9133, "stint_number": 1, "driver_number": 3, "lap_start": 1, "lap_end": 18, "compound": "MEDIUM", "tyre_age_at_start": 3}, {"meeting_key": 1215, "session_key": 9133, "stint_number": 1, "driver_number": 10, "lap_start": 1, "lap_end": 1, "compound": "SOFT", "tyre_age_at_start": 0}, {"meeting_key": 1215, "session_key": 9133, "stint_number": 1, "driver_number": 63, "lap_start": 1, "lap_end": 28, "compound": "HARD", "tyre_age_at_start": 0}, {"meeting_key": 1215, "session_key": 9133, "stint_number": 1, "driver_number": 14, "lap_start": 1, "lap_end": 20, "compound": "MEDIUM", "tyre_age_at_start": 3}, {"meeting_key": 1215, "session_key": 9133, "stint_number": 1, "driver_number": 18, "lap_start": 1, "lap_end": 9, "compound": "SOFT", "tyre_age_at_start": 0}, {"meeting_key": 1215, "session_key": 9133, "stint_number": 1, "driver_number": 16, "lap_start": 1, "lap_end": 17, "compound": "MEDIUM", "tyre_age_at_start": 3}, {"meeting_key": 1215, "session_key": 9133, "stint_number": 1, "driver_number": 22, "lap_start": 1, "lap_end": 9, "compound": "SOFT", "tyre_age_at_start": 0}, {"meeting_key": 1215, "session_key": 9133, "stint_number": 1, "driver_number": 44, "lap_start": 1, "lap_end": 16, "compound": "MEDIUM", "tyre_age_at_start": 3}, {"meeting_key": 1215, "session_key": 9133, "stint_number": 1, "driver_number": 31, "lap_start": 1, "lap_end": 2, "compound": "MEDIUM", "tyre_age_at_start": 3}, {"meeting_key": 1215, "session_key": 9133, "stint_number": 1, "driver_number": 24, "lap_start": 1, "lap_end": 10, "compound": "MEDIUM", "tyre_age_at_start": 3}, {"meeting_key": 1215, "session_key": 9133, "stint_number": 2, "driver_number": 23, "lap_start": 9, "lap_end": 31, "compound": "HARD", "tyre_age_at_start": 3}, {"meeting_key": 1215, "session_key": 9133, "stint_number": 2, "driver_number": 18, "lap_start": 10, "lap_end": 34, "compound": "HARD", "tyre_age_at_start": 5}, {"meeting_key": 1215, "session_key": 9133, "stint_number": 2, "driver_number": 77, "lap_start": 10, "lap_end": 40, "compound": "HARD", "tyre_age_at_start": 5}, {"meeting_key": 1215, "session_key": 9133, "stint_number": 2, "driver_number": 22, "lap_start": 10, "lap_end": 44, "compound": "HARD", "tyre_age_at_start": 3}, {"meeting_key": 1215, "session_key": 9133, "stint_number": 2, "driver_number": 24, "lap_start": 11, "lap_end": 38, "compound": "HARD", "tyre_age_at_start": 5}, {"meeting_key": 1215, "session_key": 9133, "stint_number": 2, "driver_number": 2, "lap_start": 14, "lap_end": 34, "compound": "HARD", "tyre_age_at_start": 3}, {"meeting_key": 1215, "session_key": 9133, "stint_number": 2, "driver_number": 20, "lap_start": 15, "lap_end": 41, "compound": "HARD", "tyre_age_at_start": 3}, {"meeting_key": 1215, "session_key": 9133, "stint_number": 2, "driver_number": 55, "lap_start": 16, "lap_end": 44, "compound": "HARD", "tyre_age_at_start": 0}, {"meeting_key": 1215, "session_key": 9133, "stint_number": 2, "driver_number": 44, "lap_start": 17, "lap_end": 49, "compound": "HARD", "tyre_age_at_start": 0}, {"meeting_key": 1215, "session_key": 9133, "stint_number": 2, "driver_number": 27, "lap_start": 17, "lap_end": 38, "compound": "HARD", "tyre_age_at_start": 3}, {"meeting_key": 1215, "session_key": 9133, "stint_number": 2, "driver_number": 4, "lap_start": 18, "lap_end": 44, "compound": "HARD", "tyre_age_at_start": 0}, {"meeting_key": 1215, "session_key": 9133, "stint_number": 2, "driver_number": 16, "lap_start": 18, "lap_end": 43, "compound": "HARD", "tyre_age_at_start": 0}, {"meeting_key": 1215, "session_key": 9133, "stint_number": 2, "driver_number": 81, "lap_start": 19, "lap_end": 42, "compound": "HARD", "tyre_age_at_start": 0}, {"meeting_key": 1215, "session_key": 9133, "stint_number": 2, "driver_number": 3, "lap_start": 19, "lap_end": 29, "compound": "HARD", "tyre_age_at_start": 3}, {"meeting_key": 1215, "session_key": 9133, "stint_number": 2, "driver_number": 14, "lap_start": 21, "lap_end": 43, "compound": "HARD", "tyre_age_at_start": 4}, {"meeting_key": 1215, "session_key": 9133, "stint_number": 2, "driver_number": 1, "lap_start": 24, "lap_end": 51, "compound": "HARD", "tyre_age_at_start": 0}, {"meeting_key": 1215, "session_key": 9133, "stint_number": 2, "driver_number": 11, "lap_start": 25, "lap_end": 42, "compound": "MEDIUM", "tyre_age_at_start": 6}, {"meeting_key": 1215, "session_key": 9133, "stint_number": 2, "driver_number": 63, "lap_start": 29, "lap_end": 46, "compound": "MEDIUM", "tyre_age_at_start": 0}, {"meeting_key": 1215, "session_key": 9133, "stint_number": 3, "driver_number": 3, "lap_start": 30, "lap_end": 69, "compound": "MEDIUM", "tyre_age_at_start": 3}, {"meeting_key": 1215, "session_key": 9133, "stint_number": 3, "driver_number": 23, "lap_start": 32, "lap_end": 69, "compound": "HARD", "tyre_age_at_start": 0}, {"meeting_key": 1215, "session_key": 9133, "stint_number": 3, "driver_number": 18, "lap_start": 35, "lap_end": 69, "compound": "HARD", "tyre_age_at_start": 4}, {"meeting_key": 1215, "session_key": 9133, "stint_number": 3, "driver_number": 2, "lap_start": 35, "lap_end": 67, "compound": "HARD", "tyre_age_at_start": 0}, {"meeting_key": 1215, "session_key": 9133, "stint_number": 3, "driver_number": 27, "lap_start": 39, "lap_end": 69, "compound": "HARD", "tyre_age_at_start": 5}, {"meeting_key": 1215, "session_key": 9133, "stint_number": 3, "driver_number": 24, "lap_start": 39, "lap_end": 69, "compound": "HARD", "tyre_age_at_start": 5}, {"meeting_key": 1215, "session_key": 9133, "stint_number": 3, "driver_number": 77, "lap_start": 41, "lap_end": 69, "compound": "HARD", "tyre_age_at_start": 3}, {"meeting_key": 1215, "session_key": 9133, "stint_number": 3, "driver_number": 20, "lap_start": 42, "lap_end": 69, "compound": "HARD", "tyre_age_at_start": 5}, {"meeting_key": 1215, "session_key": 9133, "stint_number": 3, "driver_number": 81, "lap_start": 43, "lap_end": 70, "compound": "MEDIUM", "tyre_age_at_start": 3}, {"meeting_key": 1215, "session_key": 9133, "stint_number": 3, "driver_number": 11, "lap_start": 43, "lap_end": 70, "compound": "MEDIUM", "tyre_age_at_start": 3}, {"meeting_key": 1215, "session_key": 9133, "stint_number": 3, "driver_number": 16, "lap_start": 44, "lap_end": 70, "compound": "HARD", "tyre_age_at_start": 4}, {"meeting_key": 1215, "session_key": 9133, "stint_number": 3, "driver_number": 14, "lap_start": 44, "lap_end": 70, "compound": "HARD", "tyre_age_at_start": 0}, {"meeting_key": 1215, "session_key": 9133, "stint_number": 3, "driver_number": 4, "lap_start": 45, "lap_end": 70, "compound": "MEDIUM", "tyre_age_at_start": 3}, {"meeting_key": 1215, "session_key": 9133, "stint_number": 3, "driver_number": 55, "lap_start": 45, "lap_end": 70, "compound": "HARD", "tyre_age_at_start": 3}, {"meeting_key": 1215, "session_key": 9133, "stint_number": 3, "driver_number": 22, "lap_start": 45, "lap_end": 69, "compound": "MEDIUM", "tyre_age_at_start": 0}, {"meeting_key": 1215, "session_key": 9133, "stint_number": 3, "driver_number": 63, "lap_start": 47, "lap_end": 70, "compound": "MEDIUM", "tyre_age_at_start": 0}, {"meeting_key": 1215, "session_key": 9133, "stint_number": 3, "driver_number": 44, "lap_start": 50, "lap_end": 70, "compound": "MEDIUM", "tyre_age_at_start": 3}, {"meeting_key": 1215, "session_key": 9133, "stint_number": 3, "driver_number": 1, "lap_start": 52, "lap_end": 70, "compound": "MEDIUM", "tyre_age_at_start": 3}]