[{"meeting_key": 1267, "session_key": 9920, "stint_number": 1, "driver_number": 43, "lap_start": 1, "lap_end": 19, "compound": "SOFT", "tyre_age_at_start": 0}, {"meeting_key": 1267, "session_key": 9920, "stint_number": 1, "driver_number": 14, "lap_start": 1, "lap_end": 18, "compound": "MEDIUM", "tyre_age_at_start": 0}, {"meeting_key": 1267, "session_key": 9920, "stint_number": 1, "driver_number": 27, "lap_start": 1, "lap_end": 19, "compound": "SOFT", "tyre_age_at_start": 0}, {"meeting_key": 1267, "session_key": 9920, "stint_number": 1, "driver_number": 18, "lap_start": 1, "lap_end": 8, "compound": "MEDIUM", "tyre_age_at_start": 0}, {"meeting_key": 1267, "session_key": 9920, "stint_number": 1, "driver_number": 5, "lap_start": 1, "lap_end": 22, "compound": "MEDIUM", "tyre_age_at_start": 0}, {"meeting_key": 1267, "session_key": 9920, "stint_number": 1, "driver_number": 30, "lap_start": 1, "lap_end": 23, "compound": "MEDIUM", "tyre_age_at_start": 0}, {"meeting_key": 1267, "session_key": 9920, "stint_number": 1, "driver_number": 55, "lap_start": 1, "lap_end": 23, "compound": "MEDIUM", "tyre_age_at_start": 0}, {"meeting_key": 1267, "session_key": 9920, "stint_number": 1, "driver_number": 6, "lap_start": 1, "lap_end": 23, "compound": "MEDIUM", "tyre_age_at_start": 0}, {"meeting_key": 1267, "session_key": 9920, "stint_number": 1, "driver_number": 12, "lap_start": 1, "lap_end": 23, "compound": "MEDIUM", "tyre_age_at_start": 0}, {"meeting_key": 1267, "session_key": 9920, "stint_number": 1, "driver_number": 23, "lap_start": 1, "lap_end": 23, "compound": "MEDIUM", "tyre_age_at_start": 0}, {"meeting_key": 1267, "session_key": 9920, "stint_number": 1, "driver_number": 63, "lap_start": 1, "lap_end": 23, "compound": "MEDIUM", "tyre_age_at_start": 0}, {"meeting_key": 1267, "session_key": 9920, "stint_number": 1, "driver_number": 10, "lap_start": 1, "lap_end": 23, "compound": "MEDIUM", "tyre_age_at_start": 0}, {"meeting_key": 1267, "session_key": 9920, "stint_number": 1, "driver_number": 81, "lap_start": 1, "lap_end": 23, "compound": "MEDIUM", "tyre_age_at_start": 0}, {"meeting_key": 1267, "session_key": 9920, "stint_number": 1, "driver_number": 87, "lap_start": 1, "lap_end": 53, "compound": "HARD", "tyre_age_at_start": 0}, {"meeting_key": 1267, "session_key": 9920, "stint_number": 1, "driver_number": 4, "lap_start": 1, "lap_end": 23, "compound": "MEDIUM", "tyre_age_at_start": 0}, {"meeting_key": 1267, "session_key": 9920, "stint_number": 1, "driver_number": 31, "lap_start": 1, "lap_end": 52, "compound": "HARD", "tyre_age_at_start": 0}, {"meeting_key": 1267, "session_key": 9920, "stint_number": 1, "driver_number": 44, "lap_start": 1, "lap_end": 22, "compound": "MEDIUM", "tyre_age_at_start": 0}, {"meeting_key": 1267, "session_key": 9920, "stint_number": 1, "driver_number": 16, "lap_start": 1, "lap_end": 22, "compound": "MEDIUM", "tyre_age_at_start": 0}, {"meeting_key": 1267, "session_key": 9920, "stint_number": 1, "driver_number": 1, "lap_start": 1, "lap_end": 23, "compound": "SOFT", "tyre_age_at_start": 0}, {"meeting_key": 1267, "session_key": 9920, "stint_number": 1, "driver_number": 22, "lap_start": 1, "lap_end": 19, "compound": "SOFT", "tyre_age_at_start": 0}, {"meeting_key": 1267, "session_key": 9920, "stint_number": 2, "driver_number": 18, "lap_start": 9, "lap_end": 52, "compound": "HARD", "tyre_age_at_start": 0}, {"meeting_key": 1267, "session_key": 9920, "stint_number": 2, "driver_number": 14, "lap_start": 19, "lap_end": 40, "compound": "HARD", "tyre_age_at_start": 0}, {"meeting_key": 1267, "session_key": 9920, "stint_number": 2, "driver_number": 43, "lap_start": 20, "lap_end": 53, "compound": "HARD", "tyre_age_at_start": 0}, {"meeting_key": 1267, "session_key": 9920, "stint_number": 2, "driver_number": 22, "lap_start": 20, "lap_end": 53, "compound": "HARD", "tyre_age_at_start": 0}, {"meeting_key": 1267, "session_key": 9920, "stint_number": 2, "driver_number": 27, "lap_start": 20, "lap_end": 53, "compound": "HARD", "tyre_age_at_start": 0}, {"meeting_key": 1267, "session_key": 9920, "stint_number": 2, "driver_number": 16, "lap_start": 23, "lap_end": 52, "compound": "HARD", "tyre_age_at_start": 1}, {"meeting_key": 1267, "session_key": 9920, "stint_number": 2, "driver_number": 5, "lap_start": 23, "lap_end": 60, "compound": "HARD", "tyre_age_at_start": 0}, {"meeting_key": 1267, "session_key": 9920, "stint_number": 2, "driver_number": 81, "lap_start": 24, "lap_end": 53, "compound": "HARD", "tyre_age_at_start": 0}, {"meeting_key": 1267, "session_key": 9920, "stint_number": 2, "driver_number": 4, "lap_start": 24, "lap_end": 53, "compound": "HARD", "tyre_age_at_start": 0}, {"meeting_key": 1267, "session_key": 9920, "stint_number": 2, "driver_number": 6, "lap_start": 24, "lap_end": 53, "compound": "HARD", "tyre_age_at_start": 0}, {"meeting_key": 1267, "session_key": 9920, "stint_number": 2, "driver_number": 1, "lap_start": 24, "lap_end": 53, "compound": "MEDIUM", "tyre_age_at_start": 0}, {"meeting_key": 1267, "session_key": 9920, "stint_number": 2, "driver_number": 63, "lap_start": 24, "lap_end": 53, "compound": "HARD", "tyre_age_at_start": 0}, {"meeting_key": 1267, "session_key": 9920, "stint_number": 2, "driver_number": 30, "lap_start": 24, "lap_end": 27, "compound": "HARD", "tyre_age_at_start": 0}, {"meeting_key": 1267, "session_key": 9920, "stint_number": 2, "driver_number": 55, "lap_start": 24, "lap_end": 27, "compound": "HARD", "tyre_age_at_start": 0}, {"meeting_key": 1267, "session_key": 9920, "stint_number": 2, "driver_number": 12, "lap_start": 24, "lap_end": 51, "compound": "HARD", "tyre_age_at_start": 0}, {"meeting_key": 1267, "session_key": 9920, "stint_number": 2, "driver_number": 23, "lap_start": 24, "lap_end": 53, "compound": "HARD", "tyre_age_at_start": 0}, {"meeting_key": 1267, "session_key": 9920, "stint_number": 2, "driver_number": 10, "lap_start": 24, "lap_end": 72, "compound": "HARD", "tyre_age_at_start": 0}, {"meeting_key": 1267, "session_key": 9920, "stint_number": 3, "driver_number": 30, "lap_start": 28, "lap_end": 52, "compound": "SOFT", "tyre_age_at_start": 3}, {"meeting_key": 1267, "session_key": 9920, "stint_number": 3, "driver_number": 55, "lap_start": 28, "lap_end": 51, "compound": "SOFT", "tyre_age_at_start": 3}, {"meeting_key": 1267, "session_key": 9920, "stint_number": 3, "driver_number": 14, "lap_start": 41, "lap_end": 72, "compound": "HARD", "tyre_age_at_start": 0}, {"meeting_key": 1267, "session_key": 9920, "stint_number": 3, "driver_number": 12, "lap_start": 52, "lap_end": 53, "compound": "SOFT", "tyre_age_at_start": 0}, {"meeting_key": 1267, "session_key": 9920, "stint_number": 3, "driver_number": 16, "lap_start": 53, "lap_end": 53, "compound": "SOFT", "tyre_age_at_start": 3}, {"meeting_key": 1267, "session_key": 9920, "stint_number": 3, "driver_number": 18, "lap_start": 53, "lap_end": 72, "compound": "HARD", "tyre_age_at_start": 0}, {"meeting_key": 1267, "session_key": 9920, "stint_number": 4, "driver_number": 55, "lap_start": 52, "lap_end": 65, "compound": "SOFT", "tyre_age_at_start": 3}, {"meeting_key": 1267, "session_key": 9920, "stint_number": 2, "driver_number": 31, "lap_start": 53, "lap_end": 72, "compound": "MEDIUM", "tyre_age_at_start": 0}, {"meeting_key": 1267, "session_key": 9920, "stint_number": 3, "driver_number": 81, "lap_start": 54, "lap_end": 72, "compound": "HARD", "tyre_age_at_start": 0}, {"meeting_key": 1267, "session_key": 9920, "stint_number": 3, "driver_number": 4, "lap_start": 54, "lap_end": 64, "compound": "HARD", "tyre_age_at_start": 1}, {"meeting_key": 1267, "session_key": 9920, "stint_number": 3, "driver_number": 1, "lap_start": 54, "lap_end": 72, "compound": "SOFT", "tyre_age_at_start": 0}, {"meeting_key": 1267, "session_key": 9920, "stint_number": 3, "driver_number": 6, "lap_start": 54, "lap_end": 72, "compound": "SOFT", "tyre_age_at_start": 2}, {"meeting_key": 1267, "session_key": 9920, "stint_number": 3, "driver_number": 23, "lap_start": 54, "lap_end": 72, "compound": "SOFT", "tyre_age_at_start": 0}, {"meeting_key": 1267, "session_key": 9920, "stint_number": 3, "driver_number": 63, "lap_start": 54, "lap_end": 72, "compound": "SOFT", "tyre_age_at_start": 3}, {"meeting_key": 1267, "session_key": 9920, "stint_number": 4, "driver_number": 30, "lap_start": 53, "lap_end": 72, "compound": "SOFT", "tyre_age_at_start": 3}, {"meeting_key": 1267, "session_key": 9920, "stint_number": 4, "driver_number": 12, "lap_start": 54, "lap_end": 72, "compound": "SOFT", "tyre_age_at_start": 0}, {"meeting_key": 1267, "session_key": 9920, "stint_number": 3, "driver_number": 22, "lap_start": 54, "lap_end": 72, "compound": "SOFT", "tyre_age_at_start": 3}, {"meeting_key": 1267, "session_key": 9920, "stint_number": 2, "driver_number": 87, "lap_start": 54, "lap_end": 72, "compound": "MEDIUM", "tyre_age_at_start": 0}, {"meeting_key": 1267, "session_key": 9920, "stint_number": 3, "driver_number": 43, "lap_start": 54, "lap_end": 65, "compound": "MEDIUM", "tyre_age_at_start": 0}, {"meeting_key": 1267, "session_key": 9920, "stint_number": 3, "driver_number": 27, "lap_start": 54, "lap_end": 72, "compound": "MEDIUM", "tyre_age_at_start": 0}, {"meeting_key": 1267, "session_key": 9920, "stint_number": 3, "driver_number": 5, "lap_start": 61, "lap_end": 72, "compound": "SOFT", "tyre_age_at_start": 0}, {"meeting_key": 1267, "session_key": 9920, "stint_number": 4, "driver_number": 43, "lap_start": 66, "lap_end": 72, "compound": "SOFT", "tyre_age_at_start": 0}, {"meeting_key": 1267, "session_key": 9920, "stint_number": 5, "driver_number": 55, "lap_start": 66, "lap_end": 72, "compound": "SOFT", "tyre_age_at_start": 3}]