[{"meeting_key": 1264, "session_key": 9955, "stint_number": 1, "driver_number": 12, "lap_start": 1, "lap_end": 1, "compound": "MEDIUM", "tyre_age_at_start": 0}, {"meeting_key": 1264, "session_key": 9955, "stint_number": 1, "driver_number": 55, "lap_start": 1, "lap_end": 1, "compound": "MEDIUM", "tyre_age_at_start": 0}, {"meeting_key": 1264, "session_key": 9955, "stint_number": 1, "driver_number": 1, "lap_start": 1, "lap_end": 1, "compound": "MEDIUM", "tyre_age_at_start": 0}, {"meeting_key": 1264, "session_key": 9955, "stint_number": 1, "driver_number": 6, "lap_start": 1, "lap_end": 2, "compound": "SOFT", "tyre_age_at_start": 0}, {"meeting_key": 1264, "session_key": 9955, "stint_number": 1, "driver_number": 87, "lap_start": 1, "lap_end": 11, "compound": "SOFT", "tyre_age_at_start": 0}, {"meeting_key": 1264, "session_key": 9955, "stint_number": 1, "driver_number": 10, "lap_start": 1, "lap_end": 12, "compound": "SOFT", "tyre_age_at_start": 3}, {"meeting_key": 1264, "session_key": 9955, "stint_number": 1, "driver_number": 27, "lap_start": 1, "lap_end": 12, "compound": "SOFT", "tyre_age_at_start": 0}, {"meeting_key": 1264, "session_key": 9955, "stint_number": 1, "driver_number": 23, "lap_start": 1, "lap_end": 13, "compound": "MEDIUM", "tyre_age_at_start": 0}, {"meeting_key": 1264, "session_key": 9955, "stint_number": 1, "driver_number": 43, "lap_start": 1, "lap_end": 13, "compound": "SOFT", "tyre_age_at_start": 0}, {"meeting_key": 1264, "session_key": 9955, "stint_number": 2, "driver_number": 23, "lap_start": 14, "lap_end": 15, "compound": "MEDIUM", "tyre_age_at_start": 0}, {"meeting_key": 1264, "session_key": 9955, "stint_number": 1, "driver_number": 63, "lap_start": 1, "lap_end": 18, "compound": "MEDIUM", "tyre_age_at_start": 0}, {"meeting_key": 1264, "session_key": 9955, "stint_number": 1, "driver_number": 22, "lap_start": 1, "lap_end": 18, "compound": "MEDIUM", "tyre_age_at_start": 0}, {"meeting_key": 1264, "session_key": 9955, "stint_number": 1, "driver_number": 31, "lap_start": 1, "lap_end": 19, "compound": "MEDIUM", "tyre_age_at_start": 0}, {"meeting_key": 1264, "session_key": 9955, "stint_number": 1, "driver_number": 4, "lap_start": 1, "lap_end": 20, "compound": "MEDIUM", "tyre_age_at_start": 0}, {"meeting_key": 1264, "session_key": 9955, "stint_number": 1, "driver_number": 5, "lap_start": 1, "lap_end": 21, "compound": "MEDIUM", "tyre_age_at_start": 0}, {"meeting_key": 1264, "session_key": 9955, "stint_number": 1, "driver_number": 81, "lap_start": 1, "lap_end": 24, "compound": "MEDIUM", "tyre_age_at_start": 0}, {"meeting_key": 1264, "session_key": 9955, "stint_number": 1, "driver_number": 16, "lap_start": 1, "lap_end": 25, "compound": "MEDIUM", "tyre_age_at_start": 0}, {"meeting_key": 1264, "session_key": 9955, "stint_number": 1, "driver_number": 44, "lap_start": 1, "lap_end": 26, "compound": "MEDIUM", "tyre_age_at_start": 0}, {"meeting_key": 1264, "session_key": 9955, "stint_number": 1, "driver_number": 18, "lap_start": 1, "lap_end": 26, "compound": "MEDIUM", "tyre_age_at_start": 1}, {"meeting_key": 1264, "session_key": 9955, "stint_number": 2, "driver_number": 6, "lap_start": 3, "lap_end": 28, "compound": "MEDIUM", "tyre_age_at_start": 0}, {"meeting_key": 1264, "session_key": 9955, "stint_number": 2, "driver_number": 22, "lap_start": 19, "lap_end": 30, "compound": "HARD", "tyre_age_at_start": 0}, {"meeting_key": 1264, "session_key": 9955, "stint_number": 1, "driver_number": 30, "lap_start": 1, "lap_end": 32, "compound": "MEDIUM", "tyre_age_at_start": 0}, {"meeting_key": 1264, "session_key": 9955, "stint_number": 1, "driver_number": 14, "lap_start": 1, "lap_end": 33, "compound": "MEDIUM", "tyre_age_at_start": 1}, {"meeting_key": 1264, "session_key": 9955, "stint_number": 2, "driver_number": 10, "lap_start": 13, "lap_end": 38, "compound": "HARD", "tyre_age_at_start": 0}, {"meeting_key": 1264, "session_key": 9955, "stint_number": 2, "driver_number": 87, "lap_start": 12, "lap_end": 39, "compound": "HARD", "tyre_age_at_start": 0}, {"meeting_key": 1264, "session_key": 9955, "stint_number": 2, "driver_number": 43, "lap_start": 14, "lap_end": 39, "compound": "MEDIUM", "tyre_age_at_start": 0}, {"meeting_key": 1264, "session_key": 9955, "stint_number": 2, "driver_number": 27, "lap_start": 13, "lap_end": 42, "compound": "MEDIUM", "tyre_age_at_start": 0}, {"meeting_key": 1264, "session_key": 9955, "stint_number": 2, "driver_number": 63, "lap_start": 19, "lap_end": 45, "compound": "MEDIUM", "tyre_age_at_start": 0}, {"meeting_key": 1264, "session_key": 9955, "stint_number": 2, "driver_number": 16, "lap_start": 26, "lap_end": 49, "compound": "HARD", "tyre_age_at_start": 0}, {"meeting_key": 1264, "session_key": 9955, "stint_number": 2, "driver_number": 5, "lap_start": 22, "lap_end": 49, "compound": "MEDIUM", "tyre_age_at_start": 0}, {"meeting_key": 1264, "session_key": 9955, "stint_number": 2, "driver_number": 44, "lap_start": 27, "lap_end": 50, "compound": "HARD", "tyre_age_at_start": 0}, {"meeting_key": 1264, "session_key": 9955, "stint_number": 2, "driver_number": 31, "lap_start": 20, "lap_end": 50, "compound": "HARD", "tyre_age_at_start": 0}, {"meeting_key": 1264, "session_key": 9955, "stint_number": 2, "driver_number": 4, "lap_start": 21, "lap_end": 52, "compound": "HARD", "tyre_age_at_start": 0}, {"meeting_key": 1264, "session_key": 9955, "stint_number": 2, "driver_number": 81, "lap_start": 25, "lap_end": 53, "compound": "HARD", "tyre_age_at_start": 0}, {"meeting_key": 1264, "session_key": 9955, "stint_number": 2, "driver_number": 18, "lap_start": 27, "lap_end": 53, "compound": "HARD", "tyre_age_at_start": 1}, {"meeting_key": 1264, "session_key": 9955, "stint_number": 3, "driver_number": 22, "lap_start": 31, "lap_end": 60, "compound": "MEDIUM", "tyre_age_at_start": 0}, {"meeting_key": 1264, "session_key": 9955, "stint_number": 3, "driver_number": 4, "lap_start": 53, "lap_end": 70, "compound": "MEDIUM", "tyre_age_at_start": 0}, {"meeting_key": 1264, "session_key": 9955, "stint_number": 2, "driver_number": 14, "lap_start": 34, "lap_end": 69, "compound": "HARD", "tyre_age_at_start": 1}, {"meeting_key": 1264, "session_key": 9955, "stint_number": 3, "driver_number": 5, "lap_start": 50, "lap_end": 69, "compound": "HARD", "tyre_age_at_start": 0}, {"meeting_key": 1264, "session_key": 9955, "stint_number": 3, "driver_number": 81, "lap_start": 54, "lap_end": 70, "compound": "MEDIUM", "tyre_age_at_start": 0}, {"meeting_key": 1264, "session_key": 9955, "stint_number": 4, "driver_number": 22, "lap_start": 61, "lap_end": 68, "compound": "SOFT", "tyre_age_at_start": 0}, {"meeting_key": 1264, "session_key": 9955, "stint_number": 3, "driver_number": 27, "lap_start": 43, "lap_end": 69, "compound": "MEDIUM", "tyre_age_at_start": 0}, {"meeting_key": 1264, "session_key": 9955, "stint_number": 3, "driver_number": 31, "lap_start": 51, "lap_end": 69, "compound": "HARD", "tyre_age_at_start": 0}, {"meeting_key": 1264, "session_key": 9955, "stint_number": 3, "driver_number": 16, "lap_start": 50, "lap_end": 70, "compound": "MEDIUM", "tyre_age_at_start": 0}, {"meeting_key": 1264, "session_key": 9955, "stint_number": 3, "driver_number": 87, "lap_start": 40, "lap_end": 69, "compound": "MEDIUM", "tyre_age_at_start": 0}, {"meeting_key": 1264, "session_key": 9955, "stint_number": 3, "driver_number": 6, "lap_start": 29, "lap_end": 69, "compound": "HARD", "tyre_age_at_start": 0}, {"meeting_key": 1264, "session_key": 9955, "stint_number": 3, "driver_number": 44, "lap_start": 51, "lap_end": 70, "compound": "MEDIUM", "tyre_age_at_start": 0}, {"meeting_key": 1264, "session_key": 9955, "stint_number": 3, "driver_number": 10, "lap_start": 39, "lap_end": 69, "compound": "MEDIUM", "tyre_age_at_start": 0}, {"meeting_key": 1264, "session_key": 9955, "stint_number": 3, "driver_number": 18, "lap_start": 54, "lap_end": 69, "compound": "SOFT", "tyre_age_at_start": 0}, {"meeting_key": 1264, "session_key": 9955, "stint_number": 3, "driver_number": 43, "lap_start": 40, "lap_end": 69, "compound": "HARD", "tyre_age_at_start": 0}, {"meeting_key": 1264, "session_key": 9955, "stint_number": 3, "driver_number": 63, "lap_start": 46, "lap_end": 70, "compound": "HARD", "tyre_age_at_start": 0}, {"meeting_key": 1264, "session_key": 9955, "stint_number": 2, "driver_number": 30, "lap_start": 33, "lap_end": 70, "compound": "HARD", "tyre_age_at_start": 0}]