[{"meeting_key": 1213, "session_key": 9118, "stint_number": 1, "driver_number": 14, "lap_start": 1, "lap_end": 2, "compound": "HARD", "tyre_age_at_start": 0}, {"meeting_key": 1213, "session_key": 9118, "stint_number": 1, "driver_number": 27, "lap_start": 1, "lap_end": 2, "compound": "MEDIUM", "tyre_age_at_start": 3}, {"meeting_key": 1213, "session_key": 9118, "stint_number": 1, "driver_number": 18, "lap_start": 1, "lap_end": 2, "compound": "MEDIUM", "tyre_age_at_start": 0}, {"meeting_key": 1213, "session_key": 9118, "stint_number": 1, "driver_number": 16, "lap_start": 1, "lap_end": 2, "compound": "MEDIUM", "tyre_age_at_start": 0}, {"meeting_key": 1213, "session_key": 9118, "stint_number": 1, "driver_number": 2, "lap_start": 1, "lap_end": 2, "compound": "MEDIUM", "tyre_age_at_start": 0}, {"meeting_key": 1213, "session_key": 9118, "stint_number": 1, "driver_number": 22, "lap_start": 1, "lap_end": 1, "compound": "MEDIUM", "tyre_age_at_start": 0}, {"meeting_key": 1213, "session_key": 9118, "stint_number": 1, "driver_number": 31, "lap_start": 1, "lap_end": 2, "compound": "MEDIUM", "tyre_age_at_start": 0}, {"meeting_key": 1213, "session_key": 9118, "stint_number": 1, "driver_number": 44, "lap_start": 1, "lap_end": 2, "compound": "MEDIUM", "tyre_age_at_start": 0}, {"meeting_key": 1213, "session_key": 9118, "stint_number": 1, "driver_number": 20, "lap_start": 1, "lap_end": 1, "compound": "HARD", "tyre_age_at_start": 0}, {"meeting_key": 1213, "session_key": 9118, "stint_number": 1, "driver_number": 23, "lap_start": 1, "lap_end": 2, "compound": "MEDIUM", "tyre_age_at_start": 0}, {"meeting_key": 1213, "session_key": 9118, "stint_number": 1, "driver_number": 24, "lap_start": 1, "lap_end": 2, "compound": "MEDIUM", "tyre_age_at_start": 0}, {"meeting_key": 1213, "session_key": 9118, "stint_number": 1, "driver_number": 55, "lap_start": 1, "lap_end": 2, "compound": "MEDIUM", "tyre_age_at_start": 0}, {"meeting_key": 1213, "session_key": 9118, "stint_number": 1, "driver_number": 77, "lap_start": 1, "lap_end": 2, "compound": "HARD", "tyre_age_at_start": 0}, {"meeting_key": 1213, "session_key": 9118, "stint_number": 1, "driver_number": 10, "lap_start": 1, "lap_end": 2, "compound": "MEDIUM", "tyre_age_at_start": 0}, {"meeting_key": 1213, "session_key": 9118, "stint_number": 1, "driver_number": 1, "lap_start": 1, "lap_end": 2, "compound": "MEDIUM", "tyre_age_at_start": 0}, {"meeting_key": 1213, "session_key": 9118, "stint_number": 1, "driver_number": 21, "lap_start": 1, "lap_end": 2, "compound": "MEDIUM", "tyre_age_at_start": 0}, {"meeting_key": 1213, "session_key": 9118, "stint_number": 1, "driver_number": 63, "lap_start": 1, "lap_end": 2, "compound": "MEDIUM", "tyre_age_at_start": 0}, {"meeting_key": 1213, "session_key": 9118, "stint_number": 1, "driver_number": 4, "lap_start": 1, "lap_end": 2, "compound": "MEDIUM", "tyre_age_at_start": 0}, {"meeting_key": 1213, "session_key": 9118, "stint_number": 1, "driver_number": 81, "lap_start": 1, "lap_end": 2, "compound": "MEDIUM", "tyre_age_at_start": 0}, {"meeting_key": 1213, "session_key": 9118, "stint_number": 1, "driver_number": 11, "lap_start": 1, "lap_end": 2, "compound": "MEDIUM", "tyre_age_at_start": 0}, {"meeting_key": 1213, "session_key": 9118, "stint_number": 2, "driver_number": 20, "lap_start": 2, "lap_end": 2, "compound": "MEDIUM", "tyre_age_at_start": 0}, {"meeting_key": 1213, "session_key": 9118, "stint_number": 2, "driver_number": 22, "lap_start": 2, "lap_end": 2, "compound": "HARD", "tyre_age_at_start": 0}, {"meeting_key": 1213, "session_key": 9118, "stint_number": 2, "driver_number": 1, "lap_start": 3, "lap_end": 24, "compound": "MEDIUM", "tyre_age_at_start": 0}, {"meeting_key": 1213, "session_key": 9118, "stint_number": 2, "driver_number": 55, "lap_start": 3, "lap_end": 15, "compound": "MEDIUM", "tyre_age_at_start": 0}, {"meeting_key": 1213, "session_key": 9118, "stint_number": 2, "driver_number": 16, "lap_start": 3, "lap_end": 15, "compound": "MEDIUM", "tyre_age_at_start": 0}, {"meeting_key": 1213, "session_key": 9118, "stint_number": 2, "driver_number": 44, "lap_start": 3, "lap_end": 14, "compound": "MEDIUM", "tyre_age_at_start": 2}, {"meeting_key": 1213, "session_key": 9118, "stint_number": 2, "driver_number": 4, "lap_start": 3, "lap_end": 14, "compound": "MEDIUM", "tyre_age_at_start": 2}, {"meeting_key": 1213, "session_key": 9118, "stint_number": 2, "driver_number": 27, "lap_start": 3, "lap_end": 11, "compound": "MEDIUM", "tyre_age_at_start": 0}, {"meeting_key": 1213, "session_key": 9118, "stint_number": 2, "driver_number": 18, "lap_start": 3, "lap_end": 15, "compound": "MEDIUM", "tyre_age_at_start": 2}, {"meeting_key": 1213, "session_key": 9118, "stint_number": 2, "driver_number": 14, "lap_start": 3, "lap_end": 15, "compound": "HARD", "tyre_age_at_start": 2}, {"meeting_key": 1213, "session_key": 9118, "stint_number": 2, "driver_number": 10, "lap_start": 3, "lap_end": 14, "compound": "MEDIUM", "tyre_age_at_start": 0}, {"meeting_key": 1213, "session_key": 9118, "stint_number": 2, "driver_number": 23, "lap_start": 3, "lap_end": 14, "compound": "MEDIUM", "tyre_age_at_start": 0}, {"meeting_key": 1213, "session_key": 9118, "stint_number": 2, "driver_number": 11, "lap_start": 3, "lap_end": 25, "compound": "MEDIUM", "tyre_age_at_start": 2}, {"meeting_key": 1213, "session_key": 9118, "stint_number": 2, "driver_number": 63, "lap_start": 3, "lap_end": 14, "compound": "MEDIUM", "tyre_age_at_start": 2}, {"meeting_key": 1213, "session_key": 9118, "stint_number": 2, "driver_number": 31, "lap_start": 3, "lap_end": 14, "compound": "MEDIUM", "tyre_age_at_start": 2}, {"meeting_key": 1213, "session_key": 9118, "stint_number": 2, "driver_number": 24, "lap_start": 3, "lap_end": 8, "compound": "MEDIUM", "tyre_age_at_start": 0}, {"meeting_key": 1213, "session_key": 9118, "stint_number": 2, "driver_number": 77, "lap_start": 3, "lap_end": 21, "compound": "HARD", "tyre_age_at_start": 0}, {"meeting_key": 1213, "session_key": 9118, "stint_number": 2, "driver_number": 81, "lap_start": 3, "lap_end": 14, "compound": "MEDIUM", "tyre_age_at_start": 2}, {"meeting_key": 1213, "session_key": 9118, "stint_number": 2, "driver_number": 2, "lap_start": 3, "lap_end": 14, "compound": "MEDIUM", "tyre_age_at_start": 0}, {"meeting_key": 1213, "session_key": 9118, "stint_number": 2, "driver_number": 21, "lap_start": 3, "lap_end": 12, "compound": "MEDIUM", "tyre_age_at_start": 2}, {"meeting_key": 1213, "session_key": 9118, "stint_number": 3, "driver_number": 22, "lap_start": 3, "lap_end": 23, "compound": "HARD", "tyre_age_at_start": 1}, {"meeting_key": 1213, "session_key": 9118, "stint_number": 3, "driver_number": 20, "lap_start": 3, "lap_end": 34, "compound": "HARD", "tyre_age_at_start": 0}, {"meeting_key": 1213, "session_key": 9118, "stint_number": 3, "driver_number": 24, "lap_start": 9, "lap_end": 38, "compound": "HARD", "tyre_age_at_start": 0}, {"meeting_key": 1213, "session_key": 9118, "stint_number": 3, "driver_number": 27, "lap_start": 12, "lap_end": 12, "compound": "HARD", "tyre_age_at_start": 0}, {"meeting_key": 1213, "session_key": 9118, "stint_number": 3, "driver_number": 21, "lap_start": 13, "lap_end": 37, "compound": "HARD", "tyre_age_at_start": 0}, {"meeting_key": 1213, "session_key": 9118, "stint_number": 3, "driver_number": 4, "lap_start": 15, "lap_end": 41, "compound": "HARD", "tyre_age_at_start": 0}, {"meeting_key": 1213, "session_key": 9118, "stint_number": 3, "driver_number": 44, "lap_start": 15, "lap_end": 42, "compound": "HARD", "tyre_age_at_start": 0}, {"meeting_key": 1213, "session_key": 9118, "stint_number": 3, "driver_number": 10, "lap_start": 15, "lap_end": 44, "compound": "HARD", "tyre_age_at_start": 0}, {"meeting_key": 1213, "session_key": 9118, "stint_number": 3, "driver_number": 31, "lap_start": 15, "lap_end": 40, "compound": "HARD", "tyre_age_at_start": 0}, {"meeting_key": 1213, "session_key": 9118, "stint_number": 3, "driver_number": 63, "lap_start": 15, "lap_end": 41, "compound": "HARD", "tyre_age_at_start": 0}, {"meeting_key": 1213, "session_key": 9118, "stint_number": 3, "driver_number": 23, "lap_start": 15, "lap_end": 41, "compound": "HARD", "tyre_age_at_start": 0}, {"meeting_key": 1213, "session_key": 9118, "stint_number": 3, "driver_number": 81, "lap_start": 15, "lap_end": 22, "compound": "HARD", "tyre_age_at_start": 0}, {"meeting_key": 1213, "session_key": 9118, "stint_number": 3, "driver_number": 2, "lap_start": 15, "lap_end": 43, "compound": "HARD", "tyre_age_at_start": 0}, {"meeting_key": 1213, "session_key": 9118, "stint_number": 3, "driver_number": 16, "lap_start": 16, "lap_end": 47, "compound": "MEDIUM", "tyre_age_at_start": 0}, {"meeting_key": 1213, "session_key": 9118, "stint_number": 3, "driver_number": 55, "lap_start": 16, "lap_end": 45, "compound": "MEDIUM", "tyre_age_at_start": 0}, {"meeting_key": 1213, "session_key": 9118, "stint_number": 3, "driver_number": 14, "lap_start": 16, "lap_end": 44, "compound": "MEDIUM", "tyre_age_at_start": 0}, {"meeting_key": 1213, "session_key": 9118, "stint_number": 3, "driver_number": 18, "lap_start": 16, "lap_end": 36, "compound": "HARD", "tyre_age_at_start": 0}, {"meeting_key": 1213, "session_key": 9118, "stint_number": 3, "driver_number": 77, "lap_start": 22, "lap_end": 40, "compound": "MEDIUM", "tyre_age_at_start": 0}, {"meeting_key": 1213, "session_key": 9118, "stint_number": 4, "driver_number": 81, "lap_start": 23, "lap_end": 41, "compound": "HARD", "tyre_age_at_start": 0}, {"meeting_key": 1213, "session_key": 9118, "stint_number": 4, "driver_number": 22, "lap_start": 24, "lap_end": 43, "compound": "HARD", "tyre_age_at_start": 0}, {"meeting_key": 1213, "session_key": 9118, "stint_number": 3, "driver_number": 1, "lap_start": 25, "lap_end": 49, "compound": "HARD", "tyre_age_at_start": 0}, {"meeting_key": 1213, "session_key": 9118, "stint_number": 3, "driver_number": 11, "lap_start": 26, "lap_end": 50, "compound": "MEDIUM", "tyre_age_at_start": 0}, {"meeting_key": 1213, "session_key": 9118, "stint_number": 4, "driver_number": 20, "lap_start": 35, "lap_end": 70, "compound": "HARD", "tyre_age_at_start": 1}, {"meeting_key": 1213, "session_key": 9118, "stint_number": 4, "driver_number": 18, "lap_start": 37, "lap_end": 54, "compound": "HARD", "tyre_age_at_start": 0}, {"meeting_key": 1213, "session_key": 9118, "stint_number": 4, "driver_number": 21, "lap_start": 38, "lap_end": 70, "compound": "MEDIUM", "tyre_age_at_start": 0}, {"meeting_key": 1213, "session_key": 9118, "stint_number": 4, "driver_number": 24, "lap_start": 39, "lap_end": 70, "compound": "HARD", "tyre_age_at_start": 0}, {"meeting_key": 1213, "session_key": 9118, "stint_number": 4, "driver_number": 31, "lap_start": 41, "lap_end": 70, "compound": "HARD", "tyre_age_at_start": 0}, {"meeting_key": 1213, "session_key": 9118, "stint_number": 4, "driver_number": 77, "lap_start": 41, "lap_end": 70, "compound": "HARD", "tyre_age_at_start": 0}, {"meeting_key": 1213, "session_key": 9118, "stint_number": 4, "driver_number": 4, "lap_start": 42, "lap_end": 71, "compound": "HARD", "tyre_age_at_start": 0}, {"meeting_key": 1213, "session_key": 9118, "stint_number": 4, "driver_number": 63, "lap_start": 42, "lap_end": 71, "compound": "MEDIUM", "tyre_age_at_start": 0}, {"meeting_key": 1213, "session_key": 9118, "stint_number": 4, "driver_number": 23, "lap_start": 42, "lap_end": 71, "compound": "HARD", "tyre_age_at_start": 0}, {"meeting_key": 1213, "session_key": 9118, "stint_number": 5, "driver_number": 81, "lap_start": 42, "lap_end": 70, "compound": "MEDIUM", "tyre_age_at_start": 0}, {"meeting_key": 1213, "session_key": 9118, "stint_number": 4, "driver_number": 44, "lap_start": 43, "lap_end": 71, "compound": "MEDIUM", "tyre_age_at_start": 0}, {"meeting_key": 1213, "session_key": 9118, "stint_number": 4, "driver_number": 2, "lap_start": 44, "lap_end": 70, "compound": "HARD", "tyre_age_at_start": 0}, {"meeting_key": 1213, "session_key": 9118, "stint_number": 5, "driver_number": 22, "lap_start": 44, "lap_end": 70, "compound": "MEDIUM", "tyre_age_at_start": 0}, {"meeting_key": 1213, "session_key": 9118, "stint_number": 4, "driver_number": 14, "lap_start": 45, "lap_end": 71, "compound": "MEDIUM", "tyre_age_at_start": 0}, {"meeting_key": 1213, "session_key": 9118, "stint_number": 4, "driver_number": 10, "lap_start": 45, "lap_end": 71, "compound": "MEDIUM", "tyre_age_at_start": 0}, {"meeting_key": 1213, "session_key": 9118, "stint_number": 4, "driver_number": 55, "lap_start": 46, "lap_end": 71, "compound": "HARD", "tyre_age_at_start": 0}, {"meeting_key": 1213, "session_key": 9118, "stint_number": 4, "driver_number": 16, "lap_start": 48, "lap_end": 71, "compound": "HARD", "tyre_age_at_start": 0}, {"meeting_key": 1213, "session_key": 9118, "stint_number": 4, "driver_number": 1, "lap_start": 50, "lap_end": 69, "compound": "MEDIUM", "tyre_age_at_start": 0}, {"meeting_key": 1213, "session_key": 9118, "stint_number": 4, "driver_number": 11, "lap_start": 51, "lap_end": 71, "compound": "HARD", "tyre_age_at_start": 0}, {"meeting_key": 1213, "session_key": 9118, "stint_number": 5, "driver_number": 18, "lap_start": 55, "lap_end": 71, "compound": "MEDIUM", "tyre_age_at_start": 0}, {"meeting_key": 1213, "session_key": 9118, "stint_number": 5, "driver_number": 1, "lap_start": 70, "lap_end": 71, "compound": "SOFT", "tyre_age_at_start": 3}]