[{"meeting_key": 1210, "session_key": 9094, "stint_number": 1, "driver_number": 27, "lap_start": 1, "lap_end": 1, "compound": "MEDIUM", "tyre_age_at_start": 0}, {"meeting_key": 1210, "session_key": 9094, "stint_number": 1, "driver_number": 16, "lap_start": 1, "lap_end": 44, "compound": "HARD", "tyre_age_at_start": 0}, {"meeting_key": 1210, "session_key": 9094, "stint_number": 1, "driver_number": 2, "lap_start": 1, "lap_end": 20, "compound": "MEDIUM", "tyre_age_at_start": 0}, {"meeting_key": 1210, "session_key": 9094, "stint_number": 1, "driver_number": 11, "lap_start": 1, "lap_end": 1, "compound": "MEDIUM", "tyre_age_at_start": 0}, {"meeting_key": 1210, "session_key": 9094, "stint_number": 1, "driver_number": 22, "lap_start": 1, "lap_end": 53, "compound": "MEDIUM", "tyre_age_at_start": 0}, {"meeting_key": 1210, "session_key": 9094, "stint_number": 1, "driver_number": 63, "lap_start": 1, "lap_end": 54, "compound": "HARD", "tyre_age_at_start": 0}, {"meeting_key": 1210, "session_key": 9094, "stint_number": 1, "driver_number": 23, "lap_start": 1, "lap_end": 18, "compound": "MEDIUM", "tyre_age_at_start": 0}, {"meeting_key": 1210, "session_key": 9094, "stint_number": 1, "driver_number": 18, "lap_start": 1, "lap_end": 51, "compound": "HARD", "tyre_age_at_start": 1}, {"meeting_key": 1210, "session_key": 9094, "stint_number": 1, "driver_number": 44, "lap_start": 1, "lap_end": 31, "compound": "MEDIUM", "tyre_age_at_start": 0}, {"meeting_key": 1210, "session_key": 9094, "stint_number": 1, "driver_number": 14, "lap_start": 1, "lap_end": 54, "compound": "HARD", "tyre_age_at_start": 1}, {"meeting_key": 1210, "session_key": 9094, "stint_number": 1, "driver_number": 4, "lap_start": 1, "lap_end": 50, "compound": "MEDIUM", "tyre_age_at_start": 0}, {"meeting_key": 1210, "session_key": 9094, "stint_number": 1, "driver_number": 24, "lap_start": 1, "lap_end": 1, "compound": "SOFT", "tyre_age_at_start": 0}, {"meeting_key": 1210, "session_key": 9094, "stint_number": 1, "driver_number": 55, "lap_start": 1, "lap_end": 33, "compound": "HARD", "tyre_age_at_start": 0}, {"meeting_key": 1210, "session_key": 9094, "stint_number": 1, "driver_number": 10, "lap_start": 1, "lap_end": 47, "compound": "HARD", "tyre_age_at_start": 0}, {"meeting_key": 1210, "session_key": 9094, "stint_number": 1, "driver_number": 81, "lap_start": 1, "lap_end": 54, "compound": "HARD", "tyre_age_at_start": 0}, {"meeting_key": 1210, "session_key": 9094, "stint_number": 1, "driver_number": 31, "lap_start": 1, "lap_end": 32, "compound": "MEDIUM", "tyre_age_at_start": 0}, {"meeting_key": 1210, "session_key": 9094, "stint_number": 1, "driver_number": 20, "lap_start": 1, "lap_end": 56, "compound": "HARD", "tyre_age_at_start": 0}, {"meeting_key": 1210, "session_key": 9094, "stint_number": 1, "driver_number": 77, "lap_start": 1, "lap_end": 51, "compound": "HARD", "tyre_age_at_start": 0}, {"meeting_key": 1210, "session_key": 9094, "stint_number": 1, "driver_number": 1, "lap_start": 1, "lap_end": 55, "compound": "MEDIUM", "tyre_age_at_start": 0}, {"meeting_key": 1210, "session_key": 9094, "stint_number": 1, "driver_number": 21, "lap_start": 1, "lap_end": 53, "compound": "MEDIUM", "tyre_age_at_start": 0}, {"meeting_key": 1210, "session_key": 9094, "stint_number": 2, "driver_number": 11, "lap_start": 1, "lap_end": 34, "compound": "HARD", "tyre_age_at_start": 0}, {"meeting_key": 1210, "session_key": 9094, "stint_number": 2, "driver_number": 24, "lap_start": 1, "lap_end": 52, "compound": "HARD", "tyre_age_at_start": 0}, {"meeting_key": 1210, "session_key": 9094, "stint_number": 2, "driver_number": 27, "lap_start": 1, "lap_end": 54, "compound": "HARD", "tyre_age_at_start": 0}, {"meeting_key": 1210, "session_key": 9094, "stint_number": 2, "driver_number": 23, "lap_start": 18, "lap_end": 52, "compound": "HARD", "tyre_age_at_start": 0}, {"meeting_key": 1210, "session_key": 9094, "stint_number": 2, "driver_number": 2, "lap_start": 20, "lap_end": 23, "compound": "HARD", "tyre_age_at_start": 0}, {"meeting_key": 1210, "session_key": 9094, "stint_number": 3, "driver_number": 2, "lap_start": 23, "lap_end": 52, "compound": "SOFT", "tyre_age_at_start": 0}, {"meeting_key": 1210, "session_key": 9094, "stint_number": 2, "driver_number": 44, "lap_start": 31, "lap_end": 54, "compound": "HARD", "tyre_age_at_start": 0}, {"meeting_key": 1210, "session_key": 9094, "stint_number": 2, "driver_number": 31, "lap_start": 32, "lap_end": 54, "compound": "HARD", "tyre_age_at_start": 0}, {"meeting_key": 1210, "session_key": 9094, "stint_number": 2, "driver_number": 55, "lap_start": 33, "lap_end": 55, "compound": "MEDIUM", "tyre_age_at_start": 0}, {"meeting_key": 1210, "session_key": 9094, "stint_number": 3, "driver_number": 11, "lap_start": 34, "lap_end": 53, "compound": "MEDIUM", "tyre_age_at_start": 1}, {"meeting_key": 1210, "session_key": 9094, "stint_number": 2, "driver_number": 16, "lap_start": 44, "lap_end": 55, "compound": "MEDIUM", "tyre_age_at_start": 0}, {"meeting_key": 1210, "session_key": 9094, "stint_number": 2, "driver_number": 10, "lap_start": 47, "lap_end": 54, "compound": "MEDIUM", "tyre_age_at_start": 0}, {"meeting_key": 1210, "session_key": 9094, "stint_number": 2, "driver_number": 4, "lap_start": 50, "lap_end": 54, "compound": "HARD", "tyre_age_at_start": 0}, {"meeting_key": 1210, "session_key": 9094, "stint_number": 2, "driver_number": 18, "lap_start": 51, "lap_end": 53, "compound": "INTERMEDIATE", "tyre_age_at_start": 0}, {"meeting_key": 1210, "session_key": 9094, "stint_number": 2, "driver_number": 77, "lap_start": 51, "lap_end": 77, "compound": "INTERMEDIATE", "tyre_age_at_start": 0}, {"meeting_key": 1210, "session_key": 9094, "stint_number": 3, "driver_number": 24, "lap_start": 52, "lap_end": 77, "compound": "INTERMEDIATE", "tyre_age_at_start": 0}, {"meeting_key": 1210, "session_key": 9094, "stint_number": 3, "driver_number": 23, "lap_start": 52, "lap_end": 77, "compound": "INTERMEDIATE", "tyre_age_at_start": 0}, {"meeting_key": 1210, "session_key": 9094, "stint_number": 4, "driver_number": 2, "lap_start": 52, "lap_end": 76, "compound": "INTERMEDIATE", "tyre_age_at_start": 0}, {"meeting_key": 1210, "session_key": 9094, "stint_number": 2, "driver_number": 22, "lap_start": 53, "lap_end": 76, "compound": "INTERMEDIATE", "tyre_age_at_start": 0}, {"meeting_key": 1210, "session_key": 9094, "stint_number": 2, "driver_number": 14, "lap_start": 54, "lap_end": 55, "compound": "MEDIUM", "tyre_age_at_start": 1}, {"meeting_key": 1210, "session_key": 9094, "stint_number": 2, "driver_number": 21, "lap_start": 53, "lap_end": 77, "compound": "INTERMEDIATE", "tyre_age_at_start": 0}, {"meeting_key": 1210, "session_key": 9094, "stint_number": 2, "driver_number": 63, "lap_start": 54, "lap_end": 78, "compound": "INTERMEDIATE", "tyre_age_at_start": 0}, {"meeting_key": 1210, "session_key": 9094, "stint_number": 3, "driver_number": 31, "lap_start": 54, "lap_end": 78, "compound": "INTERMEDIATE", "tyre_age_at_start": 0}, {"meeting_key": 1210, "session_key": 9094, "stint_number": 3, "driver_number": 44, "lap_start": 54, "lap_end": 78, "compound": "INTERMEDIATE", "tyre_age_at_start": 0}, {"meeting_key": 1210, "session_key": 9094, "stint_number": 4, "driver_number": 11, "lap_start": 53, "lap_end": 57, "compound": "INTERMEDIATE", "tyre_age_at_start": 0}, {"meeting_key": 1210, "session_key": 9094, "stint_number": 3, "driver_number": 10, "lap_start": 54, "lap_end": 78, "compound": "INTERMEDIATE", "tyre_age_at_start": 0}, {"meeting_key": 1210, "session_key": 9094, "stint_number": 2, "driver_number": 1, "lap_start": 55, "lap_end": 78, "compound": "INTERMEDIATE", "tyre_age_at_start": 0}, {"meeting_key": 1210, "session_key": 9094, "stint_number": 2, "driver_number": 81, "lap_start": 54, "lap_end": 77, "compound": "INTERMEDIATE", "tyre_age_at_start": 0}, {"meeting_key": 1210, "session_key": 9094, "stint_number": 3, "driver_number": 4, "lap_start": 54, "lap_end": 77, "compound": "INTERMEDIATE", "tyre_age_at_start": 0}, {"meeting_key": 1210, "session_key": 9094, "stint_number": 3, "driver_number": 14, "lap_start": 55, "lap_end": 78, "compound": "INTERMEDIATE", "tyre_age_at_start": 0}, {"meeting_key": 1210, "session_key": 9094, "stint_number": 3, "driver_number": 16, "lap_start": 55, "lap_end": 78, "compound": "INTERMEDIATE", "tyre_age_at_start": 0}, {"meeting_key": 1210, "session_key": 9094, "stint_number": 3, "driver_number": 55, "lap_start": 55, "lap_end": 78, "compound": "INTERMEDIATE", "tyre_age_at_start": 0}, {"meeting_key": 1210, "session_key": 9094, "stint_number": 3, "driver_number": 27, "lap_start": 54, "lap_end": 59, "compound": "INTERMEDIATE", "tyre_age_at_start": 0}, {"meeting_key": 1210, "session_key": 9094, "stint_number": 2, "driver_number": 20, "lap_start": 56, "lap_end": 70, "compound": "WET", "tyre_age_at_start": 0}, {"meeting_key": 1210, "session_key": 9094, "stint_number": 5, "driver_number": 11, "lap_start": 57, "lap_end": 70, "compound": "WET", "tyre_age_at_start": 0}, {"meeting_key": 1210, "session_key": 9094, "stint_number": 4, "driver_number": 27, "lap_start": 59, "lap_end": 76, "compound": "WET", "tyre_age_at_start": 0}, {"meeting_key": 1210, "session_key": 9094, "stint_number": 6, "driver_number": 11, "lap_start": 70, "lap_end": 76, "compound": "INTERMEDIATE", "tyre_age_at_start": 0}]