[{"meeting_key": 1141, "session_key": 7953, "stint_number": 1, "driver_number": 2, "lap_start": 1, "lap_end": 12, "compound": "SOFT", "tyre_age_at_start": 0}, {"meeting_key": 1141, "session_key": 7953, "stint_number": 1, "driver_number": 22, "lap_start": 1, "lap_end": 10, "compound": "SOFT", "tyre_age_at_start": 0}, {"meeting_key": 1141, "session_key": 7953, "stint_number": 1, "driver_number": 23, "lap_start": 1, "lap_end": 11, "compound": "SOFT", "tyre_age_at_start": 0}, {"meeting_key": 1141, "session_key": 7953, "stint_number": 1, "driver_number": 63, "lap_start": 1, "lap_end": 13, "compound": "SOFT", "tyre_age_at_start": 3}, {"meeting_key": 1141, "session_key": 7953, "stint_number": 1, "driver_number": 18, "lap_start": 1, "lap_end": 15, "compound": "SOFT", "tyre_age_at_start": 3}, {"meeting_key": 1141, "session_key": 7953, "stint_number": 1, "driver_number": 4, "lap_start": 1, "lap_end": 10, "compound": "SOFT", "tyre_age_at_start": 0}, {"meeting_key": 1141, "session_key": 7953, "stint_number": 1, "driver_number": 24, "lap_start": 1, "lap_end": 12, "compound": "SOFT", "tyre_age_at_start": 0}, {"meeting_key": 1141, "session_key": 7953, "stint_number": 1, "driver_number": 44, "lap_start": 1, "lap_end": 12, "compound": "SOFT", "tyre_age_at_start": 3}, {"meeting_key": 1141, "session_key": 7953, "stint_number": 1, "driver_number": 14, "lap_start": 1, "lap_end": 14, "compound": "SOFT", "tyre_age_at_start": 3}, {"meeting_key": 1141, "session_key": 7953, "stint_number": 1, "driver_number": 20, "lap_start": 1, "lap_end": 15, "compound": "HARD", "tyre_age_at_start": 0}, {"meeting_key": 1141, "session_key": 7953, "stint_number": 1, "driver_number": 55, "lap_start": 1, "lap_end": 13, "compound": "SOFT", "tyre_age_at_start": 3}, {"meeting_key": 1141, "session_key": 7953, "stint_number": 1, "driver_number": 10, "lap_start": 1, "lap_end": 9, "compound": "SOFT", "tyre_age_at_start": 0}, {"meeting_key": 1141, "session_key": 7953, "stint_number": 1, "driver_number": 21, "lap_start": 1, "lap_end": 11, "compound": "SOFT", "tyre_age_at_start": 0}, {"meeting_key": 1141, "session_key": 7953, "stint_number": 1, "driver_number": 81, "lap_start": 1, "lap_end": 13, "compound": "SOFT", "tyre_age_at_start": 0}, {"meeting_key": 1141, "session_key": 7953, "stint_number": 1, "driver_number": 16, "lap_start": 1, "lap_end": 13, "compound": "SOFT", "tyre_age_at_start": 0}, {"meeting_key": 1141, "session_key": 7953, "stint_number": 1, "driver_number": 11, "lap_start": 1, "lap_end": 17, "compound": "SOFT", "tyre_age_at_start": 3}, {"meeting_key": 1141, "session_key": 7953, "stint_number": 1, "driver_number": 31, "lap_start": 1, "lap_end": 12, "compound": "SOFT", "tyre_age_at_start": 3}, {"meeting_key": 1141, "session_key": 7953, "stint_number": 1, "driver_number": 77, "lap_start": 1, "lap_end": 11, "compound": "SOFT", "tyre_age_at_start": 0}, {"meeting_key": 1141, "session_key": 7953, "stint_number": 1, "driver_number": 1, "lap_start": 1, "lap_end": 14, "compound": "SOFT", "tyre_age_at_start": 3}, {"meeting_key": 1141, "session_key": 7953, "stint_number": 1, "driver_number": 27, "lap_start": 1, "lap_end": 11, "compound": "SOFT", "tyre_age_at_start": 3}, {"meeting_key": 1141, "session_key": 7953, "stint_number": 2, "driver_number": 10, "lap_start": 10, "lap_end": 25, "compound": "HARD", "tyre_age_at_start": 0}, {"meeting_key": 1141, "session_key": 7953, "stint_number": 2, "driver_number": 22, "lap_start": 11, "lap_end": 26, "compound": "HARD", "tyre_age_at_start": 0}, {"meeting_key": 1141, "session_key": 7953, "stint_number": 2, "driver_number": 4, "lap_start": 11, "lap_end": 17, "compound": "HARD", "tyre_age_at_start": 0}, {"meeting_key": 1141, "session_key": 7953, "stint_number": 2, "driver_number": 77, "lap_start": 12, "lap_end": 29, "compound": "HARD", "tyre_age_at_start": 0}, {"meeting_key": 1141, "session_key": 7953, "stint_number": 2, "driver_number": 23, "lap_start": 12, "lap_end": 26, "compound": "SOFT", "tyre_age_at_start": 0}, {"meeting_key": 1141, "session_key": 7953, "stint_number": 2, "driver_number": 27, "lap_start": 12, "lap_end": 26, "compound": "HARD", "tyre_age_at_start": 0}, {"meeting_key": 1141, "session_key": 7953, "stint_number": 2, "driver_number": 21, "lap_start": 12, "lap_end": 27, "compound": "HARD", "tyre_age_at_start": 0}, {"meeting_key": 1141, "session_key": 7953, "stint_number": 2, "driver_number": 44, "lap_start": 13, "lap_end": 30, "compound": "HARD", "tyre_age_at_start": 0}, {"meeting_key": 1141, "session_key": 7953, "stint_number": 2, "driver_number": 31, "lap_start": 13, "lap_end": 15, "compound": "HARD", "tyre_age_at_start": 0}, {"meeting_key": 1141, "session_key": 7953, "stint_number": 2, "driver_number": 2, "lap_start": 13, "lap_end": 30, "compound": "SOFT", "tyre_age_at_start": 0}, {"meeting_key": 1141, "session_key": 7953, "stint_number": 2, "driver_number": 24, "lap_start": 13, "lap_end": 32, "compound": "HARD", "tyre_age_at_start": 0}, {"meeting_key": 1141, "session_key": 7953, "stint_number": 2, "driver_number": 16, "lap_start": 14, "lap_end": 33, "compound": "HARD", "tyre_age_at_start": 0}, {"meeting_key": 1141, "session_key": 7953, "stint_number": 2, "driver_number": 55, "lap_start": 14, "lap_end": 31, "compound": "HARD", "tyre_age_at_start": 0}, {"meeting_key": 1141, "session_key": 7953, "stint_number": 2, "driver_number": 63, "lap_start": 14, "lap_end": 31, "compound": "HARD", "tyre_age_at_start": 0}, {"meeting_key": 1141, "session_key": 7953, "stint_number": 2, "driver_number": 1, "lap_start": 15, "lap_end": 36, "compound": "SOFT", "tyre_age_at_start": 2}, {"meeting_key": 1141, "session_key": 7953, "stint_number": 2, "driver_number": 14, "lap_start": 15, "lap_end": 34, "compound": "HARD", "tyre_age_at_start": 0}, {"meeting_key": 1141, "session_key": 7953, "stint_number": 2, "driver_number": 18, "lap_start": 16, "lap_end": 30, "compound": "HARD", "tyre_age_at_start": 0}, {"meeting_key": 1141, "session_key": 7953, "stint_number": 2, "driver_number": 20, "lap_start": 16, "lap_end": 29, "compound": "HARD", "tyre_age_at_start": 0}, {"meeting_key": 1141, "session_key": 7953, "stint_number": 3, "driver_number": 31, "lap_start": 16, "lap_end": 32, "compound": "HARD", "tyre_age_at_start": 0}, {"meeting_key": 1141, "session_key": 7953, "stint_number": 2, "driver_number": 11, "lap_start": 18, "lap_end": 34, "compound": "SOFT", "tyre_age_at_start": 2}, {"meeting_key": 1141, "session_key": 7953, "stint_number": 3, "driver_number": 4, "lap_start": 18, "lap_end": 27, "compound": "SOFT", "tyre_age_at_start": 3}, {"meeting_key": 1141, "session_key": 7953, "stint_number": 3, "driver_number": 10, "lap_start": 26, "lap_end": 40, "compound": "HARD", "tyre_age_at_start": 0}, {"meeting_key": 1141, "session_key": 7953, "stint_number": 3, "driver_number": 23, "lap_start": 27, "lap_end": 40, "compound": "HARD", "tyre_age_at_start": 0}, {"meeting_key": 1141, "session_key": 7953, "stint_number": 3, "driver_number": 22, "lap_start": 27, "lap_end": 40, "compound": "HARD", "tyre_age_at_start": 0}, {"meeting_key": 1141, "session_key": 7953, "stint_number": 3, "driver_number": 27, "lap_start": 27, "lap_end": 40, "compound": "HARD", "tyre_age_at_start": 0}, {"meeting_key": 1141, "session_key": 7953, "stint_number": 3, "driver_number": 21, "lap_start": 28, "lap_end": 56, "compound": "HARD", "tyre_age_at_start": 0}, {"meeting_key": 1141, "session_key": 7953, "stint_number": 4, "driver_number": 4, "lap_start": 28, "lap_end": 37, "compound": "MEDIUM", "tyre_age_at_start": 0}, {"meeting_key": 1141, "session_key": 7953, "stint_number": 3, "driver_number": 77, "lap_start": 30, "lap_end": 57, "compound": "HARD", "tyre_age_at_start": 0}, {"meeting_key": 1141, "session_key": 7953, "stint_number": 3, "driver_number": 20, "lap_start": 30, "lap_end": 40, "compound": "SOFT", "tyre_age_at_start": 0}, {"meeting_key": 1141, "session_key": 7953, "stint_number": 3, "driver_number": 44, "lap_start": 31, "lap_end": 57, "compound": "HARD", "tyre_age_at_start": 0}, {"meeting_key": 1141, "session_key": 7953, "stint_number": 3, "driver_number": 18, "lap_start": 31, "lap_end": 57, "compound": "HARD", "tyre_age_at_start": 0}, {"meeting_key": 1141, "session_key": 7953, "stint_number": 3, "driver_number": 2, "lap_start": 31, "lap_end": 40, "compound": "HARD", "tyre_age_at_start": 0}, {"meeting_key": 1141, "session_key": 7953, "stint_number": 3, "driver_number": 55, "lap_start": 32, "lap_end": 57, "compound": "HARD", "tyre_age_at_start": 0}, {"meeting_key": 1141, "session_key": 7953, "stint_number": 3, "driver_number": 63, "lap_start": 32, "lap_end": 57, "compound": "HARD", "tyre_age_at_start": 0}, {"meeting_key": 1141, "session_key": 7953, "stint_number": 3, "driver_number": 24, "lap_start": 33, "lap_end": 54, "compound": "SOFT", "tyre_age_at_start": 3}, {"meeting_key": 1141, "session_key": 7953, "stint_number": 3, "driver_number": 16, "lap_start": 34, "lap_end": 39, "compound": "HARD", "tyre_age_at_start": 0}, {"meeting_key": 1141, "session_key": 7953, "stint_number": 4, "driver_number": 31, "lap_start": 33, "lap_end": 41, "compound": "HARD", "tyre_age_at_start": 0}, {"meeting_key": 1141, "session_key": 7953, "stint_number": 3, "driver_number": 11, "lap_start": 35, "lap_end": 57, "compound": "HARD", "tyre_age_at_start": 0}, {"meeting_key": 1141, "session_key": 7953, "stint_number": 3, "driver_number": 14, "lap_start": 35, "lap_end": 57, "compound": "HARD", "tyre_age_at_start": 0}, {"meeting_key": 1141, "session_key": 7953, "stint_number": 3, "driver_number": 1, "lap_start": 37, "lap_end": 57, "compound": "HARD", "tyre_age_at_start": 0}, {"meeting_key": 1141, "session_key": 7953, "stint_number": 5, "driver_number": 4, "lap_start": 38, "lap_end": 47, "compound": "HARD", "tyre_age_at_start": 0}, {"meeting_key": 1141, "session_key": 7953, "stint_number": 4, "driver_number": 10, "lap_start": 41, "lap_end": 57, "compound": "SOFT", "tyre_age_at_start": 0}, {"meeting_key": 1141, "session_key": 7953, "stint_number": 4, "driver_number": 23, "lap_start": 41, "lap_end": 57, "compound": "SOFT", "tyre_age_at_start": 0}, {"meeting_key": 1141, "session_key": 7953, "stint_number": 4, "driver_number": 22, "lap_start": 41, "lap_end": 57, "compound": "SOFT", "tyre_age_at_start": 3}, {"meeting_key": 1141, "session_key": 7953, "stint_number": 4, "driver_number": 2, "lap_start": 41, "lap_end": 56, "compound": "SOFT", "tyre_age_at_start": 0}, {"meeting_key": 1141, "session_key": 7953, "stint_number": 4, "driver_number": 20, "lap_start": 41, "lap_end": 56, "compound": "SOFT", "tyre_age_at_start": 0}, {"meeting_key": 1141, "session_key": 7953, "stint_number": 4, "driver_number": 27, "lap_start": 41, "lap_end": 56, "compound": "SOFT", "tyre_age_at_start": 3}, {"meeting_key": 1141, "session_key": 7953, "stint_number": 6, "driver_number": 4, "lap_start": 48, "lap_end": 54, "compound": "SOFT", "tyre_age_at_start": 4}, {"meeting_key": 1141, "session_key": 7953, "stint_number": 4, "driver_number": 24, "lap_start": 55, "lap_end": 56, "compound": "SOFT", "tyre_age_at_start": 3}, {"meeting_key": 1141, "session_key": 7953, "stint_number": 7, "driver_number": 4, "lap_start": 55, "lap_end": 55, "compound": "SOFT", "tyre_age_at_start": 6}]