[{"meeting_key": 1263, "session_key": 9963, "stint_number": 1, "driver_number": 1, "lap_start": 1, "lap_end": 11, "compound": "MEDIUM", "tyre_age_at_start": 3}, {"meeting_key": 1263, "session_key": 9963, "stint_number": 1, "driver_number": 63, "lap_start": 1, "lap_end": 12, "compound": "MEDIUM", "tyre_age_at_start": 3}, {"meeting_key": 1263, "session_key": 9963, "stint_number": 1, "driver_number": 6, "lap_start": 1, "lap_end": 12, "compound": "MEDIUM", "tyre_age_at_start": 0}, {"meeting_key": 1263, "session_key": 9963, "stint_number": 1, "driver_number": 12, "lap_start": 1, "lap_end": 13, "compound": "MEDIUM", "tyre_age_at_start": 6}, {"meeting_key": 1263, "session_key": 9963, "stint_number": 1, "driver_number": 43, "lap_start": 1, "lap_end": 13, "compound": "MEDIUM", "tyre_age_at_start": 5}, {"meeting_key": 1263, "session_key": 9963, "stint_number": 1, "driver_number": 44, "lap_start": 1, "lap_end": 14, "compound": "MEDIUM", "tyre_age_at_start": 0}, {"meeting_key": 1263, "session_key": 9963, "stint_number": 1, "driver_number": 14, "lap_start": 1, "lap_end": 14, "compound": "MEDIUM", "tyre_age_at_start": 4}, {"meeting_key": 1263, "session_key": 9963, "stint_number": 1, "driver_number": 81, "lap_start": 1, "lap_end": 15, "compound": "MEDIUM", "tyre_age_at_start": 0}, {"meeting_key": 1263, "session_key": 9963, "stint_number": 1, "driver_number": 87, "lap_start": 1, "lap_end": 17, "compound": "MEDIUM", "tyre_age_at_start": 0}, {"meeting_key": 1263, "session_key": 9963, "stint_number": 1, "driver_number": 27, "lap_start": 1, "lap_end": 18, "compound": "MEDIUM", "tyre_age_at_start": 0}, {"meeting_key": 1263, "session_key": 9963, "stint_number": 1, "driver_number": 23, "lap_start": 1, "lap_end": 22, "compound": "MEDIUM", "tyre_age_at_start": 4}, {"meeting_key": 1263, "session_key": 9963, "stint_number": 1, "driver_number": 18, "lap_start": 1, "lap_end": 23, "compound": "HARD", "tyre_age_at_start": 1}, {"meeting_key": 1263, "session_key": 9963, "stint_number": 1, "driver_number": 16, "lap_start": 1, "lap_end": 27, "compound": "HARD", "tyre_age_at_start": 0}, {"meeting_key": 1263, "session_key": 9963, "stint_number": 1, "driver_number": 4, "lap_start": 1, "lap_end": 28, "compound": "HARD", "tyre_age_at_start": 0}, {"meeting_key": 1263, "session_key": 9963, "stint_number": 2, "driver_number": 1, "lap_start": 12, "lap_end": 36, "compound": "HARD", "tyre_age_at_start": 0}, {"meeting_key": 1263, "session_key": 9963, "stint_number": 2, "driver_number": 12, "lap_start": 14, "lap_end": 37, "compound": "HARD", "tyre_age_at_start": 1}, {"meeting_key": 1263, "session_key": 9963, "stint_number": 1, "driver_number": 30, "lap_start": 1, "lap_end": 37, "compound": "HARD", "tyre_age_at_start": 1}, {"meeting_key": 1263, "session_key": 9963, "stint_number": 2, "driver_number": 63, "lap_start": 13, "lap_end": 41, "compound": "HARD", "tyre_age_at_start": 1}, {"meeting_key": 1263, "session_key": 9963, "stint_number": 2, "driver_number": 81, "lap_start": 16, "lap_end": 44, "compound": "HARD", "tyre_age_at_start": 0}, {"meeting_key": 1263, "session_key": 9963, "stint_number": 2, "driver_number": 44, "lap_start": 15, "lap_end": 44, "compound": "HARD", "tyre_age_at_start": 0}, {"meeting_key": 1263, "session_key": 9963, "stint_number": 2, "driver_number": 23, "lap_start": 23, "lap_end": 46, "compound": "HARD", "tyre_age_at_start": 0}, {"meeting_key": 1263, "session_key": 9963, "stint_number": 2, "driver_number": 4, "lap_start": 29, "lap_end": 46, "compound": "MEDIUM", "tyre_age_at_start": 0}, {"meeting_key": 1263, "session_key": 9963, "stint_number": 1, "driver_number": 5, "lap_start": 1, "lap_end": 48, "compound": "HARD", "tyre_age_at_start": 0}, {"meeting_key": 1263, "session_key": 9963, "stint_number": 2, "driver_number": 14, "lap_start": 15, "lap_end": 49, "compound": "HARD", "tyre_age_at_start": 1}, {"meeting_key": 1263, "session_key": 9963, "stint_number": 2, "driver_number": 18, "lap_start": 24, "lap_end": 50, "compound": "HARD", "tyre_age_at_start": 1}, {"meeting_key": 1263, "session_key": 9963, "stint_number": 2, "driver_number": 16, "lap_start": 28, "lap_end": 52, "compound": "HARD", "tyre_age_at_start": 0}, {"meeting_key": 1263, "session_key": 9963, "stint_number": 1, "driver_number": 10, "lap_start": 1, "lap_end": 52, "compound": "HARD", "tyre_age_at_start": 0}, {"meeting_key": 1263, "session_key": 9963, "stint_number": 2, "driver_number": 30, "lap_start": 38, "lap_end": 53, "compound": "MEDIUM", "tyre_age_at_start": 0}, {"meeting_key": 1263, "session_key": 9963, "stint_number": 1, "driver_number": 22, "lap_start": 1, "lap_end": 55, "compound": "HARD", "tyre_age_at_start": 0}, {"meeting_key": 1263, "session_key": 9963, "stint_number": 1, "driver_number": 31, "lap_start": 1, "lap_end": 56, "compound": "HARD", "tyre_age_at_start": 0}, {"meeting_key": 1263, "session_key": 9963, "stint_number": 1, "driver_number": 55, "lap_start": 1, "lap_end": 56, "compound": "HARD", "tyre_age_at_start": 0}, {"meeting_key": 1263, "session_key": 9963, "stint_number": 3, "driver_number": 4, "lap_start": 47, "lap_end": 66, "compound": "HARD", "tyre_age_at_start": 0}, {"meeting_key": 1263, "session_key": 9963, "stint_number": 3, "driver_number": 14, "lap_start": 50, "lap_end": 65, "compound": "HARD", "tyre_age_at_start": 1}, {"meeting_key": 1263, "session_key": 9963, "stint_number": 3, "driver_number": 63, "lap_start": 42, "lap_end": 66, "compound": "HARD", "tyre_age_at_start": 0}, {"meeting_key": 1263, "session_key": 9963, "stint_number": 2, "driver_number": 27, "lap_start": 19, "lap_end": 65, "compound": "HARD", "tyre_age_at_start": 0}, {"meeting_key": 1263, "session_key": 9963, "stint_number": 3, "driver_number": 1, "lap_start": 37, "lap_end": 66, "compound": "HARD", "tyre_age_at_start": 0}, {"meeting_key": 1263, "session_key": 9963, "stint_number": 3, "driver_number": 12, "lap_start": 38, "lap_end": 66, "compound": "HARD", "tyre_age_at_start": 0}, {"meeting_key": 1263, "session_key": 9963, "stint_number": 2, "driver_number": 55, "lap_start": 57, "lap_end": 65, "compound": "MEDIUM", "tyre_age_at_start": 0}, {"meeting_key": 1263, "session_key": 9963, "stint_number": 2, "driver_number": 31, "lap_start": 57, "lap_end": 65, "compound": "MEDIUM", "tyre_age_at_start": 0}, {"meeting_key": 1263, "session_key": 9963, "stint_number": 3, "driver_number": 81, "lap_start": 45, "lap_end": 66, "compound": "HARD", "tyre_age_at_start": 0}, {"meeting_key": 1263, "session_key": 9963, "stint_number": 3, "driver_number": 16, "lap_start": 53, "lap_end": 66, "compound": "MEDIUM", "tyre_age_at_start": 0}, {"meeting_key": 1263, "session_key": 9963, "stint_number": 2, "driver_number": 87, "lap_start": 18, "lap_end": 65, "compound": "HARD", "tyre_age_at_start": 0}, {"meeting_key": 1263, "session_key": 9963, "stint_number": 2, "driver_number": 22, "lap_start": 56, "lap_end": 65, "compound": "MEDIUM", "tyre_age_at_start": 0}, {"meeting_key": 1263, "session_key": 9963, "stint_number": 2, "driver_number": 10, "lap_start": 53, "lap_end": 65, "compound": "MEDIUM", "tyre_age_at_start": 0}, {"meeting_key": 1263, "session_key": 9963, "stint_number": 2, "driver_number": 43, "lap_start": 14, "lap_end": 65, "compound": "HARD", "tyre_age_at_start": 0}, {"meeting_key": 1263, "session_key": 9963, "stint_number": 2, "driver_number": 5, "lap_start": 49, "lap_end": 65, "compound": "MEDIUM", "tyre_age_at_start": 0}, {"meeting_key": 1263, "session_key": 9963, "stint_number": 3, "driver_number": 18, "lap_start": 51, "lap_end": 65, "compound": "MEDIUM", "tyre_age_at_start": 0}, {"meeting_key": 1263, "session_key": 9963, "stint_number": 2, "driver_number": 6, "lap_start": 13, "lap_end": 65, "compound": "HARD", "tyre_age_at_start": 1}, {"meeting_key": 1263, "session_key": 9963, "stint_number": 3, "driver_number": 44, "lap_start": 45, "lap_end": 66, "compound": "HARD", "tyre_age_at_start": 0}, {"meeting_key": 1263, "session_key": 9963, "stint_number": 3, "driver_number": 27, "lap_start": 66, "lap_end": 66, "compound": "HARD", "tyre_age_at_start": 47}, {"meeting_key": 1263, "session_key": 9963, "stint_number": 4, "driver_number": 14, "lap_start": 66, "lap_end": 66, "compound": "HARD", "tyre_age_at_start": 17}, {"meeting_key": 1263, "session_key": 9963, "stint_number": 4, "driver_number": 1, "lap_start": 67, "lap_end": 67, "compound": "HARD", "tyre_age_at_start": 0}, {"meeting_key": 1263, "session_key": 9963, "stint_number": 4, "driver_number": 63, "lap_start": 67, "lap_end": 67, "compound": "HARD", "tyre_age_at_start": 25}, {"meeting_key": 1263, "session_key": 9963, "stint_number": 4, "driver_number": 12, "lap_start": 67, "lap_end": 67, "compound": "HARD", "tyre_age_at_start": 29}, {"meeting_key": 1263, "session_key": 9963, "stint_number": 4, "driver_number": 81, "lap_start": 67, "lap_end": 67, "compound": "SOFT", "tyre_age_at_start": 0}, {"meeting_key": 1263, "session_key": 9963, "stint_number": 3, "driver_number": 55, "lap_start": 66, "lap_end": 66, "compound": "MEDIUM", "tyre_age_at_start": 9}, {"meeting_key": 1263, "session_key": 9963, "stint_number": 3, "driver_number": 31, "lap_start": 66, "lap_end": 66, "compound": "MEDIUM", "tyre_age_at_start": 9}, {"meeting_key": 1263, "session_key": 9963, "stint_number": 4, "driver_number": 16, "lap_start": 67, "lap_end": 67, "compound": "MEDIUM", "tyre_age_at_start": 14}, {"meeting_key": 1263, "session_key": 9963, "stint_number": 3, "driver_number": 22, "lap_start": 66, "lap_end": 66, "compound": "MEDIUM", "tyre_age_at_start": 10}, {"meeting_key": 1263, "session_key": 9963, "stint_number": 3, "driver_number": 87, "lap_start": 66, "lap_end": 66, "compound": "SOFT", "tyre_age_at_start": 0}, {"meeting_key": 1263, "session_key": 9963, "stint_number": 3, "driver_number": 5, "lap_start": 66, "lap_end": 66, "compound": "MEDIUM", "tyre_age_at_start": 0}, {"meeting_key": 1263, "session_key": 9963, "stint_number": 3, "driver_number": 43, "lap_start": 66, "lap_end": 66, "compound": "HARD", "tyre_age_at_start": 52}, {"meeting_key": 1263, "session_key": 9963, "stint_number": 3, "driver_number": 10, "lap_start": 66, "lap_end": 66, "compound": "MEDIUM", "tyre_age_at_start": 13}, {"meeting_key": 1263, "session_key": 9963, "stint_number": 3, "driver_number": 6, "lap_start": 66, "lap_end": 66, "compound": "SOFT", "tyre_age_at_start": 3}, {"meeting_key": 1263, "session_key": 9963, "stint_number": 4, "driver_number": 18, "lap_start": 66, "lap_end": 66, "compound": "SOFT", "tyre_age_at_start": 0}, {"meeting_key": 1263, "session_key": 9963, "stint_number": 4, "driver_number": 44, "lap_start": 67, "lap_end": 67, "compound": "HARD", "tyre_age_at_start": 22}, {"meeting_key": 1263, "session_key": 9963, "stint_number": 4, "driver_number": 27, "lap_start": 67, "lap_end": 67, "compound": "HARD", "tyre_age_at_start": 0}, {"meeting_key": 1263, "session_key": 9963, "stint_number": 5, "driver_number": 14, "lap_start": 67, "lap_end": 67, "compound": "HARD", "tyre_age_at_start": 18}, {"meeting_key": 1263, "session_key": 9963, "stint_number": 5, "driver_number": 1, "lap_start": 68, "lap_end": 68, "compound": "HARD", "tyre_age_at_start": 0}, {"meeting_key": 1263, "session_key": 9963, "stint_number": 4, "driver_number": 31, "lap_start": 67, "lap_end": 67, "compound": "MEDIUM", "tyre_age_at_start": 10}, {"meeting_key": 1263, "session_key": 9963, "stint_number": 4, "driver_number": 55, "lap_start": 67, "lap_end": 67, "compound": "MEDIUM", "tyre_age_at_start": 10}, {"meeting_key": 1263, "session_key": 9963, "stint_number": 5, "driver_number": 12, "lap_start": 68, "lap_end": 68, "compound": "HARD", "tyre_age_at_start": 30}, {"meeting_key": 1263, "session_key": 9963, "stint_number": 5, "driver_number": 63, "lap_start": 68, "lap_end": 68, "compound": "HARD", "tyre_age_at_start": 26}, {"meeting_key": 1263, "session_key": 9963, "stint_number": 5, "driver_number": 16, "lap_start": 68, "lap_end": 68, "compound": "MEDIUM", "tyre_age_at_start": 15}, {"meeting_key": 1263, "session_key": 9963, "stint_number": 5, "driver_number": 81, "lap_start": 68, "lap_end": 68, "compound": "SOFT", "tyre_age_at_start": 0}, {"meeting_key": 1263, "session_key": 9963, "stint_number": 4, "driver_number": 87, "lap_start": 67, "lap_end": 67, "compound": "SOFT", "tyre_age_at_start": 1}, {"meeting_key": 1263, "session_key": 9963, "stint_number": 4, "driver_number": 43, "lap_start": 67, "lap_end": 67, "compound": "HARD", "tyre_age_at_start": 53}, {"meeting_key": 1263, "session_key": 9963, "stint_number": 4, "driver_number": 5, "lap_start": 67, "lap_end": 67, "compound": "MEDIUM", "tyre_age_at_start": 0}, {"meeting_key": 1263, "session_key": 9963, "stint_number": 4, "driver_number": 22, "lap_start": 67, "lap_end": 67, "compound": "MEDIUM", "tyre_age_at_start": 0}, {"meeting_key": 1263, "session_key": 9963, "stint_number": 4, "driver_number": 6, "lap_start": 67, "lap_end": 67, "compound": "SOFT", "tyre_age_at_start": 0}, {"meeting_key": 1263, "session_key": 9963, "stint_number": 4, "driver_number": 10, "lap_start": 67, "lap_end": 67, "compound": "MEDIUM", "tyre_age_at_start": 14}, {"meeting_key": 1263, "session_key": 9963, "stint_number": 5, "driver_number": 44, "lap_start": 68, "lap_end": 68, "compound": "HARD", "tyre_age_at_start": 0}, {"meeting_key": 1263, "session_key": 9963, "stint_number": 5, "driver_number": 18, "lap_start": 67, "lap_end": 67, "compound": "SOFT", "tyre_age_at_start": 1}, {"meeting_key": 1263, "session_key": 9963, "stint_number": 5, "driver_number": 27, "lap_start": 68, "lap_end": 68, "compound": "HARD", "tyre_age_at_start": 0}, {"meeting_key": 1263, "session_key": 9963, "stint_number": 6, "driver_number": 14, "lap_start": 68, "lap_end": 68, "compound": "HARD", "tyre_age_at_start": 19}, {"meeting_key": 1263, "session_key": 9963, "stint_number": 6, "driver_number": 63, "lap_start": 69, "lap_end": 70, "compound": "HARD", "tyre_age_at_start": 27}, {"meeting_key": 1263, "session_key": 9963, "stint_number": 6, "driver_number": 1, "lap_start": 69, "lap_end": 70, "compound": "HARD", "tyre_age_at_start": 32}, {"meeting_key": 1263, "session_key": 9963, "stint_number": 6, "driver_number": 12, "lap_start": 69, "lap_end": 70, "compound": "HARD", "tyre_age_at_start": 31}, {"meeting_key": 1263, "session_key": 9963, "stint_number": 5, "driver_number": 31, "lap_start": 68, "lap_end": 69, "compound": "MEDIUM", "tyre_age_at_start": 11}, {"meeting_key": 1263, "session_key": 9963, "stint_number": 5, "driver_number": 55, "lap_start": 68, "lap_end": 69, "compound": "MEDIUM", "tyre_age_at_start": 0}, {"meeting_key": 1263, "session_key": 9963, "stint_number": 6, "driver_number": 81, "lap_start": 69, "lap_end": 70, "compound": "SOFT", "tyre_age_at_start": 5}, {"meeting_key": 1263, "session_key": 9963, "stint_number": 6, "driver_number": 16, "lap_start": 69, "lap_end": 70, "compound": "MEDIUM", "tyre_age_at_start": 16}, {"meeting_key": 1263, "session_key": 9963, "stint_number": 5, "driver_number": 87, "lap_start": 68, "lap_end": 69, "compound": "SOFT", "tyre_age_at_start": 2}, {"meeting_key": 1263, "session_key": 9963, "stint_number": 5, "driver_number": 22, "lap_start": 68, "lap_end": 69, "compound": "MEDIUM", "tyre_age_at_start": 12}, {"meeting_key": 1263, "session_key": 9963, "stint_number": 5, "driver_number": 43, "lap_start": 68, "lap_end": 69, "compound": "HARD", "tyre_age_at_start": 54}, {"meeting_key": 1263, "session_key": 9963, "stint_number": 5, "driver_number": 5, "lap_start": 68, "lap_end": 69, "compound": "MEDIUM", "tyre_age_at_start": 0}, {"meeting_key": 1263, "session_key": 9963, "stint_number": 5, "driver_number": 10, "lap_start": 68, "lap_end": 69, "compound": "MEDIUM", "tyre_age_at_start": 15}, {"meeting_key": 1263, "session_key": 9963, "stint_number": 5, "driver_number": 6, "lap_start": 68, "lap_end": 69, "compound": "SOFT", "tyre_age_at_start": 0}, {"meeting_key": 1263, "session_key": 9963, "stint_number": 6, "driver_number": 18, "lap_start": 68, "lap_end": 69, "compound": "SOFT", "tyre_age_at_start": 2}, {"meeting_key": 1263, "session_key": 9963, "stint_number": 6, "driver_number": 44, "lap_start": 69, "lap_end": 70, "compound": "HARD", "tyre_age_at_start": 24}, {"meeting_key": 1263, "session_key": 9963, "stint_number": 7, "driver_number": 14, "lap_start": 69, "lap_end": 70, "compound": "HARD", "tyre_age_at_start": 20}, {"meeting_key": 1263, "session_key": 9963, "stint_number": 6, "driver_number": 27, "lap_start": 69, "lap_end": 70, "compound": "HARD", "tyre_age_at_start": 0}]