[{"meeting_key": 1256, "session_key": 10006, "stint_number": 1, "driver_number": 12, "lap_start": 1, "lap_end": 31, "compound": "MEDIUM", "tyre_age_at_start": 0}, {"meeting_key": 1256, "session_key": 10006, "stint_number": 1, "driver_number": 63, "lap_start": 1, "lap_end": 19, "compound": "MEDIUM", "tyre_age_at_start": 0}, {"meeting_key": 1256, "session_key": 10006, "stint_number": 1, "driver_number": 7, "lap_start": 1, "lap_end": 15, "compound": "SOFT", "tyre_age_at_start": 0}, {"meeting_key": 1256, "session_key": 10006, "stint_number": 1, "driver_number": 18, "lap_start": 1, "lap_end": 9, "compound": "SOFT", "tyre_age_at_start": 0}, {"meeting_key": 1256, "session_key": 10006, "stint_number": 1, "driver_number": 14, "lap_start": 1, "lap_end": 24, "compound": "MEDIUM", "tyre_age_at_start": 1}, {"meeting_key": 1256, "session_key": 10006, "stint_number": 1, "driver_number": 23, "lap_start": 1, "lap_end": 24, "compound": "MEDIUM", "tyre_age_at_start": 0}, {"meeting_key": 1256, "session_key": 10006, "stint_number": 1, "driver_number": 4, "lap_start": 1, "lap_end": 21, "compound": "MEDIUM", "tyre_age_at_start": 0}, {"meeting_key": 1256, "session_key": 10006, "stint_number": 1, "driver_number": 55, "lap_start": 1, "lap_end": 33, "compound": "MEDIUM", "tyre_age_at_start": 0}, {"meeting_key": 1256, "session_key": 10006, "stint_number": 1, "driver_number": 44, "lap_start": 1, "lap_end": 30, "compound": "HARD", "tyre_age_at_start": 0}, {"meeting_key": 1256, "session_key": 10006, "stint_number": 1, "driver_number": 10, "lap_start": 1, "lap_end": 24, "compound": "MEDIUM", "tyre_age_at_start": 0}, {"meeting_key": 1256, "session_key": 10006, "stint_number": 1, "driver_number": 30, "lap_start": 1, "lap_end": 33, "compound": "MEDIUM", "tyre_age_at_start": 0}, {"meeting_key": 1256, "session_key": 10006, "stint_number": 1, "driver_number": 81, "lap_start": 1, "lap_end": 20, "compound": "MEDIUM", "tyre_age_at_start": 0}, {"meeting_key": 1256, "session_key": 10006, "stint_number": 1, "driver_number": 5, "lap_start": 1, "lap_end": 31, "compound": "HARD", "tyre_age_at_start": 0}, {"meeting_key": 1256, "session_key": 10006, "stint_number": 1, "driver_number": 31, "lap_start": 1, "lap_end": 32, "compound": "HARD", "tyre_age_at_start": 1}, {"meeting_key": 1256, "session_key": 10006, "stint_number": 1, "driver_number": 6, "lap_start": 1, "lap_end": 25, "compound": "MEDIUM", "tyre_age_at_start": 0}, {"meeting_key": 1256, "session_key": 10006, "stint_number": 1, "driver_number": 1, "lap_start": 1, "lap_end": 21, "compound": "MEDIUM", "tyre_age_at_start": 0}, {"meeting_key": 1256, "session_key": 10006, "stint_number": 1, "driver_number": 16, "lap_start": 1, "lap_end": 21, "compound": "MEDIUM", "tyre_age_at_start": 0}, {"meeting_key": 1256, "session_key": 10006, "stint_number": 1, "driver_number": 87, "lap_start": 1, "lap_end": 23, "compound": "MEDIUM", "tyre_age_at_start": 0}, {"meeting_key": 1256, "session_key": 10006, "stint_number": 1, "driver_number": 27, "lap_start": 1, "lap_end": 22, "compound": "MEDIUM", "tyre_age_at_start": 0}, {"meeting_key": 1256, "session_key": 10006, "stint_number": 1, "driver_number": 22, "lap_start": 1, "lap_end": 23, "compound": "MEDIUM", "tyre_age_at_start": 0}, {"meeting_key": 1256, "session_key": 10006, "stint_number": 2, "driver_number": 18, "lap_start": 10, "lap_end": 30, "compound": "HARD", "tyre_age_at_start": 1}, {"meeting_key": 1256, "session_key": 10006, "stint_number": 2, "driver_number": 7, "lap_start": 16, "lap_end": 53, "compound": "HARD", "tyre_age_at_start": 0}, {"meeting_key": 1256, "session_key": 10006, "stint_number": 2, "driver_number": 63, "lap_start": 20, "lap_end": 53, "compound": "HARD", "tyre_age_at_start": 0}, {"meeting_key": 1256, "session_key": 10006, "stint_number": 2, "driver_number": 81, "lap_start": 21, "lap_end": 53, "compound": "HARD", "tyre_age_at_start": 0}, {"meeting_key": 1256, "session_key": 10006, "stint_number": 2, "driver_number": 1, "lap_start": 22, "lap_end": 53, "compound": "HARD", "tyre_age_at_start": 0}, {"meeting_key": 1256, "session_key": 10006, "stint_number": 2, "driver_number": 4, "lap_start": 22, "lap_end": 53, "compound": "HARD", "tyre_age_at_start": 0}, {"meeting_key": 1256, "session_key": 10006, "stint_number": 2, "driver_number": 16, "lap_start": 22, "lap_end": 53, "compound": "HARD", "tyre_age_at_start": 0}, {"meeting_key": 1256, "session_key": 10006, "stint_number": 2, "driver_number": 27, "lap_start": 23, "lap_end": 53, "compound": "HARD", "tyre_age_at_start": 0}, {"meeting_key": 1256, "session_key": 10006, "stint_number": 2, "driver_number": 87, "lap_start": 24, "lap_end": 53, "compound": "HARD", "tyre_age_at_start": 1}, {"meeting_key": 1256, "session_key": 10006, "stint_number": 2, "driver_number": 22, "lap_start": 24, "lap_end": 53, "compound": "HARD", "tyre_age_at_start": 0}, {"meeting_key": 1256, "session_key": 10006, "stint_number": 2, "driver_number": 23, "lap_start": 25, "lap_end": 53, "compound": "HARD", "tyre_age_at_start": 0}, {"meeting_key": 1256, "session_key": 10006, "stint_number": 2, "driver_number": 14, "lap_start": 25, "lap_end": 53, "compound": "HARD", "tyre_age_at_start": 1}, {"meeting_key": 1256, "session_key": 10006, "stint_number": 2, "driver_number": 10, "lap_start": 25, "lap_end": 53, "compound": "HARD", "tyre_age_at_start": 0}, {"meeting_key": 1256, "session_key": 10006, "stint_number": 2, "driver_number": 6, "lap_start": 26, "lap_end": 53, "compound": "HARD", "tyre_age_at_start": 0}, {"meeting_key": 1256, "session_key": 10006, "stint_number": 2, "driver_number": 44, "lap_start": 31, "lap_end": 53, "compound": "MEDIUM", "tyre_age_at_start": 0}, {"meeting_key": 1256, "session_key": 10006, "stint_number": 3, "driver_number": 18, "lap_start": 31, "lap_end": 52, "compound": "MEDIUM", "tyre_age_at_start": 0}, {"meeting_key": 1256, "session_key": 10006, "stint_number": 2, "driver_number": 12, "lap_start": 32, "lap_end": 53, "compound": "HARD", "tyre_age_at_start": 0}, {"meeting_key": 1256, "session_key": 10006, "stint_number": 2, "driver_number": 5, "lap_start": 32, "lap_end": 53, "compound": "MEDIUM", "tyre_age_at_start": 0}, {"meeting_key": 1256, "session_key": 10006, "stint_number": 2, "driver_number": 31, "lap_start": 33, "lap_end": 53, "compound": "MEDIUM", "tyre_age_at_start": 0}, {"meeting_key": 1256, "session_key": 10006, "stint_number": 2, "driver_number": 55, "lap_start": 34, "lap_end": 53, "compound": "SOFT", "tyre_age_at_start": 0}, {"meeting_key": 1256, "session_key": 10006, "stint_number": 2, "driver_number": 30, "lap_start": 34, "lap_end": 53, "compound": "SOFT", "tyre_age_at_start": 0}]