[{"meeting_key": 1218, "session_key": 9157, "stint_number": 1, "driver_number": 20, "lap_start": 1, "lap_end": 12, "compound": "HARD", "tyre_age_at_start": 4}, {"meeting_key": 1218, "session_key": 9157, "stint_number": 1, "driver_number": 40, "lap_start": 1, "lap_end": 13, "compound": "MEDIUM", "tyre_age_at_start": 3}, {"meeting_key": 1218, "session_key": 9157, "stint_number": 1, "driver_number": 1, "lap_start": 1, "lap_end": 20, "compound": "MEDIUM", "tyre_age_at_start": 0}, {"meeting_key": 1218, "session_key": 9157, "stint_number": 1, "driver_number": 16, "lap_start": 1, "lap_end": 20, "compound": "MEDIUM", "tyre_age_at_start": 0}, {"meeting_key": 1218, "session_key": 9157, "stint_number": 1, "driver_number": 22, "lap_start": null, "lap_end": null, "compound": "MEDIUM", "tyre_age_at_start": 3}, {"meeting_key": 1218, "session_key": 9157, "stint_number": 1, "driver_number": 11, "lap_start": 1, "lap_end": 21, "compound": "MEDIUM", "tyre_age_at_start": 0}, {"meeting_key": 1218, "session_key": 9157, "stint_number": 1, "driver_number": 31, "lap_start": 1, "lap_end": 24, "compound": "MEDIUM", "tyre_age_at_start": 0}, {"meeting_key": 1218, "session_key": 9157, "stint_number": 1, "driver_number": 77, "lap_start": 1, "lap_end": 25, "compound": "HARD", "tyre_age_at_start": 3}, {"meeting_key": 1218, "session_key": 9157, "stint_number": 1, "driver_number": 63, "lap_start": 1, "lap_end": 19, "compound": "MEDIUM", "tyre_age_at_start": 0}, {"meeting_key": 1218, "session_key": 9157, "stint_number": 1, "driver_number": 18, "lap_start": 1, "lap_end": 20, "compound": "MEDIUM", "tyre_age_at_start": 0}, {"meeting_key": 1218, "session_key": 9157, "stint_number": 1, "driver_number": 27, "lap_start": 1, "lap_end": 14, "compound": "MEDIUM", "tyre_age_at_start": 3}, {"meeting_key": 1218, "session_key": 9157, "stint_number": 1, "driver_number": 2, "lap_start": 1, "lap_end": 14, "compound": "MEDIUM", "tyre_age_at_start": 3}, {"meeting_key": 1218, "session_key": 9157, "stint_number": 1, "driver_number": 14, "lap_start": 1, "lap_end": 21, "compound": "MEDIUM", "tyre_age_at_start": 0}, {"meeting_key": 1218, "session_key": 9157, "stint_number": 1, "driver_number": 23, "lap_start": 1, "lap_end": 15, "compound": "MEDIUM", "tyre_age_at_start": 3}, {"meeting_key": 1218, "session_key": 9157, "stint_number": 1, "driver_number": 55, "lap_start": 1, "lap_end": 19, "compound": "MEDIUM", "tyre_age_at_start": 0}, {"meeting_key": 1218, "session_key": 9157, "stint_number": 1, "driver_number": 24, "lap_start": 1, "lap_end": 11, "compound": "MEDIUM", "tyre_age_at_start": 0}, {"meeting_key": 1218, "session_key": 9157, "stint_number": 1, "driver_number": 10, "lap_start": 1, "lap_end": 10, "compound": "MEDIUM", "tyre_age_at_start": 0}, {"meeting_key": 1218, "session_key": 9157, "stint_number": 1, "driver_number": 44, "lap_start": 1, "lap_end": 27, "compound": "HARD", "tyre_age_at_start": 3}, {"meeting_key": 1218, "session_key": 9157, "stint_number": 1, "driver_number": 81, "lap_start": 1, "lap_end": 23, "compound": "MEDIUM", "tyre_age_at_start": 0}, {"meeting_key": 1218, "session_key": 9157, "stint_number": 1, "driver_number": 4, "lap_start": 1, "lap_end": 22, "compound": "MEDIUM", "tyre_age_at_start": 0}, {"meeting_key": 1218, "session_key": 9157, "stint_number": 2, "driver_number": 10, "lap_start": 11, "lap_end": 31, "compound": "HARD", "tyre_age_at_start": 3}, {"meeting_key": 1218, "session_key": 9157, "stint_number": 2, "driver_number": 24, "lap_start": 12, "lap_end": 33, "compound": "HARD", "tyre_age_at_start": 3}, {"meeting_key": 1218, "session_key": 9157, "stint_number": 2, "driver_number": 20, "lap_start": 13, "lap_end": 33, "compound": "MEDIUM", "tyre_age_at_start": 0}, {"meeting_key": 1218, "session_key": 9157, "stint_number": 2, "driver_number": 40, "lap_start": 14, "lap_end": 33, "compound": "HARD", "tyre_age_at_start": 3}, {"meeting_key": 1218, "session_key": 9157, "stint_number": 2, "driver_number": 2, "lap_start": 15, "lap_end": 51, "compound": "HARD", "tyre_age_at_start": 3}, {"meeting_key": 1218, "session_key": 9157, "stint_number": 2, "driver_number": 27, "lap_start": 15, "lap_end": 39, "compound": "HARD", "tyre_age_at_start": 5}, {"meeting_key": 1218, "session_key": 9157, "stint_number": 2, "driver_number": 23, "lap_start": 16, "lap_end": 51, "compound": "HARD", "tyre_age_at_start": 3}, {"meeting_key": 1218, "session_key": 9157, "stint_number": 2, "driver_number": 63, "lap_start": 20, "lap_end": 51, "compound": "HARD", "tyre_age_at_start": 0}, {"meeting_key": 1218, "session_key": 9157, "stint_number": 2, "driver_number": 55, "lap_start": 20, "lap_end": 51, "compound": "HARD", "tyre_age_at_start": 0}, {"meeting_key": 1218, "session_key": 9157, "stint_number": 2, "driver_number": 1, "lap_start": 21, "lap_end": 51, "compound": "HARD", "tyre_age_at_start": 0}, {"meeting_key": 1218, "session_key": 9157, "stint_number": 2, "driver_number": 16, "lap_start": 21, "lap_end": 51, "compound": "HARD", "tyre_age_at_start": 0}, {"meeting_key": 1218, "session_key": 9157, "stint_number": 2, "driver_number": 18, "lap_start": 21, "lap_end": 51, "compound": "HARD", "tyre_age_at_start": 4}, {"meeting_key": 1218, "session_key": 9157, "stint_number": 2, "driver_number": 11, "lap_start": 22, "lap_end": 51, "compound": "HARD", "tyre_age_at_start": 0}, {"meeting_key": 1218, "session_key": 9157, "stint_number": 2, "driver_number": 14, "lap_start": 22, "lap_end": 51, "compound": "HARD", "tyre_age_at_start": 3}, {"meeting_key": 1218, "session_key": 9157, "stint_number": 2, "driver_number": 4, "lap_start": 23, "lap_end": 51, "compound": "HARD", "tyre_age_at_start": 4}, {"meeting_key": 1218, "session_key": 9157, "stint_number": 2, "driver_number": 81, "lap_start": 24, "lap_end": 41, "compound": "HARD", "tyre_age_at_start": 5}, {"meeting_key": 1218, "session_key": 9157, "stint_number": 2, "driver_number": 31, "lap_start": 25, "lap_end": 39, "compound": "HARD", "tyre_age_at_start": 3}, {"meeting_key": 1218, "session_key": 9157, "stint_number": 2, "driver_number": 77, "lap_start": 26, "lap_end": 51, "compound": "MEDIUM", "tyre_age_at_start": 3}, {"meeting_key": 1218, "session_key": 9157, "stint_number": 2, "driver_number": 44, "lap_start": 28, "lap_end": 51, "compound": "MEDIUM", "tyre_age_at_start": 0}, {"meeting_key": 1218, "session_key": 9157, "stint_number": 3, "driver_number": 10, "lap_start": 32, "lap_end": 51, "compound": "MEDIUM", "tyre_age_at_start": 0}, {"meeting_key": 1218, "session_key": 9157, "stint_number": 3, "driver_number": 40, "lap_start": 34, "lap_end": 51, "compound": "MEDIUM", "tyre_age_at_start": 0}, {"meeting_key": 1218, "session_key": 9157, "stint_number": 3, "driver_number": 24, "lap_start": 34, "lap_end": 51, "compound": "MEDIUM", "tyre_age_at_start": 0}, {"meeting_key": 1218, "session_key": 9157, "stint_number": 3, "driver_number": 20, "lap_start": 34, "lap_end": 50, "compound": "MEDIUM", "tyre_age_at_start": 0}, {"meeting_key": 1218, "session_key": 9157, "stint_number": 3, "driver_number": 27, "lap_start": 40, "lap_end": 50, "compound": "MEDIUM", "tyre_age_at_start": 3}, {"meeting_key": 1218, "session_key": 9157, "stint_number": 3, "driver_number": 81, "lap_start": 42, "lap_end": 51, "compound": "MEDIUM", "tyre_age_at_start": 3}]