[{"meeting_key": 1255, "session_key": 9998, "stint_number": 1, "driver_number": 23, "lap_start": 1, "lap_end": 20, "compound": "MEDIUM", "tyre_age_at_start": 0}, {"meeting_key": 1255, "session_key": 9998, "stint_number": 1, "driver_number": 14, "lap_start": 1, "lap_end": 4, "compound": "MEDIUM", "tyre_age_at_start": 5}, {"meeting_key": 1255, "session_key": 9998, "stint_number": 1, "driver_number": 16, "lap_start": 1, "lap_end": 15, "compound": "MEDIUM", "tyre_age_at_start": 0}, {"meeting_key": 1255, "session_key": 9998, "stint_number": 1, "driver_number": 27, "lap_start": 1, "lap_end": 20, "compound": "MEDIUM", "tyre_age_at_start": 0}, {"meeting_key": 1255, "session_key": 9998, "stint_number": 1, "driver_number": 18, "lap_start": 1, "lap_end": 36, "compound": "HARD", "tyre_age_at_start": 0}, {"meeting_key": 1255, "session_key": 9998, "stint_number": 1, "driver_number": 7, "lap_start": 1, "lap_end": 11, "compound": "MEDIUM", "tyre_age_at_start": 0}, {"meeting_key": 1255, "session_key": 9998, "stint_number": 1, "driver_number": 44, "lap_start": 1, "lap_end": 13, "compound": "MEDIUM", "tyre_age_at_start": 0}, {"meeting_key": 1255, "session_key": 9998, "stint_number": 1, "driver_number": 55, "lap_start": 1, "lap_end": 17, "compound": "MEDIUM", "tyre_age_at_start": 0}, {"meeting_key": 1255, "session_key": 9998, "stint_number": 1, "driver_number": 22, "lap_start": 1, "lap_end": 11, "compound": "MEDIUM", "tyre_age_at_start": 0}, {"meeting_key": 1255, "session_key": 9998, "stint_number": 1, "driver_number": 30, "lap_start": 1, "lap_end": 18, "compound": "HARD", "tyre_age_at_start": 0}, {"meeting_key": 1255, "session_key": 9998, "stint_number": 1, "driver_number": 1, "lap_start": 1, "lap_end": 13, "compound": "MEDIUM", "tyre_age_at_start": 0}, {"meeting_key": 1255, "session_key": 9998, "stint_number": 1, "driver_number": 6, "lap_start": 1, "lap_end": 12, "compound": "MEDIUM", "tyre_age_at_start": 0}, {"meeting_key": 1255, "session_key": 9998, "stint_number": 1, "driver_number": 63, "lap_start": 1, "lap_end": 14, "compound": "MEDIUM", "tyre_age_at_start": 0}, {"meeting_key": 1255, "session_key": 9998, "stint_number": 1, "driver_number": 10, "lap_start": 1, "lap_end": 10, "compound": "MEDIUM", "tyre_age_at_start": 0}, {"meeting_key": 1255, "session_key": 9998, "stint_number": 1, "driver_number": 5, "lap_start": 1, "lap_end": 1, "compound": "MEDIUM", "tyre_age_at_start": 0}, {"meeting_key": 1255, "session_key": 9998, "stint_number": 1, "driver_number": 12, "lap_start": 1, "lap_end": 12, "compound": "MEDIUM", "tyre_age_at_start": 0}, {"meeting_key": 1255, "session_key": 9998, "stint_number": 1, "driver_number": 31, "lap_start": 1, "lap_end": 11, "compound": "MEDIUM", "tyre_age_at_start": 0}, {"meeting_key": 1255, "session_key": 9998, "stint_number": 1, "driver_number": 81, "lap_start": 1, "lap_end": 14, "compound": "MEDIUM", "tyre_age_at_start": 0}, {"meeting_key": 1255, "session_key": 9998, "stint_number": 1, "driver_number": 87, "lap_start": 1, "lap_end": 26, "compound": "HARD", "tyre_age_at_start": 0}, {"meeting_key": 1255, "session_key": 9998, "stint_number": 1, "driver_number": 4, "lap_start": 1, "lap_end": 15, "compound": "MEDIUM", "tyre_age_at_start": 0}, {"meeting_key": 1255, "session_key": 9998, "stint_number": 2, "driver_number": 5, "lap_start": 2, "lap_end": 26, "compound": "HARD", "tyre_age_at_start": 0}, {"meeting_key": 1255, "session_key": 9998, "stint_number": 2, "driver_number": 10, "lap_start": 11, "lap_end": 56, "compound": "HARD", "tyre_age_at_start": 0}, {"meeting_key": 1255, "session_key": 9998, "stint_number": 2, "driver_number": 22, "lap_start": 12, "lap_end": 35, "compound": "HARD", "tyre_age_at_start": 0}, {"meeting_key": 1255, "session_key": 9998, "stint_number": 2, "driver_number": 31, "lap_start": 12, "lap_end": 56, "compound": "HARD", "tyre_age_at_start": 0}, {"meeting_key": 1255, "session_key": 9998, "stint_number": 2, "driver_number": 7, "lap_start": 12, "lap_end": 56, "compound": "HARD", "tyre_age_at_start": 0}, {"meeting_key": 1255, "session_key": 9998, "stint_number": 2, "driver_number": 6, "lap_start": 13, "lap_end": 33, "compound": "HARD", "tyre_age_at_start": 0}, {"meeting_key": 1255, "session_key": 9998, "stint_number": 2, "driver_number": 12, "lap_start": 13, "lap_end": 56, "compound": "HARD", "tyre_age_at_start": 0}, {"meeting_key": 1255, "session_key": 9998, "stint_number": 2, "driver_number": 44, "lap_start": 14, "lap_end": 37, "compound": "HARD", "tyre_age_at_start": 0}, {"meeting_key": 1255, "session_key": 9998, "stint_number": 2, "driver_number": 1, "lap_start": 14, "lap_end": 56, "compound": "HARD", "tyre_age_at_start": 0}, {"meeting_key": 1255, "session_key": 9998, "stint_number": 2, "driver_number": 81, "lap_start": 15, "lap_end": 56, "compound": "HARD", "tyre_age_at_start": 0}, {"meeting_key": 1255, "session_key": 9998, "stint_number": 2, "driver_number": 63, "lap_start": 15, "lap_end": 56, "compound": "HARD", "tyre_age_at_start": 0}, {"meeting_key": 1255, "session_key": 9998, "stint_number": 2, "driver_number": 4, "lap_start": 16, "lap_end": 56, "compound": "HARD", "tyre_age_at_start": 0}, {"meeting_key": 1255, "session_key": 9998, "stint_number": 2, "driver_number": 16, "lap_start": 16, "lap_end": 56, "compound": "HARD", "tyre_age_at_start": 0}, {"meeting_key": 1255, "session_key": 9998, "stint_number": 2, "driver_number": 55, "lap_start": 18, "lap_end": 56, "compound": "HARD", "tyre_age_at_start": 0}, {"meeting_key": 1255, "session_key": 9998, "stint_number": 2, "driver_number": 30, "lap_start": 19, "lap_end": 30, "compound": "MEDIUM", "tyre_age_at_start": 0}, {"meeting_key": 1255, "session_key": 9998, "stint_number": 2, "driver_number": 23, "lap_start": 21, "lap_end": 56, "compound": "HARD", "tyre_age_at_start": 0}, {"meeting_key": 1255, "session_key": 9998, "stint_number": 2, "driver_number": 27, "lap_start": 21, "lap_end": 55, "compound": "HARD", "tyre_age_at_start": 0}, {"meeting_key": 1255, "session_key": 9998, "stint_number": 2, "driver_number": 87, "lap_start": 27, "lap_end": 56, "compound": "MEDIUM", "tyre_age_at_start": 0}, {"meeting_key": 1255, "session_key": 9998, "stint_number": 3, "driver_number": 5, "lap_start": 27, "lap_end": 55, "compound": "HARD", "tyre_age_at_start": 0}, {"meeting_key": 1255, "session_key": 9998, "stint_number": 3, "driver_number": 30, "lap_start": 31, "lap_end": 56, "compound": "HARD", "tyre_age_at_start": 0}, {"meeting_key": 1255, "session_key": 9998, "stint_number": 3, "driver_number": 6, "lap_start": 34, "lap_end": 56, "compound": "HARD", "tyre_age_at_start": 0}, {"meeting_key": 1255, "session_key": 9998, "stint_number": 3, "driver_number": 22, "lap_start": 36, "lap_end": 46, "compound": "HARD", "tyre_age_at_start": 0}, {"meeting_key": 1255, "session_key": 9998, "stint_number": 2, "driver_number": 18, "lap_start": 37, "lap_end": 56, "compound": "MEDIUM", "tyre_age_at_start": 0}, {"meeting_key": 1255, "session_key": 9998, "stint_number": 3, "driver_number": 44, "lap_start": 38, "lap_end": 56, "compound": "HARD", "tyre_age_at_start": 0}, {"meeting_key": 1255, "session_key": 9998, "stint_number": 4, "driver_number": 22, "lap_start": 47, "lap_end": 55, "compound": "MEDIUM", "tyre_age_at_start": 6}]