[{"meeting_key": 1272, "session_key": 9877, "stint_number": 1, "driver_number": 30, "lap_start": 1, "lap_end": 2, "compound": "SOFT", "tyre_age_at_start": 0}, {"meeting_key": 1272, "session_key": 9877, "stint_number": 2, "driver_number": 30, "lap_start": 3, "lap_end": 5, "compound": "HARD", "tyre_age_at_start": 0}, {"meeting_key": 1272, "session_key": 9877, "stint_number": 1, "driver_number": 55, "lap_start": 1, "lap_end": 17, "compound": "MEDIUM", "tyre_age_at_start": 0}, {"meeting_key": 1272, "session_key": 9877, "stint_number": 1, "driver_number": 14, "lap_start": 1, "lap_end": 20, "compound": "SOFT", "tyre_age_at_start": 0}, {"meeting_key": 1272, "session_key": 9877, "stint_number": 1, "driver_number": 12, "lap_start": 1, "lap_end": 22, "compound": "SOFT", "tyre_age_at_start": 3}, {"meeting_key": 1272, "session_key": 9877, "stint_number": 1, "driver_number": 44, "lap_start": 1, "lap_end": 23, "compound": "SOFT", "tyre_age_at_start": 3}, {"meeting_key": 1272, "session_key": 9877, "stint_number": 1, "driver_number": 87, "lap_start": 1, "lap_end": 24, "compound": "SOFT", "tyre_age_at_start": 3}, {"meeting_key": 1272, "session_key": 9877, "stint_number": 1, "driver_number": 81, "lap_start": 1, "lap_end": 24, "compound": "SOFT", "tyre_age_at_start": 3}, {"meeting_key": 1272, "session_key": 9877, "stint_number": 1, "driver_number": 63, "lap_start": 1, "lap_end": 25, "compound": "SOFT", "tyre_age_at_start": 3}, {"meeting_key": 1272, "session_key": 9877, "stint_number": 1, "driver_number": 27, "lap_start": 1, "lap_end": 25, "compound": "SOFT", "tyre_age_at_start": 0}, {"meeting_key": 1272, "session_key": 9877, "stint_number": 1, "driver_number": 18, "lap_start": 1, "lap_end": 26, "compound": "SOFT", "tyre_age_at_start": 0}, {"meeting_key": 1272, "session_key": 9877, "stint_number": 1, "driver_number": 31, "lap_start": 1, "lap_end": 27, "compound": "SOFT", "tyre_age_at_start": 0}, {"meeting_key": 1272, "session_key": 9877, "stint_number": 1, "driver_number": 16, "lap_start": 1, "lap_end": 31, "compound": "SOFT", "tyre_age_at_start": 0}, {"meeting_key": 1272, "session_key": 9877, "stint_number": 1, "driver_number": 10, "lap_start": 1, "lap_end": 33, "compound": "MEDIUM", "tyre_age_at_start": 0}, {"meeting_key": 1272, "session_key": 9877, "stint_number": 1, "driver_number": 4, "lap_start": 1, "lap_end": 34, "compound": "SOFT", "tyre_age_at_start": 0}, {"meeting_key": 1272, "session_key": 9877, "stint_number": 1, "driver_number": 6, "lap_start": 1, "lap_end": 34, "compound": "MEDIUM", "tyre_age_at_start": 0}, {"meeting_key": 1272, "session_key": 9877, "stint_number": 2, "driver_number": 14, "lap_start": 21, "lap_end": 34, "compound": "MEDIUM", "tyre_age_at_start": 1}, {"meeting_key": 1272, "session_key": 9877, "stint_number": 1, "driver_number": 22, "lap_start": 1, "lap_end": 36, "compound": "MEDIUM", "tyre_age_at_start": 0}, {"meeting_key": 1272, "session_key": 9877, "stint_number": 1, "driver_number": 1, "lap_start": 1, "lap_end": 37, "compound": "MEDIUM", "tyre_age_at_start": 0}, {"meeting_key": 1272, "session_key": 9877, "stint_number": 1, "driver_number": 5, "lap_start": 1, "lap_end": 37, "compound": "MEDIUM", "tyre_age_at_start": 0}, {"meeting_key": 1272, "session_key": 9877, "stint_number": 1, "driver_number": 23, "lap_start": 1, "lap_end": 41, "compound": "HARD", "tyre_age_at_start": 0}, {"meeting_key": 1272, "session_key": 9877, "stint_number": 2, "driver_number": 18, "lap_start": 27, "lap_end": 43, "compound": "MEDIUM", "tyre_age_at_start": 1}, {"meeting_key": 1272, "session_key": 9877, "stint_number": 2, "driver_number": 55, "lap_start": 18, "lap_end": 46, "compound": "SOFT", "tyre_age_at_start": 0}, {"meeting_key": 1272, "session_key": 9877, "stint_number": 2, "driver_number": 12, "lap_start": 23, "lap_end": 47, "compound": "MEDIUM", "tyre_age_at_start": 0}, {"meeting_key": 1272, "session_key": 9877, "stint_number": 2, "driver_number": 81, "lap_start": 25, "lap_end": 47, "compound": "MEDIUM", "tyre_age_at_start": 0}, {"meeting_key": 1272, "session_key": 9877, "stint_number": 2, "driver_number": 44, "lap_start": 24, "lap_end": 47, "compound": "MEDIUM", "tyre_age_at_start": 0}, {"meeting_key": 1272, "session_key": 9877, "stint_number": 2, "driver_number": 87, "lap_start": 25, "lap_end": 48, "compound": "MEDIUM", "tyre_age_at_start": 0}, {"meeting_key": 1272, "session_key": 9877, "stint_number": 2, "driver_number": 63, "lap_start": 26, "lap_end": 48, "compound": "MEDIUM", "tyre_age_at_start": 0}, {"meeting_key": 1272, "session_key": 9877, "stint_number": 1, "driver_number": 43, "lap_start": 1, "lap_end": 48, "compound": "HARD", "tyre_age_at_start": 0}, {"meeting_key": 1272, "session_key": 9877, "stint_number": 3, "driver_number": 55, "lap_start": 47, "lap_end": 56, "compound": "SOFT", "tyre_age_at_start": 3}, {"meeting_key": 1272, "session_key": 9877, "stint_number": 4, "driver_number": 55, "lap_start": 57, "lap_end": 67, "compound": "SOFT", "tyre_age_at_start": 13}, {"meeting_key": 1272, "session_key": 9877, "stint_number": 2, "driver_number": 4, "lap_start": 35, "lap_end": 71, "compound": "MEDIUM", "tyre_age_at_start": 0}, {"meeting_key": 1272, "session_key": 9877, "stint_number": 2, "driver_number": 23, "lap_start": 42, "lap_end": 70, "compound": "SOFT", "tyre_age_at_start": 0}, {"meeting_key": 1272, "session_key": 9877, "stint_number": 2, "driver_number": 6, "lap_start": 35, "lap_end": 70, "compound": "SOFT", "tyre_age_at_start": 3}, {"meeting_key": 1272, "session_key": 9877, "stint_number": 3, "driver_number": 18, "lap_start": 44, "lap_end": 70, "compound": "SOFT", "tyre_age_at_start": 1}, {"meeting_key": 1272, "session_key": 9877, "stint_number": 2, "driver_number": 16, "lap_start": 32, "lap_end": 71, "compound": "MEDIUM", "tyre_age_at_start": 0}, {"meeting_key": 1272, "session_key": 9877, "stint_number": 2, "driver_number": 1, "lap_start": 38, "lap_end": 71, "compound": "SOFT", "tyre_age_at_start": 3}, {"meeting_key": 1272, "session_key": 9877, "stint_number": 3, "driver_number": 87, "lap_start": 49, "lap_end": 71, "compound": "SOFT", "tyre_age_at_start": 3}, {"meeting_key": 1272, "session_key": 9877, "stint_number": 3, "driver_number": 81, "lap_start": 48, "lap_end": 71, "compound": "SOFT", "tyre_age_at_start": 3}, {"meeting_key": 1272, "session_key": 9877, "stint_number": 2, "driver_number": 10, "lap_start": 34, "lap_end": 70, "compound": "SOFT", "tyre_age_at_start": 0}, {"meeting_key": 1272, "session_key": 9877, "stint_number": 2, "driver_number": 43, "lap_start": 49, "lap_end": 70, "compound": "SOFT", "tyre_age_at_start": 0}, {"meeting_key": 1272, "session_key": 9877, "stint_number": 3, "driver_number": 12, "lap_start": 48, "lap_end": 71, "compound": "SOFT", "tyre_age_at_start": 3}, {"meeting_key": 1272, "session_key": 9877, "stint_number": 3, "driver_number": 63, "lap_start": 49, "lap_end": 71, "compound": "SOFT", "tyre_age_at_start": 3}, {"meeting_key": 1272, "session_key": 9877, "stint_number": 3, "driver_number": 44, "lap_start": 48, "lap_end": 71, "compound": "SOFT", "tyre_age_at_start": 3}, {"meeting_key": 1272, "session_key": 9877, "stint_number": 2, "driver_number": 31, "lap_start": 28, "lap_end": 71, "compound": "MEDIUM", "tyre_age_at_start": 0}, {"meeting_key": 1272, "session_key": 9877, "stint_number": 2, "driver_number": 5, "lap_start": 38, "lap_end": 71, "compound": "SOFT", "tyre_age_at_start": 0}, {"meeting_key": 1272, "session_key": 9877, "stint_number": 2, "driver_number": 22, "lap_start": 37, "lap_end": 71, "compound": "SOFT", "tyre_age_at_start": 0}]