[{"meeting_key": 1221, "session_key": 9221, "stint_number": 1, "driver_number": 24, "lap_start": 1, "lap_end": 18, "compound": "MEDIUM", "tyre_age_at_start": 0}, {"meeting_key": 1221, "session_key": 9221, "stint_number": 1, "driver_number": 4, "lap_start": 1, "lap_end": 13, "compound": "MEDIUM", "tyre_age_at_start": 7}, {"meeting_key": 1221, "session_key": 9221, "stint_number": 1, "driver_number": 44, "lap_start": null, "lap_end": null, "compound": "SOFT", "tyre_age_at_start": 0}, {"meeting_key": 1221, "session_key": 9221, "stint_number": 1, "driver_number": 10, "lap_start": 1, "lap_end": 11, "compound": "MEDIUM", "tyre_age_at_start": 7}, {"meeting_key": 1221, "session_key": 9221, "stint_number": 1, "driver_number": 81, "lap_start": 1, "lap_end": 12, "compound": "MEDIUM", "tyre_age_at_start": 6}, {"meeting_key": 1221, "session_key": 9221, "stint_number": 1, "driver_number": 31, "lap_start": 1, "lap_end": 10, "compound": "MEDIUM", "tyre_age_at_start": 7}, {"meeting_key": 1221, "session_key": 9221, "stint_number": 1, "driver_number": 20, "lap_start": 1, "lap_end": 3, "compound": "SOFT", "tyre_age_at_start": 0}, {"meeting_key": 1221, "session_key": 9221, "stint_number": 1, "driver_number": 40, "lap_start": 1, "lap_end": 3, "compound": "SOFT", "tyre_age_at_start": 0}, {"meeting_key": 1221, "session_key": 9221, "stint_number": 1, "driver_number": 77, "lap_start": 1, "lap_end": 3, "compound": "SOFT", "tyre_age_at_start": 3}, {"meeting_key": 1221, "session_key": 9221, "stint_number": 1, "driver_number": 1, "lap_start": 1, "lap_end": 17, "compound": "MEDIUM", "tyre_age_at_start": 3}, {"meeting_key": 1221, "session_key": 9221, "stint_number": 1, "driver_number": 16, "lap_start": 1, "lap_end": 12, "compound": "MEDIUM", "tyre_age_at_start": 8}, {"meeting_key": 1221, "session_key": 9221, "stint_number": 1, "driver_number": 11, "lap_start": 1, "lap_end": 17, "compound": "HARD", "tyre_age_at_start": 0}, {"meeting_key": 1221, "session_key": 9221, "stint_number": 1, "driver_number": 22, "lap_start": 1, "lap_end": 9, "compound": "MEDIUM", "tyre_age_at_start": 0}, {"meeting_key": 1221, "session_key": 9221, "stint_number": 1, "driver_number": 63, "lap_start": 1, "lap_end": 1, "compound": "MEDIUM", "tyre_age_at_start": 7}, {"meeting_key": 1221, "session_key": 9221, "stint_number": 1, "driver_number": 18, "lap_start": 1, "lap_end": 3, "compound": "MEDIUM", "tyre_age_at_start": 8}, {"meeting_key": 1221, "session_key": 9221, "stint_number": 1, "driver_number": 27, "lap_start": 1, "lap_end": 13, "compound": "MEDIUM", "tyre_age_at_start": 7}, {"meeting_key": 1221, "session_key": 9221, "stint_number": 1, "driver_number": 2, "lap_start": 1, "lap_end": 13, "compound": "MEDIUM", "tyre_age_at_start": 0}, {"meeting_key": 1221, "session_key": 9221, "stint_number": 1, "driver_number": 14, "lap_start": 1, "lap_end": 11, "compound": "MEDIUM", "tyre_age_at_start": 5}, {"meeting_key": 1221, "session_key": 9221, "stint_number": 1, "driver_number": 23, "lap_start": 1, "lap_end": 18, "compound": "MEDIUM", "tyre_age_at_start": 0}, {"meeting_key": 1221, "session_key": 9221, "stint_number": 2, "driver_number": 63, "lap_start": 2, "lap_end": 14, "compound": "MEDIUM", "tyre_age_at_start": 7}, {"meeting_key": 1221, "session_key": 9221, "stint_number": 2, "driver_number": 77, "lap_start": 4, "lap_end": 21, "compound": "MEDIUM", "tyre_age_at_start": 0}, {"meeting_key": 1221, "session_key": 9221, "stint_number": 2, "driver_number": 40, "lap_start": 4, "lap_end": 21, "compound": "HARD", "tyre_age_at_start": 0}, {"meeting_key": 1221, "session_key": 9221, "stint_number": 2, "driver_number": 20, "lap_start": 4, "lap_end": 21, "compound": "MEDIUM", "tyre_age_at_start": 0}, {"meeting_key": 1221, "session_key": 9221, "stint_number": 2, "driver_number": 18, "lap_start": 4, "lap_end": 21, "compound": "MEDIUM", "tyre_age_at_start": 0}, {"meeting_key": 1221, "session_key": 9221, "stint_number": 2, "driver_number": 22, "lap_start": 10, "lap_end": 22, "compound": "MEDIUM", "tyre_age_at_start": 0}, {"meeting_key": 1221, "session_key": 9221, "stint_number": 2, "driver_number": 31, "lap_start": 11, "lap_end": 25, "compound": "MEDIUM", "tyre_age_at_start": 5}, {"meeting_key": 1221, "session_key": 9221, "stint_number": 2, "driver_number": 14, "lap_start": 12, "lap_end": 26, "compound": "MEDIUM", "tyre_age_at_start": 5}, {"meeting_key": 1221, "session_key": 9221, "stint_number": 2, "driver_number": 10, "lap_start": 12, "lap_end": 26, "compound": "MEDIUM", "tyre_age_at_start": 5}, {"meeting_key": 1221, "session_key": 9221, "stint_number": 2, "driver_number": 16, "lap_start": 13, "lap_end": 25, "compound": "MEDIUM", "tyre_age_at_start": 0}, {"meeting_key": 1221, "session_key": 9221, "stint_number": 2, "driver_number": 81, "lap_start": 13, "lap_end": 25, "compound": "MEDIUM", "tyre_age_at_start": 7}, {"meeting_key": 1221, "session_key": 9221, "stint_number": 2, "driver_number": 4, "lap_start": 14, "lap_end": 27, "compound": "MEDIUM", "tyre_age_at_start": 6}, {"meeting_key": 1221, "session_key": 9221, "stint_number": 2, "driver_number": 2, "lap_start": 14, "lap_end": 26, "compound": "MEDIUM", "tyre_age_at_start": 0}, {"meeting_key": 1221, "session_key": 9221, "stint_number": 2, "driver_number": 27, "lap_start": 14, "lap_end": 27, "compound": "HARD", "tyre_age_at_start": 0}, {"meeting_key": 1221, "session_key": 9221, "stint_number": 3, "driver_number": 63, "lap_start": 15, "lap_end": 32, "compound": "MEDIUM", "tyre_age_at_start": 0}, {"meeting_key": 1221, "session_key": 9221, "stint_number": 2, "driver_number": 1, "lap_start": 18, "lap_end": 34, "compound": "MEDIUM", "tyre_age_at_start": 3}, {"meeting_key": 1221, "session_key": 9221, "stint_number": 2, "driver_number": 11, "lap_start": 18, "lap_end": 31, "compound": "MEDIUM", "tyre_age_at_start": 6}, {"meeting_key": 1221, "session_key": 9221, "stint_number": 2, "driver_number": 23, "lap_start": 19, "lap_end": 31, "compound": "MEDIUM", "tyre_age_at_start": 0}, {"meeting_key": 1221, "session_key": 9221, "stint_number": 2, "driver_number": 24, "lap_start": 19, "lap_end": 35, "compound": "HARD", "tyre_age_at_start": 0}, {"meeting_key": 1221, "session_key": 9221, "stint_number": 3, "driver_number": 77, "lap_start": 22, "lap_end": 39, "compound": "HARD", "tyre_age_at_start": 0}, {"meeting_key": 1221, "session_key": 9221, "stint_number": 3, "driver_number": 18, "lap_start": 22, "lap_end": 39, "compound": "HARD", "tyre_age_at_start": 0}, {"meeting_key": 1221, "session_key": 9221, "stint_number": 3, "driver_number": 40, "lap_start": 22, "lap_end": 39, "compound": "HARD", "tyre_age_at_start": 0}, {"meeting_key": 1221, "session_key": 9221, "stint_number": 3, "driver_number": 20, "lap_start": 22, "lap_end": 39, "compound": "HARD", "tyre_age_at_start": 0}, {"meeting_key": 1221, "session_key": 9221, "stint_number": 3, "driver_number": 22, "lap_start": 23, "lap_end": 40, "compound": "HARD", "tyre_age_at_start": 0}, {"meeting_key": 1221, "session_key": 9221, "stint_number": 3, "driver_number": 81, "lap_start": 26, "lap_end": 43, "compound": "MEDIUM", "tyre_age_at_start": 0}, {"meeting_key": 1221, "session_key": 9221, "stint_number": 3, "driver_number": 31, "lap_start": 26, "lap_end": 43, "compound": "HARD", "tyre_age_at_start": 0}, {"meeting_key": 1221, "session_key": 9221, "stint_number": 3, "driver_number": 16, "lap_start": 26, "lap_end": 43, "compound": "HARD", "tyre_age_at_start": 0}, {"meeting_key": 1221, "session_key": 9221, "stint_number": 3, "driver_number": 14, "lap_start": 27, "lap_end": 44, "compound": "HARD", "tyre_age_at_start": 0}, {"meeting_key": 1221, "session_key": 9221, "stint_number": 3, "driver_number": 10, "lap_start": 27, "lap_end": 44, "compound": "HARD", "tyre_age_at_start": 0}, {"meeting_key": 1221, "session_key": 9221, "stint_number": 3, "driver_number": 2, "lap_start": 27, "lap_end": 40, "compound": "HARD", "tyre_age_at_start": 0}, {"meeting_key": 1221, "session_key": 9221, "stint_number": 3, "driver_number": 4, "lap_start": 28, "lap_end": 44, "compound": "MEDIUM", "tyre_age_at_start": 0}, {"meeting_key": 1221, "session_key": 9221, "stint_number": 3, "driver_number": 27, "lap_start": 28, "lap_end": 39, "compound": "MEDIUM", "tyre_age_at_start": 6}, {"meeting_key": 1221, "session_key": 9221, "stint_number": 3, "driver_number": 11, "lap_start": 32, "lap_end": 43, "compound": "MEDIUM", "tyre_age_at_start": 0}, {"meeting_key": 1221, "session_key": 9221, "stint_number": 3, "driver_number": 23, "lap_start": 32, "lap_end": 44, "compound": "HARD", "tyre_age_at_start": 0}, {"meeting_key": 1221, "session_key": 9221, "stint_number": 4, "driver_number": 63, "lap_start": 33, "lap_end": 50, "compound": "HARD", "tyre_age_at_start": 0}, {"meeting_key": 1221, "session_key": 9221, "stint_number": 3, "driver_number": 1, "lap_start": 35, "lap_end": 51, "compound": "HARD", "tyre_age_at_start": 0}, {"meeting_key": 1221, "session_key": 9221, "stint_number": 3, "driver_number": 24, "lap_start": 36, "lap_end": 52, "compound": "HARD", "tyre_age_at_start": 0}, {"meeting_key": 1221, "session_key": 9221, "stint_number": 4, "driver_number": 77, "lap_start": 40, "lap_end": 57, "compound": "HARD", "tyre_age_at_start": 1}, {"meeting_key": 1221, "session_key": 9221, "stint_number": 4, "driver_number": 18, "lap_start": 40, "lap_end": 57, "compound": "MEDIUM", "tyre_age_at_start": 0}, {"meeting_key": 1221, "session_key": 9221, "stint_number": 4, "driver_number": 20, "lap_start": 40, "lap_end": 56, "compound": "HARD", "tyre_age_at_start": 0}, {"meeting_key": 1221, "session_key": 9221, "stint_number": 4, "driver_number": 40, "lap_start": 40, "lap_end": 56, "compound": "MEDIUM", "tyre_age_at_start": 0}, {"meeting_key": 1221, "session_key": 9221, "stint_number": 4, "driver_number": 27, "lap_start": 40, "lap_end": 56, "compound": "HARD", "tyre_age_at_start": 0}, {"meeting_key": 1221, "session_key": 9221, "stint_number": 4, "driver_number": 22, "lap_start": 41, "lap_end": 56, "compound": "HARD", "tyre_age_at_start": 0}, {"meeting_key": 1221, "session_key": 9221, "stint_number": 4, "driver_number": 81, "lap_start": 44, "lap_end": 57, "compound": "HARD", "tyre_age_at_start": 0}, {"meeting_key": 1221, "session_key": 9221, "stint_number": 4, "driver_number": 16, "lap_start": 44, "lap_end": 57, "compound": "MEDIUM", "tyre_age_at_start": 0}, {"meeting_key": 1221, "session_key": 9221, "stint_number": 4, "driver_number": 31, "lap_start": 44, "lap_end": 57, "compound": "MEDIUM", "tyre_age_at_start": 0}, {"meeting_key": 1221, "session_key": 9221, "stint_number": 4, "driver_number": 11, "lap_start": 44, "lap_end": 57, "compound": "MEDIUM", "tyre_age_at_start": 0}, {"meeting_key": 1221, "session_key": 9221, "stint_number": 4, "driver_number": 4, "lap_start": 45, "lap_end": 57, "compound": "HARD", "tyre_age_at_start": 0}, {"meeting_key": 1221, "session_key": 9221, "stint_number": 4, "driver_number": 14, "lap_start": 45, "lap_end": 57, "compound": "MEDIUM", "tyre_age_at_start": 0}, {"meeting_key": 1221, "session_key": 9221, "stint_number": 4, "driver_number": 10, "lap_start": 45, "lap_end": 57, "compound": "MEDIUM", "tyre_age_at_start": 0}, {"meeting_key": 1221, "session_key": 9221, "stint_number": 4, "driver_number": 23, "lap_start": 45, "lap_end": 57, "compound": "HARD", "tyre_age_at_start": 0}, {"meeting_key": 1221, "session_key": 9221, "stint_number": 5, "driver_number": 63, "lap_start": 51, "lap_end": 57, "compound": "SOFT", "tyre_age_at_start": 3}, {"meeting_key": 1221, "session_key": 9221, "stint_number": 4, "driver_number": 1, "lap_start": 52, "lap_end": 57, "compound": "MEDIUM", "tyre_age_at_start": 0}, {"meeting_key": 1221, "session_key": 9221, "stint_number": 4, "driver_number": 24, "lap_start": 53, "lap_end": 57, "compound": "SOFT", "tyre_age_at_start": 0}]