[{"meeting_key": 1260, "session_key": 9987, "stint_number": 1, "driver_number": 31, "lap_start": 1, "lap_end": 1, "compound": "MEDIUM", "tyre_age_at_start": 0}, {"meeting_key": 1260, "session_key": 9987, "stint_number": 1, "driver_number": 10, "lap_start": 1, "lap_end": 9, "compound": "MEDIUM", "tyre_age_at_start": 0}, {"meeting_key": 1260, "session_key": 9987, "stint_number": 1, "driver_number": 16, "lap_start": 1, "lap_end": 10, "compound": "MEDIUM", "tyre_age_at_start": 0}, {"meeting_key": 1260, "session_key": 9987, "stint_number": 1, "driver_number": 30, "lap_start": 1, "lap_end": 10, "compound": "MEDIUM", "tyre_age_at_start": 0}, {"meeting_key": 1260, "session_key": 9987, "stint_number": 1, "driver_number": 63, "lap_start": 1, "lap_end": 11, "compound": "MEDIUM", "tyre_age_at_start": 3}, {"meeting_key": 1260, "session_key": 9987, "stint_number": 1, "driver_number": 55, "lap_start": 1, "lap_end": 11, "compound": "MEDIUM", "tyre_age_at_start": 0}, {"meeting_key": 1260, "session_key": 9987, "stint_number": 1, "driver_number": 14, "lap_start": 1, "lap_end": 12, "compound": "MEDIUM", "tyre_age_at_start": 3}, {"meeting_key": 1260, "session_key": 9987, "stint_number": 1, "driver_number": 5, "lap_start": 1, "lap_end": 12, "compound": "MEDIUM", "tyre_age_at_start": 0}, {"meeting_key": 1260, "session_key": 9987, "stint_number": 1, "driver_number": 81, "lap_start": 1, "lap_end": 13, "compound": "MEDIUM", "tyre_age_at_start": 0}, {"meeting_key": 1260, "session_key": 9987, "stint_number": 1, "driver_number": 18, "lap_start": 1, "lap_end": 14, "compound": "MEDIUM", "tyre_age_at_start": 3}, {"meeting_key": 1260, "session_key": 9987, "stint_number": 1, "driver_number": 43, "lap_start": 1, "lap_end": 22, "compound": "MEDIUM", "tyre_age_at_start": 0}, {"meeting_key": 1260, "session_key": 9987, "stint_number": 2, "driver_number": 31, "lap_start": 2, "lap_end": 27, "compound": "HARD", "tyre_age_at_start": 0}, {"meeting_key": 1260, "session_key": 9987, "stint_number": 1, "driver_number": 4, "lap_start": 1, "lap_end": 28, "compound": "MEDIUM", "tyre_age_at_start": 0}, {"meeting_key": 1260, "session_key": 9987, "stint_number": 1, "driver_number": 1, "lap_start": 1, "lap_end": 29, "compound": "MEDIUM", "tyre_age_at_start": 0}, {"meeting_key": 1260, "session_key": 9987, "stint_number": 1, "driver_number": 23, "lap_start": 1, "lap_end": 29, "compound": "MEDIUM", "tyre_age_at_start": 0}, {"meeting_key": 1260, "session_key": 9987, "stint_number": 1, "driver_number": 6, "lap_start": 1, "lap_end": 29, "compound": "MEDIUM", "tyre_age_at_start": 0}, {"meeting_key": 1260, "session_key": 9987, "stint_number": 1, "driver_number": 12, "lap_start": 1, "lap_end": 29, "compound": "HARD", "tyre_age_at_start": 0}, {"meeting_key": 1260, "session_key": 9987, "stint_number": 1, "driver_number": 44, "lap_start": 1, "lap_end": 29, "compound": "HARD", "tyre_age_at_start": 0}, {"meeting_key": 1260, "session_key": 9987, "stint_number": 2, "driver_number": 16, "lap_start": 11, "lap_end": 29, "compound": "HARD", "tyre_age_at_start": 0}, {"meeting_key": 1260, "session_key": 9987, "stint_number": 1, "driver_number": 27, "lap_start": 1, "lap_end": 29, "compound": "HARD", "tyre_age_at_start": 0}, {"meeting_key": 1260, "session_key": 9987, "stint_number": 1, "driver_number": 87, "lap_start": 1, "lap_end": 29, "compound": "HARD", "tyre_age_at_start": 0}, {"meeting_key": 1260, "session_key": 9987, "stint_number": 2, "driver_number": 63, "lap_start": 12, "lap_end": 29, "compound": "HARD", "tyre_age_at_start": 0}, {"meeting_key": 1260, "session_key": 9987, "stint_number": 1, "driver_number": 22, "lap_start": 1, "lap_end": 29, "compound": "HARD", "tyre_age_at_start": 0}, {"meeting_key": 1260, "session_key": 9987, "stint_number": 2, "driver_number": 55, "lap_start": 12, "lap_end": 29, "compound": "HARD", "tyre_age_at_start": 0}, {"meeting_key": 1260, "session_key": 9987, "stint_number": 2, "driver_number": 10, "lap_start": 10, "lap_end": 29, "compound": "HARD", "tyre_age_at_start": 0}, {"meeting_key": 1260, "session_key": 9987, "stint_number": 2, "driver_number": 30, "lap_start": 11, "lap_end": 29, "compound": "HARD", "tyre_age_at_start": 0}, {"meeting_key": 1260, "session_key": 9987, "stint_number": 2, "driver_number": 5, "lap_start": 13, "lap_end": 29, "compound": "HARD", "tyre_age_at_start": 0}, {"meeting_key": 1260, "session_key": 9987, "stint_number": 2, "driver_number": 81, "lap_start": 14, "lap_end": 30, "compound": "HARD", "tyre_age_at_start": 0}, {"meeting_key": 1260, "session_key": 9987, "stint_number": 2, "driver_number": 87, "lap_start": 30, "lap_end": 31, "compound": "MEDIUM", "tyre_age_at_start": 0}, {"meeting_key": 1260, "session_key": 9987, "stint_number": 2, "driver_number": 12, "lap_start": 30, "lap_end": 44, "compound": "MEDIUM", "tyre_age_at_start": 0}, {"meeting_key": 1260, "session_key": 9987, "stint_number": 2, "driver_number": 1, "lap_start": 30, "lap_end": 46, "compound": "HARD", "tyre_age_at_start": 0}, {"meeting_key": 1260, "session_key": 9987, "stint_number": 2, "driver_number": 4, "lap_start": 29, "lap_end": 46, "compound": "HARD", "tyre_age_at_start": 0}, {"meeting_key": 1260, "session_key": 9987, "stint_number": 2, "driver_number": 44, "lap_start": 30, "lap_end": 46, "compound": "MEDIUM", "tyre_age_at_start": 0}, {"meeting_key": 1260, "session_key": 9987, "stint_number": 2, "driver_number": 6, "lap_start": 30, "lap_end": 46, "compound": "HARD", "tyre_age_at_start": 0}, {"meeting_key": 1260, "session_key": 9987, "stint_number": 2, "driver_number": 14, "lap_start": 13, "lap_end": 46, "compound": "HARD", "tyre_age_at_start": 1}, {"meeting_key": 1260, "session_key": 9987, "stint_number": 2, "driver_number": 18, "lap_start": 15, "lap_end": 46, "compound": "HARD", "tyre_age_at_start": 1}, {"meeting_key": 1260, "session_key": 9987, "stint_number": 2, "driver_number": 43, "lap_start": 23, "lap_end": 46, "compound": "HARD", "tyre_age_at_start": 0}, {"meeting_key": 1260, "session_key": 9987, "stint_number": 3, "driver_number": 5, "lap_start": 30, "lap_end": 46, "compound": "HARD", "tyre_age_at_start": 0}, {"meeting_key": 1260, "session_key": 9987, "stint_number": 2, "driver_number": 23, "lap_start": 30, "lap_end": 47, "compound": "HARD", "tyre_age_at_start": 0}, {"meeting_key": 1260, "session_key": 9987, "stint_number": 3, "driver_number": 1, "lap_start": 47, "lap_end": 63, "compound": "HARD", "tyre_age_at_start": 0}, {"meeting_key": 1260, "session_key": 9987, "stint_number": 3, "driver_number": 4, "lap_start": 47, "lap_end": 63, "compound": "HARD", "tyre_age_at_start": 1}, {"meeting_key": 1260, "session_key": 9987, "stint_number": 3, "driver_number": 81, "lap_start": 31, "lap_end": 63, "compound": "HARD", "tyre_age_at_start": 0}, {"meeting_key": 1260, "session_key": 9987, "stint_number": 3, "driver_number": 44, "lap_start": 47, "lap_end": 63, "compound": "HARD", "tyre_age_at_start": 0}, {"meeting_key": 1260, "session_key": 9987, "stint_number": 3, "driver_number": 23, "lap_start": 48, "lap_end": 63, "compound": "HARD", "tyre_age_at_start": 0}, {"meeting_key": 1260, "session_key": 9987, "stint_number": 3, "driver_number": 16, "lap_start": 30, "lap_end": 63, "compound": "HARD", "tyre_age_at_start": 0}, {"meeting_key": 1260, "session_key": 9987, "stint_number": 3, "driver_number": 63, "lap_start": 30, "lap_end": 63, "compound": "HARD", "tyre_age_at_start": 0}, {"meeting_key": 1260, "session_key": 9987, "stint_number": 3, "driver_number": 55, "lap_start": 30, "lap_end": 63, "compound": "HARD", "tyre_age_at_start": 0}, {"meeting_key": 1260, "session_key": 9987, "stint_number": 3, "driver_number": 6, "lap_start": 47, "lap_end": 63, "compound": "HARD", "tyre_age_at_start": 0}, {"meeting_key": 1260, "session_key": 9987, "stint_number": 2, "driver_number": 22, "lap_start": 30, "lap_end": 63, "compound": "MEDIUM", "tyre_age_at_start": 0}, {"meeting_key": 1260, "session_key": 9987, "stint_number": 3, "driver_number": 14, "lap_start": 47, "lap_end": 63, "compound": "MEDIUM", "tyre_age_at_start": 4}, {"meeting_key": 1260, "session_key": 9987, "stint_number": 2, "driver_number": 27, "lap_start": 30, "lap_end": 63, "compound": "MEDIUM", "tyre_age_at_start": 0}, {"meeting_key": 1260, "session_key": 9987, "stint_number": 3, "driver_number": 10, "lap_start": 30, "lap_end": 63, "compound": "HARD", "tyre_age_at_start": 0}, {"meeting_key": 1260, "session_key": 9987, "stint_number": 3, "driver_number": 30, "lap_start": 30, "lap_end": 63, "compound": "HARD", "tyre_age_at_start": 0}, {"meeting_key": 1260, "session_key": 9987, "stint_number": 3, "driver_number": 18, "lap_start": 47, "lap_end": 63, "compound": "MEDIUM", "tyre_age_at_start": 6}, {"meeting_key": 1260, "session_key": 9987, "stint_number": 3, "driver_number": 43, "lap_start": 47, "lap_end": 63, "compound": "HARD", "tyre_age_at_start": 0}, {"meeting_key": 1260, "session_key": 9987, "stint_number": 3, "driver_number": 87, "lap_start": 32, "lap_end": 63, "compound": "HARD", "tyre_age_at_start": 0}, {"meeting_key": 1260, "session_key": 9987, "stint_number": 4, "driver_number": 5, "lap_start": 47, "lap_end": 63, "compound": "MEDIUM", "tyre_age_at_start": 12}]