[{"meeting_key": 1268, "session_key": 9912, "stint_number": 1, "driver_number": 27, "lap_start": 1, "lap_end": 1, "compound": "MEDIUM", "tyre_age_at_start": 0}, {"meeting_key": 1268, "session_key": 9912, "stint_number": 1, "driver_number": 30, "lap_start": 1, "lap_end": 9, "compound": "SOFT", "tyre_age_at_start": 0}, {"meeting_key": 1268, "session_key": 9912, "stint_number": 1, "driver_number": 87, "lap_start": 1, "lap_end": 18, "compound": "MEDIUM", "tyre_age_at_start": 0}, {"meeting_key": 1268, "session_key": 9912, "stint_number": 1, "driver_number": 22, "lap_start": 1, "lap_end": 19, "compound": "MEDIUM", "tyre_age_at_start": 0}, {"meeting_key": 1268, "session_key": 9912, "stint_number": 1, "driver_number": 5, "lap_start": 1, "lap_end": 20, "compound": "MEDIUM", "tyre_age_at_start": 0}, {"meeting_key": 1268, "session_key": 9912, "stint_number": 1, "driver_number": 14, "lap_start": 1, "lap_end": 20, "compound": "MEDIUM", "tyre_age_at_start": 1}, {"meeting_key": 1268, "session_key": 9912, "stint_number": 2, "driver_number": 14, "lap_start": 21, "lap_end": 24, "compound": "HARD", "tyre_age_at_start": 1}, {"meeting_key": 1268, "session_key": 9912, "stint_number": 1, "driver_number": 63, "lap_start": 1, "lap_end": 27, "compound": "MEDIUM", "tyre_age_at_start": 0}, {"meeting_key": 1268, "session_key": 9912, "stint_number": 1, "driver_number": 12, "lap_start": 1, "lap_end": 28, "compound": "MEDIUM", "tyre_age_at_start": 0}, {"meeting_key": 1268, "session_key": 9912, "stint_number": 1, "driver_number": 55, "lap_start": 1, "lap_end": 30, "compound": "MEDIUM", "tyre_age_at_start": 0}, {"meeting_key": 1268, "session_key": 9912, "stint_number": 1, "driver_number": 6, "lap_start": 1, "lap_end": 32, "compound": "HARD", "tyre_age_at_start": 1}, {"meeting_key": 1268, "session_key": 9912, "stint_number": 1, "driver_number": 16, "lap_start": 1, "lap_end": 33, "compound": "MEDIUM", "tyre_age_at_start": 0}, {"meeting_key": 1268, "session_key": 9912, "stint_number": 1, "driver_number": 43, "lap_start": 1, "lap_end": 33, "compound": "MEDIUM", "tyre_age_at_start": 0}, {"meeting_key": 1268, "session_key": 9912, "stint_number": 1, "driver_number": 1, "lap_start": 1, "lap_end": 37, "compound": "MEDIUM", "tyre_age_at_start": 0}, {"meeting_key": 1268, "session_key": 9912, "stint_number": 1, "driver_number": 44, "lap_start": 1, "lap_end": 38, "compound": "MEDIUM", "tyre_age_at_start": 0}, {"meeting_key": 1268, "session_key": 9912, "stint_number": 1, "driver_number": 23, "lap_start": 1, "lap_end": 41, "compound": "HARD", "tyre_age_at_start": 0}, {"meeting_key": 1268, "session_key": 9912, "stint_number": 1, "driver_number": 81, "lap_start": 1, "lap_end": 45, "compound": "MEDIUM", "tyre_age_at_start": 0}, {"meeting_key": 1268, "session_key": 9912, "stint_number": 1, "driver_number": 4, "lap_start": 1, "lap_end": 46, "compound": "MEDIUM", "tyre_age_at_start": 0}, {"meeting_key": 1268, "session_key": 9912, "stint_number": 1, "driver_number": 18, "lap_start": 1, "lap_end": 49, "compound": "HARD", "tyre_age_at_start": 1}, {"meeting_key": 1268, "session_key": 9912, "stint_number": 1, "driver_number": 10, "lap_start": 1, "lap_end": 49, "compound": "HARD", "tyre_age_at_start": 0}, {"meeting_key": 1268, "session_key": 9912, "stint_number": 1, "driver_number": 31, "lap_start": 1, "lap_end": 51, "compound": "HARD", "tyre_age_at_start": 0}, {"meeting_key": 1268, "session_key": 9912, "stint_number": 2, "driver_number": 1, "lap_start": 38, "lap_end": 53, "compound": "HARD", "tyre_age_at_start": 0}, {"meeting_key": 1268, "session_key": 9912, "stint_number": 2, "driver_number": 31, "lap_start": 52, "lap_end": 52, "compound": "SOFT", "tyre_age_at_start": 0}, {"meeting_key": 1268, "session_key": 9912, "stint_number": 2, "driver_number": 10, "lap_start": 50, "lap_end": 52, "compound": "SOFT", "tyre_age_at_start": 0}, {"meeting_key": 1268, "session_key": 9912, "stint_number": 2, "driver_number": 43, "lap_start": 34, "lap_end": 52, "compound": "HARD", "tyre_age_at_start": 0}, {"meeting_key": 1268, "session_key": 9912, "stint_number": 2, "driver_number": 18, "lap_start": 50, "lap_end": 52, "compound": "SOFT", "tyre_age_at_start": 0}, {"meeting_key": 1268, "session_key": 9912, "stint_number": 2, "driver_number": 4, "lap_start": 47, "lap_end": 53, "compound": "SOFT", "tyre_age_at_start": 2}, {"meeting_key": 1268, "session_key": 9912, "stint_number": 2, "driver_number": 81, "lap_start": 46, "lap_end": 53, "compound": "SOFT", "tyre_age_at_start": 3}, {"meeting_key": 1268, "session_key": 9912, "stint_number": 2, "driver_number": 16, "lap_start": 34, "lap_end": 53, "compound": "HARD", "tyre_age_at_start": 0}, {"meeting_key": 1268, "session_key": 9912, "stint_number": 2, "driver_number": 63, "lap_start": 28, "lap_end": 53, "compound": "HARD", "tyre_age_at_start": 0}, {"meeting_key": 1268, "session_key": 9912, "stint_number": 2, "driver_number": 44, "lap_start": 39, "lap_end": 53, "compound": "HARD", "tyre_age_at_start": 0}, {"meeting_key": 1268, "session_key": 9912, "stint_number": 2, "driver_number": 23, "lap_start": 42, "lap_end": 53, "compound": "MEDIUM", "tyre_age_at_start": 0}, {"meeting_key": 1268, "session_key": 9912, "stint_number": 2, "driver_number": 12, "lap_start": 29, "lap_end": 53, "compound": "HARD", "tyre_age_at_start": 0}, {"meeting_key": 1268, "session_key": 9912, "stint_number": 2, "driver_number": 5, "lap_start": 21, "lap_end": 53, "compound": "HARD", "tyre_age_at_start": 0}, {"meeting_key": 1268, "session_key": 9912, "stint_number": 2, "driver_number": 6, "lap_start": 33, "lap_end": 53, "compound": "MEDIUM", "tyre_age_at_start": 0}, {"meeting_key": 1268, "session_key": 9912, "stint_number": 2, "driver_number": 55, "lap_start": 31, "lap_end": 53, "compound": "HARD", "tyre_age_at_start": 0}, {"meeting_key": 1268, "session_key": 9912, "stint_number": 2, "driver_number": 87, "lap_start": 19, "lap_end": 53, "compound": "HARD", "tyre_age_at_start": 0}, {"meeting_key": 1268, "session_key": 9912, "stint_number": 2, "driver_number": 22, "lap_start": 20, "lap_end": 53, "compound": "HARD", "tyre_age_at_start": 0}, {"meeting_key": 1268, "session_key": 9912, "stint_number": 2, "driver_number": 30, "lap_start": 10, "lap_end": 53, "compound": "HARD", "tyre_age_at_start": 0}]