[{"meeting_key": 1275, "session_key": 9850, "stint_number": 1, "driver_number": 27, "lap_start": 1, "lap_end": 6, "compound": "SOFT", "tyre_age_at_start": 0}, {"meeting_key": 1275, "session_key": 9850, "stint_number": 1, "driver_number": 1, "lap_start": 1, "lap_end": 7, "compound": "MEDIUM", "tyre_age_at_start": 0}, {"meeting_key": 1275, "session_key": 9850, "stint_number": 1, "driver_number": 12, "lap_start": 1, "lap_end": 7, "compound": "MEDIUM", "tyre_age_at_start": 0}, {"meeting_key": 1275, "session_key": 9850, "stint_number": 1, "driver_number": 55, "lap_start": 1, "lap_end": 7, "compound": "MEDIUM", "tyre_age_at_start": 0}, {"meeting_key": 1275, "session_key": 9850, "stint_number": 1, "driver_number": 14, "lap_start": 1, "lap_end": 7, "compound": "MEDIUM", "tyre_age_at_start": 0}, {"meeting_key": 1275, "session_key": 9850, "stint_number": 1, "driver_number": 63, "lap_start": 1, "lap_end": 7, "compound": "MEDIUM", "tyre_age_at_start": 0}, {"meeting_key": 1275, "session_key": 9850, "stint_number": 1, "driver_number": 6, "lap_start": 1, "lap_end": 7, "compound": "MEDIUM", "tyre_age_at_start": 0}, {"meeting_key": 1275, "session_key": 9850, "stint_number": 1, "driver_number": 16, "lap_start": 1, "lap_end": 7, "compound": "MEDIUM", "tyre_age_at_start": 0}, {"meeting_key": 1275, "session_key": 9850, "stint_number": 1, "driver_number": 87, "lap_start": 1, "lap_end": 7, "compound": "MEDIUM", "tyre_age_at_start": 0}, {"meeting_key": 1275, "session_key": 9850, "stint_number": 1, "driver_number": 30, "lap_start": 1, "lap_end": 7, "compound": "MEDIUM", "tyre_age_at_start": 0}, {"meeting_key": 1275, "session_key": 9850, "stint_number": 1, "driver_number": 44, "lap_start": 1, "lap_end": 7, "compound": "SOFT", "tyre_age_at_start": 0}, {"meeting_key": 1275, "session_key": 9850, "stint_number": 1, "driver_number": 22, "lap_start": 1, "lap_end": 7, "compound": "MEDIUM", "tyre_age_at_start": 0}, {"meeting_key": 1275, "session_key": 9850, "stint_number": 1, "driver_number": 23, "lap_start": 1, "lap_end": 7, "compound": "HARD", "tyre_age_at_start": 0}, {"meeting_key": 1275, "session_key": 9850, "stint_number": 1, "driver_number": 5, "lap_start": 1, "lap_end": 7, "compound": "MEDIUM", "tyre_age_at_start": 0}, {"meeting_key": 1275, "session_key": 9850, "stint_number": 1, "driver_number": 18, "lap_start": 1, "lap_end": 7, "compound": "MEDIUM", "tyre_age_at_start": 0}, {"meeting_key": 1275, "session_key": 9850, "stint_number": 1, "driver_number": 43, "lap_start": 1, "lap_end": 7, "compound": "HARD", "tyre_age_at_start": 0}, {"meeting_key": 1275, "session_key": 9850, "stint_number": 1, "driver_number": 10, "lap_start": 1, "lap_end": 7, "compound": "MEDIUM", "tyre_age_at_start": 0}, {"meeting_key": 1275, "session_key": 9850, "stint_number": 1, "driver_number": 31, "lap_start": 1, "lap_end": 8, "compound": "MEDIUM", "tyre_age_at_start": 0}, {"meeting_key": 1275, "session_key": 9850, "stint_number": 2, "driver_number": 31, "lap_start": 9, "lap_end": 9, "compound": "HARD", "tyre_age_at_start": 0}, {"meeting_key": 1275, "session_key": 9850, "stint_number": 1, "driver_number": 81, "lap_start": 1, "lap_end": 24, "compound": "MEDIUM", "tyre_age_at_start": 0}, {"meeting_key": 1275, "session_key": 9850, "stint_number": 2, "driver_number": 18, "lap_start": 8, "lap_end": 24, "compound": "MEDIUM", "tyre_age_at_start": 0}, {"meeting_key": 1275, "session_key": 9850, "stint_number": 1, "driver_number": 4, "lap_start": 1, "lap_end": 25, "compound": "MEDIUM", "tyre_age_at_start": 0}, {"meeting_key": 1275, "session_key": 9850, "stint_number": 2, "driver_number": 1, "lap_start": 8, "lap_end": 32, "compound": "MEDIUM", "tyre_age_at_start": 0}, {"meeting_key": 1275, "session_key": 9850, "stint_number": 2, "driver_number": 55, "lap_start": 8, "lap_end": 32, "compound": "MEDIUM", "tyre_age_at_start": 0}, {"meeting_key": 1275, "session_key": 9850, "stint_number": 2, "driver_number": 12, "lap_start": 8, "lap_end": 32, "compound": "MEDIUM", "tyre_age_at_start": 0}, {"meeting_key": 1275, "session_key": 9850, "stint_number": 2, "driver_number": 14, "lap_start": 8, "lap_end": 32, "compound": "MEDIUM", "tyre_age_at_start": 0}, {"meeting_key": 1275, "session_key": 9850, "stint_number": 2, "driver_number": 6, "lap_start": 8, "lap_end": 32, "compound": "MEDIUM", "tyre_age_at_start": 0}, {"meeting_key": 1275, "session_key": 9850, "stint_number": 2, "driver_number": 63, "lap_start": 8, "lap_end": 32, "compound": "MEDIUM", "tyre_age_at_start": 0}, {"meeting_key": 1275, "session_key": 9850, "stint_number": 2, "driver_number": 16, "lap_start": 8, "lap_end": 32, "compound": "MEDIUM", "tyre_age_at_start": 0}, {"meeting_key": 1275, "session_key": 9850, "stint_number": 2, "driver_number": 87, "lap_start": 8, "lap_end": 32, "compound": "MEDIUM", "tyre_age_at_start": 0}, {"meeting_key": 1275, "session_key": 9850, "stint_number": 2, "driver_number": 30, "lap_start": 8, "lap_end": 32, "compound": "MEDIUM", "tyre_age_at_start": 0}, {"meeting_key": 1275, "session_key": 9850, "stint_number": 2, "driver_number": 22, "lap_start": 8, "lap_end": 32, "compound": "MEDIUM", "tyre_age_at_start": 0}, {"meeting_key": 1275, "session_key": 9850, "stint_number": 2, "driver_number": 23, "lap_start": 8, "lap_end": 32, "compound": "MEDIUM", "tyre_age_at_start": 0}, {"meeting_key": 1275, "session_key": 9850, "stint_number": 2, "driver_number": 44, "lap_start": 8, "lap_end": 32, "compound": "MEDIUM", "tyre_age_at_start": 0}, {"meeting_key": 1275, "session_key": 9850, "stint_number": 2, "driver_number": 5, "lap_start": 8, "lap_end": 32, "compound": "MEDIUM", "tyre_age_at_start": 0}, {"meeting_key": 1275, "session_key": 9850, "stint_number": 2, "driver_number": 43, "lap_start": 8, "lap_end": 32, "compound": "MEDIUM", "tyre_age_at_start": 0}, {"meeting_key": 1275, "session_key": 9850, "stint_number": 2, "driver_number": 10, "lap_start": 8, "lap_end": 32, "compound": "HARD", "tyre_age_at_start": 0}, {"meeting_key": 1275, "session_key": 9850, "stint_number": 3, "driver_number": 31, "lap_start": 10, "lap_end": 34, "compound": "MEDIUM", "tyre_age_at_start": 0}, {"meeting_key": 1275, "session_key": 9850, "stint_number": 3, "driver_number": 87, "lap_start": 33, "lap_end": 40, "compound": "HARD", "tyre_age_at_start": 0}, {"meeting_key": 1275, "session_key": 9850, "stint_number": 2, "driver_number": 81, "lap_start": 25, "lap_end": 42, "compound": "MEDIUM", "tyre_age_at_start": 0}, {"meeting_key": 1275, "session_key": 9850, "stint_number": 4, "driver_number": 87, "lap_start": 41, "lap_end": 41, "compound": "HARD", "tyre_age_at_start": 8}, {"meeting_key": 1275, "session_key": 9850, "stint_number": 2, "driver_number": 4, "lap_start": 26, "lap_end": 44, "compound": "MEDIUM", "tyre_age_at_start": 0}, {"meeting_key": 1275, "session_key": 9850, "stint_number": 3, "driver_number": 18, "lap_start": 25, "lap_end": 49, "compound": "MEDIUM", "tyre_age_at_start": 0}, {"meeting_key": 1275, "session_key": 9850, "stint_number": 4, "driver_number": 18, "lap_start": 50, "lap_end": 55, "compound": "SOFT", "tyre_age_at_start": 0}, {"meeting_key": 1275, "session_key": 9850, "stint_number": 3, "driver_number": 6, "lap_start": 33, "lap_end": 55, "compound": "HARD", "tyre_age_at_start": 0}, {"meeting_key": 1275, "session_key": 9850, "stint_number": 3, "driver_number": 1, "lap_start": 33, "lap_end": 57, "compound": "HARD", "tyre_age_at_start": 0}, {"meeting_key": 1275, "session_key": 9850, "stint_number": 3, "driver_number": 43, "lap_start": 33, "lap_end": 56, "compound": "MEDIUM", "tyre_age_at_start": 0}, {"meeting_key": 1275, "session_key": 9850, "stint_number": 4, "driver_number": 31, "lap_start": 35, "lap_end": 56, "compound": "HARD", "tyre_age_at_start": 1}, {"meeting_key": 1275, "session_key": 9850, "stint_number": 3, "driver_number": 10, "lap_start": 33, "lap_end": 56, "compound": "MEDIUM", "tyre_age_at_start": 0}, {"meeting_key": 1275, "session_key": 9850, "stint_number": 3, "driver_number": 81, "lap_start": 43, "lap_end": 57, "compound": "HARD", "tyre_age_at_start": 0}, {"meeting_key": 1275, "session_key": 9850, "stint_number": 3, "driver_number": 55, "lap_start": 33, "lap_end": 57, "compound": "HARD", "tyre_age_at_start": 0}, {"meeting_key": 1275, "session_key": 9850, "stint_number": 3, "driver_number": 4, "lap_start": 45, "lap_end": 57, "compound": "HARD", "tyre_age_at_start": 0}, {"meeting_key": 1275, "session_key": 9850, "stint_number": 3, "driver_number": 12, "lap_start": 33, "lap_end": 57, "compound": "HARD", "tyre_age_at_start": 0}, {"meeting_key": 1275, "session_key": 9850, "stint_number": 3, "driver_number": 63, "lap_start": 33, "lap_end": 57, "compound": "HARD", "tyre_age_at_start": 0}, {"meeting_key": 1275, "session_key": 9850, "stint_number": 3, "driver_number": 14, "lap_start": 33, "lap_end": 57, "compound": "HARD", "tyre_age_at_start": 0}, {"meeting_key": 1275, "session_key": 9850, "stint_number": 3, "driver_number": 16, "lap_start": 33, "lap_end": 57, "compound": "HARD", "tyre_age_at_start": 0}, {"meeting_key": 1275, "session_key": 9850, "stint_number": 3, "driver_number": 30, "lap_start": 33, "lap_end": 57, "compound": "HARD", "tyre_age_at_start": 0}, {"meeting_key": 1275, "session_key": 9850, "stint_number": 3, "driver_number": 22, "lap_start": 33, "lap_end": 57, "compound": "HARD", "tyre_age_at_start": 0}, {"meeting_key": 1275, "session_key": 9850, "stint_number": 3, "driver_number": 23, "lap_start": 33, "lap_end": 57, "compound": "MEDIUM", "tyre_age_at_start": 0}, {"meeting_key": 1275, "session_key": 9850, "stint_number": 3, "driver_number": 44, "lap_start": 33, "lap_end": 57, "compound": "MEDIUM", "tyre_age_at_start": 0}, {"meeting_key": 1275, "session_key": 9850, "stint_number": 3, "driver_number": 5, "lap_start": 33, "lap_end": 57, "compound": "SOFT", "tyre_age_at_start": 0}]