[{"meeting_key": 1250, "session_key": 9644, "stint_number": 1, "driver_number": 77, "lap_start": 1, "lap_end": 17, "compound": "HARD", "tyre_age_at_start": 0}, {"meeting_key": 1250, "session_key": 9644, "stint_number": 1, "driver_number": 63, "lap_start": 1, "lap_end": 12, "compound": "MEDIUM", "tyre_age_at_start": 1}, {"meeting_key": 1250, "session_key": 9644, "stint_number": 1, "driver_number": 1, "lap_start": 1, "lap_end": 11, "compound": "MEDIUM", "tyre_age_at_start": 0}, {"meeting_key": 1250, "session_key": 9644, "stint_number": 1, "driver_number": 27, "lap_start": 1, "lap_end": 14, "compound": "MEDIUM", "tyre_age_at_start": 0}, {"meeting_key": 1250, "session_key": 9644, "stint_number": 1, "driver_number": 22, "lap_start": 1, "lap_end": 10, "compound": "MEDIUM", "tyre_age_at_start": 0}, {"meeting_key": 1250, "session_key": 9644, "stint_number": 1, "driver_number": 23, "lap_start": 1, "lap_end": 9, "compound": "MEDIUM", "tyre_age_at_start": 0}, {"meeting_key": 1250, "session_key": 9644, "stint_number": 1, "driver_number": 43, "lap_start": 1, "lap_end": 16, "compound": "HARD", "tyre_age_at_start": 0}, {"meeting_key": 1250, "session_key": 9644, "stint_number": 1, "driver_number": 11, "lap_start": 1, "lap_end": 17, "compound": "HARD", "tyre_age_at_start": 0}, {"meeting_key": 1250, "session_key": 9644, "stint_number": 1, "driver_number": 18, "lap_start": 1, "lap_end": 9, "compound": "MEDIUM", "tyre_age_at_start": 1}, {"meeting_key": 1250, "session_key": 9644, "stint_number": 1, "driver_number": 4, "lap_start": 1, "lap_end": 9, "compound": "MEDIUM", "tyre_age_at_start": 0}, {"meeting_key": 1250, "session_key": 9644, "stint_number": 1, "driver_number": 44, "lap_start": 1, "lap_end": 13, "compound": "MEDIUM", "tyre_age_at_start": 0}, {"meeting_key": 1250, "session_key": 9644, "stint_number": 1, "driver_number": 24, "lap_start": 1, "lap_end": 11, "compound": "MEDIUM", "tyre_age_at_start": 1}, {"meeting_key": 1250, "session_key": 9644, "stint_number": 1, "driver_number": 55, "lap_start": 1, "lap_end": 10, "compound": "MEDIUM", "tyre_age_at_start": 0}, {"meeting_key": 1250, "session_key": 9644, "stint_number": 1, "driver_number": 30, "lap_start": 1, "lap_end": 11, "compound": "MEDIUM", "tyre_age_at_start": 0}, {"meeting_key": 1250, "session_key": 9644, "stint_number": 1, "driver_number": 14, "lap_start": 1, "lap_end": 4, "compound": "SOFT", "tyre_age_at_start": 0}, {"meeting_key": 1250, "session_key": 9644, "stint_number": 1, "driver_number": 20, "lap_start": 1, "lap_end": 17, "compound": "MEDIUM", "tyre_age_at_start": 0}, {"meeting_key": 1250, "session_key": 9644, "stint_number": 1, "driver_number": 10, "lap_start": 1, "lap_end": 10, "compound": "MEDIUM", "tyre_age_at_start": 0}, {"meeting_key": 1250, "session_key": 9644, "stint_number": 1, "driver_number": 16, "lap_start": 1, "lap_end": 9, "compound": "MEDIUM", "tyre_age_at_start": 0}, {"meeting_key": 1250, "session_key": 9644, "stint_number": 1, "driver_number": 81, "lap_start": 1, "lap_end": 10, "compound": "MEDIUM", "tyre_age_at_start": 0}, {"meeting_key": 1250, "session_key": 9644, "stint_number": 1, "driver_number": 31, "lap_start": 1, "lap_end": 11, "compound": "MEDIUM", "tyre_age_at_start": 0}, {"meeting_key": 1250, "session_key": 9644, "stint_number": 2, "driver_number": 14, "lap_start": 5, "lap_end": 24, "compound": "HARD", "tyre_age_at_start": 0}, {"meeting_key": 1250, "session_key": 9644, "stint_number": 2, "driver_number": 16, "lap_start": 10, "lap_end": 31, "compound": "HARD", "tyre_age_at_start": 0}, {"meeting_key": 1250, "session_key": 9644, "stint_number": 2, "driver_number": 4, "lap_start": 10, "lap_end": 30, "compound": "HARD", "tyre_age_at_start": 0}, {"meeting_key": 1250, "session_key": 9644, "stint_number": 2, "driver_number": 23, "lap_start": 10, "lap_end": 25, "compound": "HARD", "tyre_age_at_start": 0}, {"meeting_key": 1250, "session_key": 9644, "stint_number": 2, "driver_number": 18, "lap_start": 10, "lap_end": 28, "compound": "HARD", "tyre_age_at_start": 0}, {"meeting_key": 1250, "session_key": 9644, "stint_number": 2, "driver_number": 55, "lap_start": 11, "lap_end": 28, "compound": "HARD", "tyre_age_at_start": 0}, {"meeting_key": 1250, "session_key": 9644, "stint_number": 2, "driver_number": 22, "lap_start": 11, "lap_end": 29, "compound": "HARD", "tyre_age_at_start": 0}, {"meeting_key": 1250, "session_key": 9644, "stint_number": 2, "driver_number": 10, "lap_start": 11, "lap_end": 15, "compound": "HARD", "tyre_age_at_start": 0}, {"meeting_key": 1250, "session_key": 9644, "stint_number": 2, "driver_number": 81, "lap_start": 11, "lap_end": 25, "compound": "HARD", "tyre_age_at_start": 0}, {"meeting_key": 1250, "session_key": 9644, "stint_number": 2, "driver_number": 1, "lap_start": 12, "lap_end": 27, "compound": "HARD", "tyre_age_at_start": 0}, {"meeting_key": 1250, "session_key": 9644, "stint_number": 2, "driver_number": 31, "lap_start": 12, "lap_end": 12, "compound": "MEDIUM", "tyre_age_at_start": 0}, {"meeting_key": 1250, "session_key": 9644, "stint_number": 2, "driver_number": 24, "lap_start": 12, "lap_end": 34, "compound": "HARD", "tyre_age_at_start": 0}, {"meeting_key": 1250, "session_key": 9644, "stint_number": 2, "driver_number": 30, "lap_start": 12, "lap_end": 38, "compound": "HARD", "tyre_age_at_start": 1}, {"meeting_key": 1250, "session_key": 9644, "stint_number": 2, "driver_number": 63, "lap_start": 13, "lap_end": 32, "compound": "HARD", "tyre_age_at_start": 1}, {"meeting_key": 1250, "session_key": 9644, "stint_number": 3, "driver_number": 31, "lap_start": 13, "lap_end": 45, "compound": "HARD", "tyre_age_at_start": 0}, {"meeting_key": 1250, "session_key": 9644, "stint_number": 2, "driver_number": 44, "lap_start": 14, "lap_end": 27, "compound": "HARD", "tyre_age_at_start": 1}, {"meeting_key": 1250, "session_key": 9644, "stint_number": 2, "driver_number": 27, "lap_start": 15, "lap_end": 33, "compound": "HARD", "tyre_age_at_start": 0}, {"meeting_key": 1250, "session_key": 9644, "stint_number": 2, "driver_number": 43, "lap_start": 17, "lap_end": 26, "compound": "MEDIUM", "tyre_age_at_start": 0}, {"meeting_key": 1250, "session_key": 9644, "stint_number": 2, "driver_number": 11, "lap_start": 18, "lap_end": 32, "compound": "MEDIUM", "tyre_age_at_start": 0}, {"meeting_key": 1250, "session_key": 9644, "stint_number": 2, "driver_number": 77, "lap_start": 18, "lap_end": 35, "compound": "MEDIUM", "tyre_age_at_start": 0}, {"meeting_key": 1250, "session_key": 9644, "stint_number": 2, "driver_number": 20, "lap_start": 18, "lap_end": 50, "compound": "HARD", "tyre_age_at_start": 0}, {"meeting_key": 1250, "session_key": 9644, "stint_number": 3, "driver_number": 14, "lap_start": 25, "lap_end": 50, "compound": "HARD", "tyre_age_at_start": 1}, {"meeting_key": 1250, "session_key": 9644, "stint_number": 3, "driver_number": 81, "lap_start": 26, "lap_end": 50, "compound": "HARD", "tyre_age_at_start": 0}, {"meeting_key": 1250, "session_key": 9644, "stint_number": 3, "driver_number": 43, "lap_start": 27, "lap_end": 50, "compound": "HARD", "tyre_age_at_start": 0}, {"meeting_key": 1250, "session_key": 9644, "stint_number": 3, "driver_number": 1, "lap_start": 28, "lap_end": 50, "compound": "HARD", "tyre_age_at_start": 0}, {"meeting_key": 1250, "session_key": 9644, "stint_number": 3, "driver_number": 44, "lap_start": 28, "lap_end": 50, "compound": "HARD", "tyre_age_at_start": 1}, {"meeting_key": 1250, "session_key": 9644, "stint_number": 3, "driver_number": 55, "lap_start": 29, "lap_end": 50, "compound": "HARD", "tyre_age_at_start": 0}, {"meeting_key": 1250, "session_key": 9644, "stint_number": 3, "driver_number": 18, "lap_start": 29, "lap_end": 50, "compound": "HARD", "tyre_age_at_start": 0}, {"meeting_key": 1250, "session_key": 9644, "stint_number": 3, "driver_number": 22, "lap_start": 30, "lap_end": 50, "compound": "HARD", "tyre_age_at_start": 1}, {"meeting_key": 1250, "session_key": 9644, "stint_number": 3, "driver_number": 4, "lap_start": 31, "lap_end": 48, "compound": "HARD", "tyre_age_at_start": 0}, {"meeting_key": 1250, "session_key": 9644, "stint_number": 3, "driver_number": 16, "lap_start": 32, "lap_end": 50, "compound": "HARD", "tyre_age_at_start": 0}, {"meeting_key": 1250, "session_key": 9644, "stint_number": 3, "driver_number": 63, "lap_start": 33, "lap_end": 50, "compound": "HARD", "tyre_age_at_start": 0}, {"meeting_key": 1250, "session_key": 9644, "stint_number": 3, "driver_number": 11, "lap_start": 33, "lap_end": 50, "compound": "HARD", "tyre_age_at_start": 0}, {"meeting_key": 1250, "session_key": 9644, "stint_number": 3, "driver_number": 27, "lap_start": 34, "lap_end": 50, "compound": "HARD", "tyre_age_at_start": 0}, {"meeting_key": 1250, "session_key": 9644, "stint_number": 3, "driver_number": 24, "lap_start": 35, "lap_end": 50, "compound": "HARD", "tyre_age_at_start": 0}, {"meeting_key": 1250, "session_key": 9644, "stint_number": 3, "driver_number": 77, "lap_start": 36, "lap_end": 49, "compound": "HARD", "tyre_age_at_start": 0}, {"meeting_key": 1250, "session_key": 9644, "stint_number": 3, "driver_number": 30, "lap_start": 39, "lap_end": 50, "compound": "HARD", "tyre_age_at_start": 1}, {"meeting_key": 1250, "session_key": 9644, "stint_number": 4, "driver_number": 31, "lap_start": 46, "lap_end": 49, "compound": "SOFT", "tyre_age_at_start": 0}, {"meeting_key": 1250, "session_key": 9644, "stint_number": 4, "driver_number": 4, "lap_start": 49, "lap_end": 50, "compound": "SOFT", "tyre_age_at_start": 4}]