[{"meeting_key": 1238, "session_key": 9539, "stint_number": 1, "driver_number": 63, "lap_start": 1, "lap_end": 15, "compound": "SOFT", "tyre_age_at_start": 3}, {"meeting_key": 1238, "session_key": 9539, "stint_number": 1, "driver_number": 23, "lap_start": 1, "lap_end": 18, "compound": "MEDIUM", "tyre_age_at_start": 0}, {"meeting_key": 1238, "session_key": 9539, "stint_number": 1, "driver_number": 18, "lap_start": 1, "lap_end": 17, "compound": "SOFT", "tyre_age_at_start": 0}, {"meeting_key": 1238, "session_key": 9539, "stint_number": 1, "driver_number": 44, "lap_start": 1, "lap_end": 16, "compound": "SOFT", "tyre_age_at_start": 8}, {"meeting_key": 1238, "session_key": 9539, "stint_number": 1, "driver_number": 3, "lap_start": 1, "lap_end": 16, "compound": "SOFT", "tyre_age_at_start": 0}, {"meeting_key": 1238, "session_key": 9539, "stint_number": 1, "driver_number": 14, "lap_start": 1, "lap_end": 19, "compound": "SOFT", "tyre_age_at_start": 0}, {"meeting_key": 1238, "session_key": 9539, "stint_number": 1, "driver_number": 55, "lap_start": 1, "lap_end": 15, "compound": "SOFT", "tyre_age_at_start": 0}, {"meeting_key": 1238, "session_key": 9539, "stint_number": 1, "driver_number": 4, "lap_start": 1, "lap_end": 23, "compound": "SOFT", "tyre_age_at_start": 0}, {"meeting_key": 1238, "session_key": 9539, "stint_number": 1, "driver_number": 10, "lap_start": 1, "lap_end": 14, "compound": "SOFT", "tyre_age_at_start": 3}, {"meeting_key": 1238, "session_key": 9539, "stint_number": 1, "driver_number": 24, "lap_start": 1, "lap_end": 9, "compound": "SOFT", "tyre_age_at_start": 0}, {"meeting_key": 1238, "session_key": 9539, "stint_number": 1, "driver_number": 81, "lap_start": 1, "lap_end": 21, "compound": "SOFT", "tyre_age_at_start": 3}, {"meeting_key": 1238, "session_key": 9539, "stint_number": 1, "driver_number": 2, "lap_start": 1, "lap_end": 14, "compound": "SOFT", "tyre_age_at_start": 0}, {"meeting_key": 1238, "session_key": 9539, "stint_number": 1, "driver_number": 31, "lap_start": 1, "lap_end": 13, "compound": "SOFT", "tyre_age_at_start": 3}, {"meeting_key": 1238, "session_key": 9539, "stint_number": 1, "driver_number": 20, "lap_start": 1, "lap_end": 10, "compound": "SOFT", "tyre_age_at_start": 0}, {"meeting_key": 1238, "session_key": 9539, "stint_number": 1, "driver_number": 77, "lap_start": 1, "lap_end": 11, "compound": "SOFT", "tyre_age_at_start": 0}, {"meeting_key": 1238, "session_key": 9539, "stint_number": 1, "driver_number": 1, "lap_start": 1, "lap_end": 17, "compound": "SOFT", "tyre_age_at_start": 3}, {"meeting_key": 1238, "session_key": 9539, "stint_number": 1, "driver_number": 27, "lap_start": 1, "lap_end": 12, "compound": "SOFT", "tyre_age_at_start": 0}, {"meeting_key": 1238, "session_key": 9539, "stint_number": 1, "driver_number": 16, "lap_start": 1, "lap_end": 24, "compound": "SOFT", "tyre_age_at_start": 0}, {"meeting_key": 1238, "session_key": 9539, "stint_number": 1, "driver_number": 22, "lap_start": 1, "lap_end": 9, "compound": "SOFT", "tyre_age_at_start": 0}, {"meeting_key": 1238, "session_key": 9539, "stint_number": 1, "driver_number": 11, "lap_start": 1, "lap_end": 13, "compound": "SOFT", "tyre_age_at_start": 3}, {"meeting_key": 1238, "session_key": 9539, "stint_number": 2, "driver_number": 22, "lap_start": 10, "lap_end": 27, "compound": "MEDIUM", "tyre_age_at_start": 0}, {"meeting_key": 1238, "session_key": 9539, "stint_number": 2, "driver_number": 24, "lap_start": 10, "lap_end": 41, "compound": "MEDIUM", "tyre_age_at_start": 0}, {"meeting_key": 1238, "session_key": 9539, "stint_number": 2, "driver_number": 20, "lap_start": 11, "lap_end": 29, "compound": "MEDIUM", "tyre_age_at_start": 0}, {"meeting_key": 1238, "session_key": 9539, "stint_number": 2, "driver_number": 77, "lap_start": 12, "lap_end": 28, "compound": "SOFT", "tyre_age_at_start": 3}, {"meeting_key": 1238, "session_key": 9539, "stint_number": 2, "driver_number": 27, "lap_start": 13, "lap_end": 38, "compound": "MEDIUM", "tyre_age_at_start": 0}, {"meeting_key": 1238, "session_key": 9539, "stint_number": 2, "driver_number": 31, "lap_start": 14, "lap_end": 37, "compound": "MEDIUM", "tyre_age_at_start": 0}, {"meeting_key": 1238, "session_key": 9539, "stint_number": 2, "driver_number": 11, "lap_start": 14, "lap_end": 31, "compound": "SOFT", "tyre_age_at_start": 3}, {"meeting_key": 1238, "session_key": 9539, "stint_number": 2, "driver_number": 10, "lap_start": 15, "lap_end": 38, "compound": "MEDIUM", "tyre_age_at_start": 0}, {"meeting_key": 1238, "session_key": 9539, "stint_number": 2, "driver_number": 2, "lap_start": 15, "lap_end": 34, "compound": "MEDIUM", "tyre_age_at_start": 0}, {"meeting_key": 1238, "session_key": 9539, "stint_number": 2, "driver_number": 55, "lap_start": 16, "lap_end": 36, "compound": "MEDIUM", "tyre_age_at_start": 0}, {"meeting_key": 1238, "session_key": 9539, "stint_number": 2, "driver_number": 63, "lap_start": 16, "lap_end": 36, "compound": "MEDIUM", "tyre_age_at_start": 0}, {"meeting_key": 1238, "session_key": 9539, "stint_number": 2, "driver_number": 44, "lap_start": 17, "lap_end": 43, "compound": "MEDIUM", "tyre_age_at_start": 0}, {"meeting_key": 1238, "session_key": 9539, "stint_number": 2, "driver_number": 3, "lap_start": 17, "lap_end": 42, "compound": "MEDIUM", "tyre_age_at_start": 0}, {"meeting_key": 1238, "session_key": 9539, "stint_number": 2, "driver_number": 1, "lap_start": 18, "lap_end": 44, "compound": "MEDIUM", "tyre_age_at_start": 0}, {"meeting_key": 1238, "session_key": 9539, "stint_number": 2, "driver_number": 18, "lap_start": 18, "lap_end": 37, "compound": "MEDIUM", "tyre_age_at_start": 1}, {"meeting_key": 1238, "session_key": 9539, "stint_number": 2, "driver_number": 23, "lap_start": 19, "lap_end": 43, "compound": "SOFT", "tyre_age_at_start": 0}, {"meeting_key": 1238, "session_key": 9539, "stint_number": 2, "driver_number": 14, "lap_start": 20, "lap_end": 45, "compound": "MEDIUM", "tyre_age_at_start": 1}, {"meeting_key": 1238, "session_key": 9539, "stint_number": 2, "driver_number": 81, "lap_start": 22, "lap_end": 46, "compound": "MEDIUM", "tyre_age_at_start": 0}, {"meeting_key": 1238, "session_key": 9539, "stint_number": 2, "driver_number": 4, "lap_start": 24, "lap_end": 47, "compound": "MEDIUM", "tyre_age_at_start": 0}, {"meeting_key": 1238, "session_key": 9539, "stint_number": 2, "driver_number": 16, "lap_start": 25, "lap_end": 47, "compound": "MEDIUM", "tyre_age_at_start": 0}, {"meeting_key": 1238, "session_key": 9539, "stint_number": 3, "driver_number": 22, "lap_start": 28, "lap_end": 44, "compound": "HARD", "tyre_age_at_start": 0}, {"meeting_key": 1238, "session_key": 9539, "stint_number": 3, "driver_number": 77, "lap_start": 29, "lap_end": 65, "compound": "HARD", "tyre_age_at_start": 0}, {"meeting_key": 1238, "session_key": 9539, "stint_number": 3, "driver_number": 20, "lap_start": 30, "lap_end": 65, "compound": "HARD", "tyre_age_at_start": 0}, {"meeting_key": 1238, "session_key": 9539, "stint_number": 3, "driver_number": 11, "lap_start": 32, "lap_end": 49, "compound": "MEDIUM", "tyre_age_at_start": 0}, {"meeting_key": 1238, "session_key": 9539, "stint_number": 3, "driver_number": 2, "lap_start": 35, "lap_end": 64, "compound": "HARD", "tyre_age_at_start": 0}, {"meeting_key": 1238, "session_key": 9539, "stint_number": 3, "driver_number": 63, "lap_start": 37, "lap_end": 66, "compound": "HARD", "tyre_age_at_start": 0}, {"meeting_key": 1238, "session_key": 9539, "stint_number": 3, "driver_number": 55, "lap_start": 37, "lap_end": 66, "compound": "HARD", "tyre_age_at_start": 0}, {"meeting_key": 1238, "session_key": 9539, "stint_number": 3, "driver_number": 31, "lap_start": 38, "lap_end": 66, "compound": "HARD", "tyre_age_at_start": 0}, {"meeting_key": 1238, "session_key": 9539, "stint_number": 3, "driver_number": 18, "lap_start": 38, "lap_end": 65, "compound": "HARD", "tyre_age_at_start": 1}, {"meeting_key": 1238, "session_key": 9539, "stint_number": 3, "driver_number": 10, "lap_start": 39, "lap_end": 66, "compound": "HARD", "tyre_age_at_start": 0}, {"meeting_key": 1238, "session_key": 9539, "stint_number": 3, "driver_number": 27, "lap_start": 39, "lap_end": 66, "compound": "HARD", "tyre_age_at_start": 0}, {"meeting_key": 1238, "session_key": 9539, "stint_number": 3, "driver_number": 24, "lap_start": 42, "lap_end": 65, "compound": "HARD", "tyre_age_at_start": 0}, {"meeting_key": 1238, "session_key": 9539, "stint_number": 3, "driver_number": 3, "lap_start": 43, "lap_end": 65, "compound": "HARD", "tyre_age_at_start": 0}, {"meeting_key": 1238, "session_key": 9539, "stint_number": 3, "driver_number": 44, "lap_start": 44, "lap_end": 66, "compound": "SOFT", "tyre_age_at_start": 3}, {"meeting_key": 1238, "session_key": 9539, "stint_number": 3, "driver_number": 1, "lap_start": 45, "lap_end": 66, "compound": "SOFT", "tyre_age_at_start": 0}, {"meeting_key": 1238, "session_key": 9539, "stint_number": 3, "driver_number": 23, "lap_start": 44, "lap_end": 65, "compound": "SOFT", "tyre_age_at_start": 0}, {"meeting_key": 1238, "session_key": 9539, "stint_number": 4, "driver_number": 22, "lap_start": 45, "lap_end": 65, "compound": "SOFT", "tyre_age_at_start": 0}, {"meeting_key": 1238, "session_key": 9539, "stint_number": 3, "driver_number": 14, "lap_start": 46, "lap_end": 65, "compound": "HARD", "tyre_age_at_start": 0}, {"meeting_key": 1238, "session_key": 9539, "stint_number": 3, "driver_number": 81, "lap_start": 47, "lap_end": 66, "compound": "SOFT", "tyre_age_at_start": 3}, {"meeting_key": 1238, "session_key": 9539, "stint_number": 3, "driver_number": 4, "lap_start": 48, "lap_end": 66, "compound": "SOFT", "tyre_age_at_start": 0}, {"meeting_key": 1238, "session_key": 9539, "stint_number": 3, "driver_number": 16, "lap_start": 48, "lap_end": 66, "compound": "SOFT", "tyre_age_at_start": 3}, {"meeting_key": 1238, "session_key": 9539, "stint_number": 4, "driver_number": 11, "lap_start": 50, "lap_end": 66, "compound": "SOFT", "tyre_age_at_start": 3}]