[{"meeting_key": 1230, "session_key": 9480, "stint_number": 1, "driver_number": 22, "lap_start": 1, "lap_end": 7, "compound": "MEDIUM", "tyre_age_at_start": 0}, {"meeting_key": 1230, "session_key": 9480, "stint_number": 1, "driver_number": 2, "lap_start": 1, "lap_end": 7, "compound": "MEDIUM", "tyre_age_at_start": 0}, {"meeting_key": 1230, "session_key": 9480, "stint_number": 1, "driver_number": 11, "lap_start": 1, "lap_end": 7, "compound": "MEDIUM", "tyre_age_at_start": 0}, {"meeting_key": 1230, "session_key": 9480, "stint_number": 1, "driver_number": 23, "lap_start": 1, "lap_end": 7, "compound": "MEDIUM", "tyre_age_at_start": 0}, {"meeting_key": 1230, "session_key": 9480, "stint_number": 1, "driver_number": 63, "lap_start": 1, "lap_end": 7, "compound": "MEDIUM", "tyre_age_at_start": 0}, {"meeting_key": 1230, "session_key": 9480, "stint_number": 1, "driver_number": 18, "lap_start": 1, "lap_end": 5, "compound": "MEDIUM", "tyre_age_at_start": 1}, {"meeting_key": 1230, "session_key": 9480, "stint_number": 1, "driver_number": 44, "lap_start": 1, "lap_end": 36, "compound": "MEDIUM", "tyre_age_at_start": 0}, {"meeting_key": 1230, "session_key": 9480, "stint_number": 1, "driver_number": 3, "lap_start": 1, "lap_end": 7, "compound": "MEDIUM", "tyre_age_at_start": 0}, {"meeting_key": 1230, "session_key": 9480, "stint_number": 1, "driver_number": 14, "lap_start": 1, "lap_end": 7, "compound": "MEDIUM", "tyre_age_at_start": 1}, {"meeting_key": 1230, "session_key": 9480, "stint_number": 1, "driver_number": 4, "lap_start": 1, "lap_end": 37, "compound": "MEDIUM", "tyre_age_at_start": 0}, {"meeting_key": 1230, "session_key": 9480, "stint_number": 1, "driver_number": 24, "lap_start": 1, "lap_end": 41, "compound": "MEDIUM", "tyre_age_at_start": 0}, {"meeting_key": 1230, "session_key": 9480, "stint_number": 1, "driver_number": 10, "lap_start": 1, "lap_end": 1, "compound": "MEDIUM", "tyre_age_at_start": 0}, {"meeting_key": 1230, "session_key": 9480, "stint_number": 1, "driver_number": 81, "lap_start": 1, "lap_end": 7, "compound": "MEDIUM", "tyre_age_at_start": 0}, {"meeting_key": 1230, "session_key": 9480, "stint_number": 1, "driver_number": 20, "lap_start": 1, "lap_end": 7, "compound": "MEDIUM", "tyre_age_at_start": 0}, {"meeting_key": 1230, "session_key": 9480, "stint_number": 1, "driver_number": 31, "lap_start": 1, "lap_end": 7, "compound": "MEDIUM", "tyre_age_at_start": 0}, {"meeting_key": 1230, "session_key": 9480, "stint_number": 1, "driver_number": 77, "lap_start": 1, "lap_end": 7, "compound": "SOFT", "tyre_age_at_start": 0}, {"meeting_key": 1230, "session_key": 9480, "stint_number": 1, "driver_number": 1, "lap_start": 1, "lap_end": 7, "compound": "MEDIUM", "tyre_age_at_start": 0}, {"meeting_key": 1230, "session_key": 9480, "stint_number": 1, "driver_number": 27, "lap_start": 1, "lap_end": 33, "compound": "MEDIUM", "tyre_age_at_start": 0}, {"meeting_key": 1230, "session_key": 9480, "stint_number": 1, "driver_number": 16, "lap_start": 1, "lap_end": 7, "compound": "MEDIUM", "tyre_age_at_start": 0}, {"meeting_key": 1230, "session_key": 9480, "stint_number": 1, "driver_number": 38, "lap_start": 1, "lap_end": 7, "compound": "SOFT", "tyre_age_at_start": 0}, {"meeting_key": 1230, "session_key": 9480, "stint_number": 2, "driver_number": 1, "lap_start": 8, "lap_end": 50, "compound": "HARD", "tyre_age_at_start": 0}, {"meeting_key": 1230, "session_key": 9480, "stint_number": 2, "driver_number": 11, "lap_start": 8, "lap_end": 50, "compound": "HARD", "tyre_age_at_start": 0}, {"meeting_key": 1230, "session_key": 9480, "stint_number": 2, "driver_number": 16, "lap_start": 8, "lap_end": 50, "compound": "HARD", "tyre_age_at_start": 0}, {"meeting_key": 1230, "session_key": 9480, "stint_number": 2, "driver_number": 14, "lap_start": 8, "lap_end": 50, "compound": "HARD", "tyre_age_at_start": 1}, {"meeting_key": 1230, "session_key": 9480, "stint_number": 2, "driver_number": 81, "lap_start": 8, "lap_end": 50, "compound": "HARD", "tyre_age_at_start": 1}, {"meeting_key": 1230, "session_key": 9480, "stint_number": 2, "driver_number": 63, "lap_start": 8, "lap_end": 50, "compound": "HARD", "tyre_age_at_start": 0}, {"meeting_key": 1230, "session_key": 9480, "stint_number": 2, "driver_number": 20, "lap_start": 8, "lap_end": 50, "compound": "HARD", "tyre_age_at_start": 0}, {"meeting_key": 1230, "session_key": 9480, "stint_number": 2, "driver_number": 22, "lap_start": 8, "lap_end": 49, "compound": "HARD", "tyre_age_at_start": 0}, {"meeting_key": 1230, "session_key": 9480, "stint_number": 2, "driver_number": 38, "lap_start": 8, "lap_end": 50, "compound": "HARD", "tyre_age_at_start": 0}, {"meeting_key": 1230, "session_key": 9480, "stint_number": 2, "driver_number": 23, "lap_start": 8, "lap_end": 50, "compound": "HARD", "tyre_age_at_start": 0}, {"meeting_key": 1230, "session_key": 9480, "stint_number": 2, "driver_number": 77, "lap_start": 8, "lap_end": 35, "compound": "HARD", "tyre_age_at_start": 0}, {"meeting_key": 1230, "session_key": 9480, "stint_number": 2, "driver_number": 2, "lap_start": 8, "lap_end": 49, "compound": "HARD", "tyre_age_at_start": 0}, {"meeting_key": 1230, "session_key": 9480, "stint_number": 2, "driver_number": 31, "lap_start": 8, "lap_end": 49, "compound": "HARD", "tyre_age_at_start": 0}, {"meeting_key": 1230, "session_key": 9480, "stint_number": 2, "driver_number": 3, "lap_start": 8, "lap_end": 49, "compound": "HARD", "tyre_age_at_start": 0}, {"meeting_key": 1230, "session_key": 9480, "stint_number": 2, "driver_number": 27, "lap_start": 34, "lap_end": 50, "compound": "HARD", "tyre_age_at_start": 0}, {"meeting_key": 1230, "session_key": 9480, "stint_number": 3, "driver_number": 77, "lap_start": 36, "lap_end": 49, "compound": "SOFT", "tyre_age_at_start": 0}, {"meeting_key": 1230, "session_key": 9480, "stint_number": 2, "driver_number": 44, "lap_start": 37, "lap_end": 50, "compound": "SOFT", "tyre_age_at_start": 3}, {"meeting_key": 1230, "session_key": 9480, "stint_number": 2, "driver_number": 4, "lap_start": 38, "lap_end": 50, "compound": "SOFT", "tyre_age_at_start": 1}, {"meeting_key": 1230, "session_key": 9480, "stint_number": 2, "driver_number": 24, "lap_start": 42, "lap_end": 49, "compound": "SOFT", "tyre_age_at_start": 0}]