[{"meeting_key": 1249, "session_key": 9636, "stint_number": 1, "driver_number": 43, "lap_start": 1, "lap_end": 26, "compound": "INTERMEDIATE", "tyre_age_at_start": 0}, {"meeting_key": 1249, "session_key": 9636, "stint_number": 1, "driver_number": 18, "lap_start": null, "lap_end": null, "compound": "INTERMEDIATE", "tyre_age_at_start": 0}, {"meeting_key": 1249, "session_key": 9636, "stint_number": 1, "driver_number": 4, "lap_start": 1, "lap_end": 28, "compound": "INTERMEDIATE", "tyre_age_at_start": 4}, {"meeting_key": 1249, "session_key": 9636, "stint_number": 1, "driver_number": 55, "lap_start": 1, "lap_end": 27, "compound": "INTERMEDIATE", "tyre_age_at_start": 0}, {"meeting_key": 1249, "session_key": 9636, "stint_number": 1, "driver_number": 24, "lap_start": 1, "lap_end": 27, "compound": "INTERMEDIATE", "tyre_age_at_start": 0}, {"meeting_key": 1249, "session_key": 9636, "stint_number": 1, "driver_number": 30, "lap_start": 1, "lap_end": 28, "compound": "INTERMEDIATE", "tyre_age_at_start": 0}, {"meeting_key": 1249, "session_key": 9636, "stint_number": 1, "driver_number": 44, "lap_start": 1, "lap_end": 27, "compound": "INTERMEDIATE", "tyre_age_at_start": 0}, {"meeting_key": 1249, "session_key": 9636, "stint_number": 1, "driver_number": 50, "lap_start": 1, "lap_end": 27, "compound": "INTERMEDIATE", "tyre_age_at_start": 0}, {"meeting_key": 1249, "session_key": 9636, "stint_number": 1, "driver_number": 14, "lap_start": 1, "lap_end": 27, "compound": "INTERMEDIATE", "tyre_age_at_start": 0}, {"meeting_key": 1249, "session_key": 9636, "stint_number": 1, "driver_number": 10, "lap_start": 1, "lap_end": 32, "compound": "INTERMEDIATE", "tyre_age_at_start": 0}, {"meeting_key": 1249, "session_key": 9636, "stint_number": 1, "driver_number": 16, "lap_start": 1, "lap_end": 24, "compound": "INTERMEDIATE", "tyre_age_at_start": 2}, {"meeting_key": 1249, "session_key": 9636, "stint_number": 1, "driver_number": 81, "lap_start": 1, "lap_end": 27, "compound": "INTERMEDIATE", "tyre_age_at_start": 2}, {"meeting_key": 1249, "session_key": 9636, "stint_number": 1, "driver_number": 11, "lap_start": 1, "lap_end": 27, "compound": "INTERMEDIATE", "tyre_age_at_start": 0}, {"meeting_key": 1249, "session_key": 9636, "stint_number": 1, "driver_number": 31, "lap_start": 1, "lap_end": 32, "compound": "INTERMEDIATE", "tyre_age_at_start": 2}, {"meeting_key": 1249, "session_key": 9636, "stint_number": 1, "driver_number": 77, "lap_start": 1, "lap_end": 32, "compound": "INTERMEDIATE", "tyre_age_at_start": 0}, {"meeting_key": 1249, "session_key": 9636, "stint_number": 1, "driver_number": 63, "lap_start": 1, "lap_end": 28, "compound": "INTERMEDIATE", "tyre_age_at_start": 3}, {"meeting_key": 1249, "session_key": 9636, "stint_number": 1, "driver_number": 1, "lap_start": 1, "lap_end": 32, "compound": "INTERMEDIATE", "tyre_age_at_start": 0}, {"meeting_key": 1249, "session_key": 9636, "stint_number": 1, "driver_number": 27, "lap_start": 1, "lap_end": 25, "compound": "INTERMEDIATE", "tyre_age_at_start": 0}, {"meeting_key": 1249, "session_key": 9636, "stint_number": 1, "driver_number": 22, "lap_start": 1, "lap_end": 28, "compound": "INTERMEDIATE", "tyre_age_at_start": 3}, {"meeting_key": 1249, "session_key": 9636, "stint_number": 2, "driver_number": 16, "lap_start": 25, "lap_end": 32, "compound": "INTERMEDIATE", "tyre_age_at_start": 3}, {"meeting_key": 1249, "session_key": 9636, "stint_number": 2, "driver_number": 27, "lap_start": 26, "lap_end": 27, "compound": "INTERMEDIATE", "tyre_age_at_start": 0}, {"meeting_key": 1249, "session_key": 9636, "stint_number": 2, "driver_number": 43, "lap_start": 27, "lap_end": 30, "compound": "INTERMEDIATE", "tyre_age_at_start": 0}, {"meeting_key": 1249, "session_key": 9636, "stint_number": 2, "driver_number": 81, "lap_start": 28, "lap_end": 32, "compound": "INTERMEDIATE", "tyre_age_at_start": 4}, {"meeting_key": 1249, "session_key": 9636, "stint_number": 2, "driver_number": 14, "lap_start": 28, "lap_end": 32, "compound": "INTERMEDIATE", "tyre_age_at_start": 3}, {"meeting_key": 1249, "session_key": 9636, "stint_number": 2, "driver_number": 44, "lap_start": 28, "lap_end": 32, "compound": "INTERMEDIATE", "tyre_age_at_start": 0}, {"meeting_key": 1249, "session_key": 9636, "stint_number": 2, "driver_number": 50, "lap_start": 28, "lap_end": 32, "compound": "INTERMEDIATE", "tyre_age_at_start": 0}, {"meeting_key": 1249, "session_key": 9636, "stint_number": 2, "driver_number": 55, "lap_start": 28, "lap_end": 32, "compound": "INTERMEDIATE", "tyre_age_at_start": 0}, {"meeting_key": 1249, "session_key": 9636, "stint_number": 2, "driver_number": 11, "lap_start": 28, "lap_end": 32, "compound": "WET", "tyre_age_at_start": 5}, {"meeting_key": 1249, "session_key": 9636, "stint_number": 2, "driver_number": 24, "lap_start": 28, "lap_end": 28, "compound": "INTERMEDIATE", "tyre_age_at_start": 0}, {"meeting_key": 1249, "session_key": 9636, "stint_number": 2, "driver_number": 4, "lap_start": 29, "lap_end": 32, "compound": "INTERMEDIATE", "tyre_age_at_start": 4}, {"meeting_key": 1249, "session_key": 9636, "stint_number": 2, "driver_number": 63, "lap_start": 29, "lap_end": 32, "compound": "INTERMEDIATE", "tyre_age_at_start": 3}, {"meeting_key": 1249, "session_key": 9636, "stint_number": 2, "driver_number": 22, "lap_start": 29, "lap_end": 32, "compound": "WET", "tyre_age_at_start": 0}, {"meeting_key": 1249, "session_key": 9636, "stint_number": 2, "driver_number": 30, "lap_start": 29, "lap_end": 32, "compound": "WET", "tyre_age_at_start": 0}, {"meeting_key": 1249, "session_key": 9636, "stint_number": 3, "driver_number": 24, "lap_start": 29, "lap_end": 31, "compound": "WET", "tyre_age_at_start": 5}, {"meeting_key": 1249, "session_key": 9636, "stint_number": 3, "driver_number": 27, "lap_start": 28, "lap_end": 29, "compound": "WET", "tyre_age_at_start": 0}, {"meeting_key": 1249, "session_key": 9636, "stint_number": 3, "driver_number": 43, "lap_start": 31, "lap_end": 31, "compound": "INTERMEDIATE", "tyre_age_at_start": 0}, {"meeting_key": 1249, "session_key": 9636, "stint_number": 4, "driver_number": 27, "lap_start": 30, "lap_end": 30, "compound": "INTERMEDIATE", "tyre_age_at_start": 0}, {"meeting_key": 1249, "session_key": 9636, "stint_number": 4, "driver_number": 24, "lap_start": 32, "lap_end": 32, "compound": "INTERMEDIATE", "tyre_age_at_start": 0}, {"meeting_key": 1249, "session_key": 9636, "stint_number": 2, "driver_number": 31, "lap_start": 33, "lap_end": 69, "compound": "INTERMEDIATE", "tyre_age_at_start": 2}, {"meeting_key": 1249, "session_key": 9636, "stint_number": 2, "driver_number": 1, "lap_start": 33, "lap_end": 69, "compound": "INTERMEDIATE", "tyre_age_at_start": 0}, {"meeting_key": 1249, "session_key": 9636, "stint_number": 2, "driver_number": 10, "lap_start": 33, "lap_end": 69, "compound": "INTERMEDIATE", "tyre_age_at_start": 0}, {"meeting_key": 1249, "session_key": 9636, "stint_number": 3, "driver_number": 4, "lap_start": 33, "lap_end": 69, "compound": "INTERMEDIATE", "tyre_age_at_start": 4}, {"meeting_key": 1249, "session_key": 9636, "stint_number": 3, "driver_number": 63, "lap_start": 33, "lap_end": 69, "compound": "INTERMEDIATE", "tyre_age_at_start": 3}, {"meeting_key": 1249, "session_key": 9636, "stint_number": 3, "driver_number": 22, "lap_start": 33, "lap_end": 69, "compound": "INTERMEDIATE", "tyre_age_at_start": 3}, {"meeting_key": 1249, "session_key": 9636, "stint_number": 3, "driver_number": 16, "lap_start": 33, "lap_end": 69, "compound": "INTERMEDIATE", "tyre_age_at_start": 3}, {"meeting_key": 1249, "session_key": 9636, "stint_number": 3, "driver_number": 81, "lap_start": 33, "lap_end": 69, "compound": "INTERMEDIATE", "tyre_age_at_start": 0}, {"meeting_key": 1249, "session_key": 9636, "stint_number": 3, "driver_number": 14, "lap_start": 33, "lap_end": 69, "compound": "INTERMEDIATE", "tyre_age_at_start": 0}, {"meeting_key": 1249, "session_key": 9636, "stint_number": 3, "driver_number": 30, "lap_start": 33, "lap_end": 69, "compound": "INTERMEDIATE", "tyre_age_at_start": 3}, {"meeting_key": 1249, "session_key": 9636, "stint_number": 2, "driver_number": 77, "lap_start": 33, "lap_end": 69, "compound": "INTERMEDIATE", "tyre_age_at_start": 0}, {"meeting_key": 1249, "session_key": 9636, "stint_number": 3, "driver_number": 44, "lap_start": 33, "lap_end": 69, "compound": "INTERMEDIATE", "tyre_age_at_start": 0}, {"meeting_key": 1249, "session_key": 9636, "stint_number": 3, "driver_number": 11, "lap_start": 33, "lap_end": 69, "compound": "INTERMEDIATE", "tyre_age_at_start": 0}, {"meeting_key": 1249, "session_key": 9636, "stint_number": 3, "driver_number": 55, "lap_start": 33, "lap_end": 38, "compound": "INTERMEDIATE", "tyre_age_at_start": 0}, {"meeting_key": 1249, "session_key": 9636, "stint_number": 3, "driver_number": 50, "lap_start": 33, "lap_end": 69, "compound": "INTERMEDIATE", "tyre_age_at_start": 0}, {"meeting_key": 1249, "session_key": 9636, "stint_number": 5, "driver_number": 24, "lap_start": 33, "lap_end": 69, "compound": "INTERMEDIATE", "tyre_age_at_start": 0}]