[{"meeting_key": 1225, "session_key": 9189, "stint_number": 1, "driver_number": 10, "lap_start": 1, "lap_end": 17, "compound": "MEDIUM", "tyre_age_at_start": 0}, {"meeting_key": 1225, "session_key": 9189, "stint_number": 1, "driver_number": 81, "lap_start": 1, "lap_end": 16, "compound": "HARD", "tyre_age_at_start": 1}, {"meeting_key": 1225, "session_key": 9189, "stint_number": 1, "driver_number": 16, "lap_start": 1, "lap_end": 21, "compound": "MEDIUM", "tyre_age_at_start": 0}, {"meeting_key": 1225, "session_key": 9189, "stint_number": 1, "driver_number": 11, "lap_start": 1, "lap_end": 1, "compound": "MEDIUM", "tyre_age_at_start": 0}, {"meeting_key": 1225, "session_key": 9189, "stint_number": 1, "driver_number": 31, "lap_start": 1, "lap_end": 20, "compound": "MEDIUM", "tyre_age_at_start": 0}, {"meeting_key": 1225, "session_key": 9189, "stint_number": 1, "driver_number": 77, "lap_start": 1, "lap_end": 1, "compound": "MEDIUM", "tyre_age_at_start": 0}, {"meeting_key": 1225, "session_key": 9189, "stint_number": 1, "driver_number": 63, "lap_start": 1, "lap_end": 15, "compound": "MEDIUM", "tyre_age_at_start": 0}, {"meeting_key": 1225, "session_key": 9189, "stint_number": 1, "driver_number": 1, "lap_start": 1, "lap_end": 16, "compound": "MEDIUM", "tyre_age_at_start": 0}, {"meeting_key": 1225, "session_key": 9189, "stint_number": 1, "driver_number": 27, "lap_start": 1, "lap_end": 12, "compound": "MEDIUM", "tyre_age_at_start": 0}, {"meeting_key": 1225, "session_key": 9189, "stint_number": 1, "driver_number": 22, "lap_start": 1, "lap_end": 10, "compound": "SOFT", "tyre_age_at_start": 0}, {"meeting_key": 1225, "session_key": 9189, "stint_number": 1, "driver_number": 2, "lap_start": 1, "lap_end": 15, "compound": "MEDIUM", "tyre_age_at_start": 0}, {"meeting_key": 1225, "session_key": 9189, "stint_number": 1, "driver_number": 3, "lap_start": 1, "lap_end": 17, "compound": "MEDIUM", "tyre_age_at_start": 0}, {"meeting_key": 1225, "session_key": 9189, "stint_number": 1, "driver_number": 23, "lap_start": 1, "lap_end": 16, "compound": "MEDIUM", "tyre_age_at_start": 0}, {"meeting_key": 1225, "session_key": 9189, "stint_number": 1, "driver_number": 18, "lap_start": 1, "lap_end": 3, "compound": "SOFT", "tyre_age_at_start": 4}, {"meeting_key": 1225, "session_key": 9189, "stint_number": 1, "driver_number": 55, "lap_start": 1, "lap_end": 3, "compound": "MEDIUM", "tyre_age_at_start": 0}, {"meeting_key": 1225, "session_key": 9189, "stint_number": 1, "driver_number": 44, "lap_start": 1, "lap_end": 17, "compound": "HARD", "tyre_age_at_start": 0}, {"meeting_key": 1225, "session_key": 9189, "stint_number": 1, "driver_number": 4, "lap_start": 1, "lap_end": 2, "compound": "MEDIUM", "tyre_age_at_start": 1}, {"meeting_key": 1225, "session_key": 9189, "stint_number": 1, "driver_number": 24, "lap_start": 1, "lap_end": 26, "compound": "HARD", "tyre_age_at_start": 0}, {"meeting_key": 1225, "session_key": 9189, "stint_number": 1, "driver_number": 14, "lap_start": 1, "lap_end": 1, "compound": "MEDIUM", "tyre_age_at_start": 0}, {"meeting_key": 1225, "session_key": 9189, "stint_number": 1, "driver_number": 20, "lap_start": 1, "lap_end": 14, "compound": "MEDIUM", "tyre_age_at_start": 0}, {"meeting_key": 1225, "session_key": 9189, "stint_number": 2, "driver_number": 11, "lap_start": 2, "lap_end": 26, "compound": "HARD", "tyre_age_at_start": 0}, {"meeting_key": 1225, "session_key": 9189, "stint_number": 2, "driver_number": 14, "lap_start": 2, "lap_end": 26, "compound": "HARD", "tyre_age_at_start": 0}, {"meeting_key": 1225, "session_key": 9189, "stint_number": 2, "driver_number": 77, "lap_start": 2, "lap_end": 24, "compound": "HARD", "tyre_age_at_start": 0}, {"meeting_key": 1225, "session_key": 9189, "stint_number": 2, "driver_number": 18, "lap_start": 4, "lap_end": 26, "compound": "HARD", "tyre_age_at_start": 1}, {"meeting_key": 1225, "session_key": 9189, "stint_number": 2, "driver_number": 55, "lap_start": 4, "lap_end": 26, "compound": "HARD", "tyre_age_at_start": 0}, {"meeting_key": 1225, "session_key": 9189, "stint_number": 2, "driver_number": 22, "lap_start": 11, "lap_end": 21, "compound": "MEDIUM", "tyre_age_at_start": 0}, {"meeting_key": 1225, "session_key": 9189, "stint_number": 2, "driver_number": 27, "lap_start": 13, "lap_end": 26, "compound": "HARD", "tyre_age_at_start": 0}, {"meeting_key": 1225, "session_key": 9189, "stint_number": 2, "driver_number": 20, "lap_start": 15, "lap_end": 26, "compound": "HARD", "tyre_age_at_start": 0}, {"meeting_key": 1225, "session_key": 9189, "stint_number": 2, "driver_number": 63, "lap_start": 16, "lap_end": 26, "compound": "HARD", "tyre_age_at_start": 0}, {"meeting_key": 1225, "session_key": 9189, "stint_number": 2, "driver_number": 2, "lap_start": 16, "lap_end": 50, "compound": "HARD", "tyre_age_at_start": 0}, {"meeting_key": 1225, "session_key": 9189, "stint_number": 2, "driver_number": 1, "lap_start": 17, "lap_end": 26, "compound": "HARD", "tyre_age_at_start": 0}, {"meeting_key": 1225, "session_key": 9189, "stint_number": 2, "driver_number": 23, "lap_start": 17, "lap_end": 50, "compound": "HARD", "tyre_age_at_start": 0}, {"meeting_key": 1225, "session_key": 9189, "stint_number": 2, "driver_number": 81, "lap_start": 17, "lap_end": 43, "compound": "HARD", "tyre_age_at_start": 1}, {"meeting_key": 1225, "session_key": 9189, "stint_number": 2, "driver_number": 10, "lap_start": 18, "lap_end": 50, "compound": "HARD", "tyre_age_at_start": 0}, {"meeting_key": 1225, "session_key": 9189, "stint_number": 2, "driver_number": 3, "lap_start": 18, "lap_end": 50, "compound": "HARD", "tyre_age_at_start": 0}, {"meeting_key": 1225, "session_key": 9189, "stint_number": 2, "driver_number": 44, "lap_start": 18, "lap_end": 26, "compound": "MEDIUM", "tyre_age_at_start": 0}, {"meeting_key": 1225, "session_key": 9189, "stint_number": 2, "driver_number": 31, "lap_start": 21, "lap_end": 50, "compound": "HARD", "tyre_age_at_start": 0}, {"meeting_key": 1225, "session_key": 9189, "stint_number": 2, "driver_number": 16, "lap_start": 22, "lap_end": 50, "compound": "HARD", "tyre_age_at_start": 0}, {"meeting_key": 1225, "session_key": 9189, "stint_number": 3, "driver_number": 22, "lap_start": 22, "lap_end": 46, "compound": "HARD", "tyre_age_at_start": 0}, {"meeting_key": 1225, "session_key": 9189, "stint_number": 3, "driver_number": 77, "lap_start": 25, "lap_end": 50, "compound": "MEDIUM", "tyre_age_at_start": 0}, {"meeting_key": 1225, "session_key": 9189, "stint_number": 3, "driver_number": 11, "lap_start": 27, "lap_end": 50, "compound": "HARD", "tyre_age_at_start": 0}, {"meeting_key": 1225, "session_key": 9189, "stint_number": 3, "driver_number": 1, "lap_start": 27, "lap_end": 50, "compound": "HARD", "tyre_age_at_start": 0}, {"meeting_key": 1225, "session_key": 9189, "stint_number": 3, "driver_number": 18, "lap_start": 27, "lap_end": 50, "compound": "HARD", "tyre_age_at_start": 0}, {"meeting_key": 1225, "session_key": 9189, "stint_number": 3, "driver_number": 55, "lap_start": 27, "lap_end": 50, "compound": "HARD", "tyre_age_at_start": 0}, {"meeting_key": 1225, "session_key": 9189, "stint_number": 3, "driver_number": 63, "lap_start": 27, "lap_end": 50, "compound": "HARD", "tyre_age_at_start": 0}, {"meeting_key": 1225, "session_key": 9189, "stint_number": 3, "driver_number": 14, "lap_start": 27, "lap_end": 50, "compound": "HARD", "tyre_age_at_start": 0}, {"meeting_key": 1225, "session_key": 9189, "stint_number": 2, "driver_number": 24, "lap_start": 27, "lap_end": 50, "compound": "MEDIUM", "tyre_age_at_start": 0}, {"meeting_key": 1225, "session_key": 9189, "stint_number": 3, "driver_number": 20, "lap_start": 27, "lap_end": 50, "compound": "HARD", "tyre_age_at_start": 0}, {"meeting_key": 1225, "session_key": 9189, "stint_number": 3, "driver_number": 27, "lap_start": 27, "lap_end": 45, "compound": "HARD", "tyre_age_at_start": 0}, {"meeting_key": 1225, "session_key": 9189, "stint_number": 3, "driver_number": 44, "lap_start": 27, "lap_end": 50, "compound": "HARD", "tyre_age_at_start": 0}, {"meeting_key": 1225, "session_key": 9189, "stint_number": 3, "driver_number": 81, "lap_start": 44, "lap_end": 50, "compound": "MEDIUM", "tyre_age_at_start": 1}]