[{"meeting_key": 1208, "session_key": 9078, "stint_number": 1, "driver_number": 18, "lap_start": 1, "lap_end": 42, "compound": "HARD", "tyre_age_at_start": 1}, {"meeting_key": 1208, "session_key": 9078, "stint_number": 1, "driver_number": 4, "lap_start": 1, "lap_end": 4, "compound": "SOFT", "tyre_age_at_start": 0}, {"meeting_key": 1208, "session_key": 9078, "stint_number": 1, "driver_number": 44, "lap_start": 1, "lap_end": 37, "compound": "HARD", "tyre_age_at_start": 0}, {"meeting_key": 1208, "session_key": 9078, "stint_number": 1, "driver_number": 55, "lap_start": 1, "lap_end": 18, "compound": "MEDIUM", "tyre_age_at_start": 0}, {"meeting_key": 1208, "session_key": 9078, "stint_number": 1, "driver_number": 24, "lap_start": 1, "lap_end": 31, "compound": "HARD", "tyre_age_at_start": 0}, {"meeting_key": 1208, "session_key": 9078, "stint_number": 1, "driver_number": 14, "lap_start": 1, "lap_end": 24, "compound": "MEDIUM", "tyre_age_at_start": 1}, {"meeting_key": 1208, "session_key": 9078, "stint_number": 1, "driver_number": 20, "lap_start": 1, "lap_end": 14, "compound": "MEDIUM", "tyre_age_at_start": 0}, {"meeting_key": 1208, "session_key": 9078, "stint_number": 1, "driver_number": 21, "lap_start": 1, "lap_end": 15, "compound": "MEDIUM", "tyre_age_at_start": 0}, {"meeting_key": 1208, "session_key": 9078, "stint_number": 1, "driver_number": 10, "lap_start": 1, "lap_end": 15, "compound": "MEDIUM", "tyre_age_at_start": 0}, {"meeting_key": 1208, "session_key": 9078, "stint_number": 1, "driver_number": 81, "lap_start": 1, "lap_end": 5, "compound": "SOFT", "tyre_age_at_start": 0}, {"meeting_key": 1208, "session_key": 9078, "stint_number": 1, "driver_number": 16, "lap_start": 1, "lap_end": 17, "compound": "MEDIUM", "tyre_age_at_start": 0}, {"meeting_key": 1208, "session_key": 9078, "stint_number": 1, "driver_number": 11, "lap_start": 1, "lap_end": 20, "compound": "MEDIUM", "tyre_age_at_start": 0}, {"meeting_key": 1208, "session_key": 9078, "stint_number": 1, "driver_number": 31, "lap_start": 1, "lap_end": 39, "compound": "HARD", "tyre_age_at_start": 0}, {"meeting_key": 1208, "session_key": 9078, "stint_number": 1, "driver_number": 77, "lap_start": 1, "lap_end": 15, "compound": "MEDIUM", "tyre_age_at_start": 0}, {"meeting_key": 1208, "session_key": 9078, "stint_number": 1, "driver_number": 63, "lap_start": 1, "lap_end": 17, "compound": "MEDIUM", "tyre_age_at_start": 0}, {"meeting_key": 1208, "session_key": 9078, "stint_number": 1, "driver_number": 1, "lap_start": 1, "lap_end": 45, "compound": "HARD", "tyre_age_at_start": 0}, {"meeting_key": 1208, "session_key": 9078, "stint_number": 1, "driver_number": 27, "lap_start": 1, "lap_end": 33, "compound": "HARD", "tyre_age_at_start": 0}, {"meeting_key": 1208, "session_key": 9078, "stint_number": 1, "driver_number": 2, "lap_start": 1, "lap_end": 2, "compound": "MEDIUM", "tyre_age_at_start": 0}, {"meeting_key": 1208, "session_key": 9078, "stint_number": 1, "driver_number": 22, "lap_start": 1, "lap_end": 36, "compound": "HARD", "tyre_age_at_start": 0}, {"meeting_key": 1208, "session_key": 9078, "stint_number": 1, "driver_number": 23, "lap_start": 1, "lap_end": 22, "compound": "MEDIUM", "tyre_age_at_start": 0}, {"meeting_key": 1208, "session_key": 9078, "stint_number": 2, "driver_number": 2, "lap_start": 3, "lap_end": 56, "compound": "HARD", "tyre_age_at_start": 0}, {"meeting_key": 1208, "session_key": 9078, "stint_number": 2, "driver_number": 4, "lap_start": 5, "lap_end": 57, "compound": "HARD", "tyre_age_at_start": 0}, {"meeting_key": 1208, "session_key": 9078, "stint_number": 2, "driver_number": 81, "lap_start": 6, "lap_end": 56, "compound": "HARD", "tyre_age_at_start": 0}, {"meeting_key": 1208, "session_key": 9078, "stint_number": 2, "driver_number": 20, "lap_start": 15, "lap_end": 57, "compound": "HARD", "tyre_age_at_start": 0}, {"meeting_key": 1208, "session_key": 9078, "stint_number": 2, "driver_number": 10, "lap_start": 16, "lap_end": 57, "compound": "HARD", "tyre_age_at_start": 0}, {"meeting_key": 1208, "session_key": 9078, "stint_number": 2, "driver_number": 77, "lap_start": 16, "lap_end": 57, "compound": "HARD", "tyre_age_at_start": 0}, {"meeting_key": 1208, "session_key": 9078, "stint_number": 2, "driver_number": 21, "lap_start": 16, "lap_end": 57, "compound": "HARD", "tyre_age_at_start": 0}, {"meeting_key": 1208, "session_key": 9078, "stint_number": 2, "driver_number": 63, "lap_start": 18, "lap_end": 57, "compound": "HARD", "tyre_age_at_start": 0}, {"meeting_key": 1208, "session_key": 9078, "stint_number": 2, "driver_number": 16, "lap_start": 18, "lap_end": 57, "compound": "HARD", "tyre_age_at_start": 0}, {"meeting_key": 1208, "session_key": 9078, "stint_number": 2, "driver_number": 55, "lap_start": 19, "lap_end": 57, "compound": "HARD", "tyre_age_at_start": 0}, {"meeting_key": 1208, "session_key": 9078, "stint_number": 2, "driver_number": 11, "lap_start": 21, "lap_end": 57, "compound": "HARD", "tyre_age_at_start": 0}, {"meeting_key": 1208, "session_key": 9078, "stint_number": 2, "driver_number": 23, "lap_start": 23, "lap_end": 57, "compound": "HARD", "tyre_age_at_start": 0}, {"meeting_key": 1208, "session_key": 9078, "stint_number": 2, "driver_number": 14, "lap_start": 25, "lap_end": 57, "compound": "HARD", "tyre_age_at_start": 1}, {"meeting_key": 1208, "session_key": 9078, "stint_number": 2, "driver_number": 24, "lap_start": 32, "lap_end": 57, "compound": "MEDIUM", "tyre_age_at_start": 0}, {"meeting_key": 1208, "session_key": 9078, "stint_number": 2, "driver_number": 27, "lap_start": 34, "lap_end": 57, "compound": "MEDIUM", "tyre_age_at_start": 0}, {"meeting_key": 1208, "session_key": 9078, "stint_number": 2, "driver_number": 22, "lap_start": 37, "lap_end": 57, "compound": "MEDIUM", "tyre_age_at_start": 0}, {"meeting_key": 1208, "session_key": 9078, "stint_number": 2, "driver_number": 44, "lap_start": 38, "lap_end": 57, "compound": "MEDIUM", "tyre_age_at_start": 0}, {"meeting_key": 1208, "session_key": 9078, "stint_number": 2, "driver_number": 31, "lap_start": 40, "lap_end": 57, "compound": "MEDIUM", "tyre_age_at_start": 0}, {"meeting_key": 1208, "session_key": 9078, "stint_number": 2, "driver_number": 18, "lap_start": 43, "lap_end": 57, "compound": "MEDIUM", "tyre_age_at_start": 1}, {"meeting_key": 1208, "session_key": 9078, "stint_number": 2, "driver_number": 1, "lap_start": 46, "lap_end": 57, "compound": "MEDIUM", "tyre_age_at_start": 0}]