[{"meeting_key": 1212, "session_key": 9110, "stint_number": 1, "driver_number": 81, "lap_start": 1, "lap_end": 12, "compound": "MEDIUM", "tyre_age_at_start": 0}, {"meeting_key": 1212, "session_key": 9110, "stint_number": 1, "driver_number": 22, "lap_start": 1, "lap_end": 1, "compound": "MEDIUM", "tyre_age_at_start": 0}, {"meeting_key": 1212, "session_key": 9110, "stint_number": 1, "driver_number": 11, "lap_start": 1, "lap_end": 37, "compound": "HARD", "tyre_age_at_start": 0}, {"meeting_key": 1212, "session_key": 9110, "stint_number": 1, "driver_number": 31, "lap_start": 1, "lap_end": 12, "compound": "MEDIUM", "tyre_age_at_start": 0}, {"meeting_key": 1212, "session_key": 9110, "stint_number": 1, "driver_number": 77, "lap_start": 1, "lap_end": 36, "compound": "HARD", "tyre_age_at_start": 0}, {"meeting_key": 1212, "session_key": 9110, "stint_number": 1, "driver_number": 63, "lap_start": 1, "lap_end": 12, "compound": "MEDIUM", "tyre_age_at_start": 0}, {"meeting_key": 1212, "session_key": 9110, "stint_number": 1, "driver_number": 18, "lap_start": 1, "lap_end": 11, "compound": "MEDIUM", "tyre_age_at_start": 0}, {"meeting_key": 1212, "session_key": 9110, "stint_number": 1, "driver_number": 27, "lap_start": 1, "lap_end": 11, "compound": "MEDIUM", "tyre_age_at_start": 0}, {"meeting_key": 1212, "session_key": 9110, "stint_number": 1, "driver_number": 2, "lap_start": 1, "lap_end": 6, "compound": "MEDIUM", "tyre_age_at_start": 0}, {"meeting_key": 1212, "session_key": 9110, "stint_number": 1, "driver_number": 14, "lap_start": 1, "lap_end": 12, "compound": "MEDIUM", "tyre_age_at_start": 0}, {"meeting_key": 1212, "session_key": 9110, "stint_number": 1, "driver_number": 23, "lap_start": 1, "lap_end": 12, "compound": "MEDIUM", "tyre_age_at_start": 1}, {"meeting_key": 1212, "session_key": 9110, "stint_number": 1, "driver_number": 55, "lap_start": 1, "lap_end": 38, "compound": "MEDIUM", "tyre_age_at_start": 0}, {"meeting_key": 1212, "session_key": 9110, "stint_number": 1, "driver_number": 1, "lap_start": 1, "lap_end": 12, "compound": "MEDIUM", "tyre_age_at_start": 0}, {"meeting_key": 1212, "session_key": 9110, "stint_number": 1, "driver_number": 4, "lap_start": 1, "lap_end": 12, "compound": "MEDIUM", "tyre_age_at_start": 0}, {"meeting_key": 1212, "session_key": 9110, "stint_number": 1, "driver_number": 24, "lap_start": 1, "lap_end": 12, "compound": "MEDIUM", "tyre_age_at_start": 0}, {"meeting_key": 1212, "session_key": 9110, "stint_number": 1, "driver_number": 44, "lap_start": 1, "lap_end": 12, "compound": "MEDIUM", "tyre_age_at_start": 0}, {"meeting_key": 1212, "session_key": 9110, "stint_number": 1, "driver_number": 20, "lap_start": 1, "lap_end": 35, "compound": "HARD", "tyre_age_at_start": 0}, {"meeting_key": 1212, "session_key": 9110, "stint_number": 1, "driver_number": 10, "lap_start": 1, "lap_end": 10, "compound": "SOFT", "tyre_age_at_start": 0}, {"meeting_key": 1212, "session_key": 9110, "stint_number": 1, "driver_number": 21, "lap_start": 1, "lap_end": 11, "compound": "MEDIUM", "tyre_age_at_start": 0}, {"meeting_key": 1212, "session_key": 9110, "stint_number": 1, "driver_number": 16, "lap_start": 1, "lap_end": 39, "compound": "MEDIUM", "tyre_age_at_start": 0}, {"meeting_key": 1212, "session_key": 9110, "stint_number": 2, "driver_number": 22, "lap_start": 1, "lap_end": 2, "compound": "HARD", "tyre_age_at_start": 0}, {"meeting_key": 1212, "session_key": 9110, "stint_number": 3, "driver_number": 22, "lap_start": 3, "lap_end": 70, "compound": "HARD", "tyre_age_at_start": 0}, {"meeting_key": 1212, "session_key": 9110, "stint_number": 2, "driver_number": 10, "lap_start": 10, "lap_end": 33, "compound": "HARD", "tyre_age_at_start": 0}, {"meeting_key": 1212, "session_key": 9110, "stint_number": 2, "driver_number": 27, "lap_start": 11, "lap_end": 31, "compound": "HARD", "tyre_age_at_start": 0}, {"meeting_key": 1212, "session_key": 9110, "stint_number": 2, "driver_number": 18, "lap_start": 11, "lap_end": 27, "compound": "HARD", "tyre_age_at_start": 0}, {"meeting_key": 1212, "session_key": 9110, "stint_number": 2, "driver_number": 21, "lap_start": 11, "lap_end": 50, "compound": "HARD", "tyre_age_at_start": 0}, {"meeting_key": 1212, "session_key": 9110, "stint_number": 2, "driver_number": 1, "lap_start": 12, "lap_end": 42, "compound": "HARD", "tyre_age_at_start": 0}, {"meeting_key": 1212, "session_key": 9110, "stint_number": 2, "driver_number": 14, "lap_start": 12, "lap_end": 41, "compound": "HARD", "tyre_age_at_start": 0}, {"meeting_key": 1212, "session_key": 9110, "stint_number": 2, "driver_number": 44, "lap_start": 12, "lap_end": 40, "compound": "HARD", "tyre_age_at_start": 0}, {"meeting_key": 1212, "session_key": 9110, "stint_number": 2, "driver_number": 31, "lap_start": 12, "lap_end": 36, "compound": "HARD", "tyre_age_at_start": 0}, {"meeting_key": 1212, "session_key": 9110, "stint_number": 2, "driver_number": 81, "lap_start": 12, "lap_end": 37, "compound": "HARD", "tyre_age_at_start": 0}, {"meeting_key": 1212, "session_key": 9110, "stint_number": 2, "driver_number": 23, "lap_start": 12, "lap_end": 70, "compound": "HARD", "tyre_age_at_start": 0}, {"meeting_key": 1212, "session_key": 9110, "stint_number": 2, "driver_number": 4, "lap_start": 12, "lap_end": 35, "compound": "HARD", "tyre_age_at_start": 0}, {"meeting_key": 1212, "session_key": 9110, "stint_number": 2, "driver_number": 24, "lap_start": 12, "lap_end": 32, "compound": "HARD", "tyre_age_at_start": 0}, {"meeting_key": 1212, "session_key": 9110, "stint_number": 2, "driver_number": 63, "lap_start": 12, "lap_end": 53, "compound": "HARD", "tyre_age_at_start": 0}, {"meeting_key": 1212, "session_key": 9110, "stint_number": 3, "driver_number": 18, "lap_start": 27, "lap_end": 70, "compound": "HARD", "tyre_age_at_start": 0}, {"meeting_key": 1212, "session_key": 9110, "stint_number": 3, "driver_number": 27, "lap_start": 31, "lap_end": 69, "compound": "HARD", "tyre_age_at_start": 0}, {"meeting_key": 1212, "session_key": 9110, "stint_number": 3, "driver_number": 24, "lap_start": 32, "lap_end": 69, "compound": "HARD", "tyre_age_at_start": 0}, {"meeting_key": 1212, "session_key": 9110, "stint_number": 3, "driver_number": 10, "lap_start": 33, "lap_end": 70, "compound": "HARD", "tyre_age_at_start": 0}, {"meeting_key": 1212, "session_key": 9110, "stint_number": 3, "driver_number": 4, "lap_start": 35, "lap_end": 70, "compound": "HARD", "tyre_age_at_start": 0}, {"meeting_key": 1212, "session_key": 9110, "stint_number": 2, "driver_number": 20, "lap_start": 35, "lap_end": 53, "compound": "MEDIUM", "tyre_age_at_start": 0}, {"meeting_key": 1212, "session_key": 9110, "stint_number": 3, "driver_number": 31, "lap_start": 36, "lap_end": 70, "compound": "HARD", "tyre_age_at_start": 0}, {"meeting_key": 1212, "session_key": 9110, "stint_number": 2, "driver_number": 77, "lap_start": 36, "lap_end": 70, "compound": "MEDIUM", "tyre_age_at_start": 0}, {"meeting_key": 1212, "session_key": 9110, "stint_number": 2, "driver_number": 11, "lap_start": 37, "lap_end": 68, "compound": "MEDIUM", "tyre_age_at_start": 0}, {"meeting_key": 1212, "session_key": 9110, "stint_number": 3, "driver_number": 81, "lap_start": 37, "lap_end": 70, "compound": "HARD", "tyre_age_at_start": 0}, {"meeting_key": 1212, "session_key": 9110, "stint_number": 2, "driver_number": 55, "lap_start": 38, "lap_end": 70, "compound": "HARD", "tyre_age_at_start": 0}, {"meeting_key": 1212, "session_key": 9110, "stint_number": 2, "driver_number": 16, "lap_start": 39, "lap_end": 70, "compound": "HARD", "tyre_age_at_start": 0}, {"meeting_key": 1212, "session_key": 9110, "stint_number": 3, "driver_number": 44, "lap_start": 40, "lap_end": 70, "compound": "MEDIUM", "tyre_age_at_start": 0}, {"meeting_key": 1212, "session_key": 9110, "stint_number": 3, "driver_number": 14, "lap_start": 41, "lap_end": 70, "compound": "HARD", "tyre_age_at_start": 0}, {"meeting_key": 1212, "session_key": 9110, "stint_number": 3, "driver_number": 1, "lap_start": 42, "lap_end": 70, "compound": "MEDIUM", "tyre_age_at_start": 0}, {"meeting_key": 1212, "session_key": 9110, "stint_number": 3, "driver_number": 21, "lap_start": 50, "lap_end": 69, "compound": "HARD", "tyre_age_at_start": 0}, {"meeting_key": 1212, "session_key": 9110, "stint_number": 3, "driver_number": 20, "lap_start": 53, "lap_end": 69, "compound": "MEDIUM", "tyre_age_at_start": 0}, {"meeting_key": 1212, "session_key": 9110, "stint_number": 3, "driver_number": 11, "lap_start": 68, "lap_end": 70, "compound": "SOFT", "tyre_age_at_start": 0}]