[{"meeting_key": 1270, "session_key": 9896, "stint_number": 1, "driver_number": 5, "lap_start": 1, "lap_end": 13, "compound": "MEDIUM", "tyre_age_at_start": 0}, {"meeting_key": 1270, "session_key": 9896, "stint_number": 1, "driver_number": 22, "lap_start": 1, "lap_end": 13, "compound": "SOFT", "tyre_age_at_start": 0}, {"meeting_key": 1270, "session_key": 9896, "stint_number": 1, "driver_number": 43, "lap_start": 1, "lap_end": 14, "compound": "SOFT", "tyre_age_at_start": 0}, {"meeting_key": 1270, "session_key": 9896, "stint_number": 1, "driver_number": 1, "lap_start": 1, "lap_end": 19, "compound": "SOFT", "tyre_age_at_start": 3}, {"meeting_key": 1270, "session_key": 9896, "stint_number": 1, "driver_number": 6, "lap_start": 1, "lap_end": 20, "compound": "SOFT", "tyre_age_at_start": 2}, {"meeting_key": 1270, "session_key": 9896, "stint_number": 1, "driver_number": 16, "lap_start": 1, "lap_end": 21, "compound": "MEDIUM", "tyre_age_at_start": 0}, {"meeting_key": 1270, "session_key": 9896, "stint_number": 1, "driver_number": 87, "lap_start": 1, "lap_end": 23, "compound": "MEDIUM", "tyre_age_at_start": 0}, {"meeting_key": 1270, "session_key": 9896, "stint_number": 1, "driver_number": 44, "lap_start": 1, "lap_end": 24, "compound": "MEDIUM", "tyre_age_at_start": 0}, {"meeting_key": 1270, "session_key": 9896, "stint_number": 1, "driver_number": 10, "lap_start": 1, "lap_end": 24, "compound": "MEDIUM", "tyre_age_at_start": 0}, {"meeting_key": 1270, "session_key": 9896, "stint_number": 1, "driver_number": 63, "lap_start": 1, "lap_end": 25, "compound": "MEDIUM", "tyre_age_at_start": 0}, {"meeting_key": 1270, "session_key": 9896, "stint_number": 1, "driver_number": 12, "lap_start": 1, "lap_end": 25, "compound": "MEDIUM", "tyre_age_at_start": 0}, {"meeting_key": 1270, "session_key": 9896, "stint_number": 1, "driver_number": 27, "lap_start": 1, "lap_end": 25, "compound": "MEDIUM", "tyre_age_at_start": 0}, {"meeting_key": 1270, "session_key": 9896, "stint_number": 1, "driver_number": 4, "lap_start": 1, "lap_end": 26, "compound": "MEDIUM", "tyre_age_at_start": 0}, {"meeting_key": 1270, "session_key": 9896, "stint_number": 1, "driver_number": 81, "lap_start": 1, "lap_end": 27, "compound": "MEDIUM", "tyre_age_at_start": 0}, {"meeting_key": 1270, "session_key": 9896, "stint_number": 1, "driver_number": 14, "lap_start": 1, "lap_end": 27, "compound": "SOFT", "tyre_age_at_start": 3}, {"meeting_key": 1270, "session_key": 9896, "stint_number": 1, "driver_number": 31, "lap_start": 1, "lap_end": 30, "compound": "MEDIUM", "tyre_age_at_start": 0}, {"meeting_key": 1270, "session_key": 9896, "stint_number": 1, "driver_number": 18, "lap_start": 1, "lap_end": 38, "compound": "SOFT", "tyre_age_at_start": 0}, {"meeting_key": 1270, "session_key": 9896, "stint_number": 1, "driver_number": 23, "lap_start": 1, "lap_end": 42, "compound": "MEDIUM", "tyre_age_at_start": 0}, {"meeting_key": 1270, "session_key": 9896, "stint_number": 2, "driver_number": 27, "lap_start": 26, "lap_end": 44, "compound": "HARD", "tyre_age_at_start": 0}, {"meeting_key": 1270, "session_key": 9896, "stint_number": 2, "driver_number": 44, "lap_start": 25, "lap_end": 46, "compound": "HARD", "tyre_age_at_start": 0}, {"meeting_key": 1270, "session_key": 9896, "stint_number": 1, "driver_number": 30, "lap_start": 1, "lap_end": 48, "compound": "MEDIUM", "tyre_age_at_start": 0}, {"meeting_key": 1270, "session_key": 9896, "stint_number": 1, "driver_number": 55, "lap_start": 1, "lap_end": 50, "compound": "MEDIUM", "tyre_age_at_start": 0}, {"meeting_key": 1270, "session_key": 9896, "stint_number": 2, "driver_number": 10, "lap_start": 25, "lap_end": 51, "compound": "HARD", "tyre_age_at_start": 0}, {"meeting_key": 1270, "session_key": 9896, "stint_number": 2, "driver_number": 63, "lap_start": 26, "lap_end": 62, "compound": "HARD", "tyre_age_at_start": 0}, {"meeting_key": 1270, "session_key": 9896, "stint_number": 2, "driver_number": 1, "lap_start": 20, "lap_end": 62, "compound": "HARD", "tyre_age_at_start": 0}, {"meeting_key": 1270, "session_key": 9896, "stint_number": 2, "driver_number": 4, "lap_start": 27, "lap_end": 62, "compound": "HARD", "tyre_age_at_start": 0}, {"meeting_key": 1270, "session_key": 9896, "stint_number": 2, "driver_number": 81, "lap_start": 28, "lap_end": 62, "compound": "HARD", "tyre_age_at_start": 0}, {"meeting_key": 1270, "session_key": 9896, "stint_number": 2, "driver_number": 55, "lap_start": 51, "lap_end": 61, "compound": "SOFT", "tyre_age_at_start": 0}, {"meeting_key": 1270, "session_key": 9896, "stint_number": 2, "driver_number": 6, "lap_start": 21, "lap_end": 61, "compound": "HARD", "tyre_age_at_start": 0}, {"meeting_key": 1270, "session_key": 9896, "stint_number": 2, "driver_number": 22, "lap_start": 14, "lap_end": 61, "compound": "HARD", "tyre_age_at_start": 0}, {"meeting_key": 1270, "session_key": 9896, "stint_number": 2, "driver_number": 18, "lap_start": 39, "lap_end": 61, "compound": "MEDIUM", "tyre_age_at_start": 1}, {"meeting_key": 1270, "session_key": 9896, "stint_number": 2, "driver_number": 23, "lap_start": 43, "lap_end": 61, "compound": "SOFT", "tyre_age_at_start": 0}, {"meeting_key": 1270, "session_key": 9896, "stint_number": 2, "driver_number": 30, "lap_start": 49, "lap_end": 61, "compound": "SOFT", "tyre_age_at_start": 0}, {"meeting_key": 1270, "session_key": 9896, "stint_number": 2, "driver_number": 12, "lap_start": 26, "lap_end": 62, "compound": "HARD", "tyre_age_at_start": 0}, {"meeting_key": 1270, "session_key": 9896, "stint_number": 2, "driver_number": 43, "lap_start": 15, "lap_end": 61, "compound": "MEDIUM", "tyre_age_at_start": 0}, {"meeting_key": 1270, "session_key": 9896, "stint_number": 2, "driver_number": 16, "lap_start": 22, "lap_end": 62, "compound": "HARD", "tyre_age_at_start": 0}, {"meeting_key": 1270, "session_key": 9896, "stint_number": 2, "driver_number": 5, "lap_start": 14, "lap_end": 61, "compound": "HARD", "tyre_age_at_start": 0}, {"meeting_key": 1270, "session_key": 9896, "stint_number": 2, "driver_number": 31, "lap_start": 31, "lap_end": 61, "compound": "HARD", "tyre_age_at_start": 0}, {"meeting_key": 1270, "session_key": 9896, "stint_number": 3, "driver_number": 10, "lap_start": 52, "lap_end": 61, "compound": "SOFT", "tyre_age_at_start": 0}, {"meeting_key": 1270, "session_key": 9896, "stint_number": 3, "driver_number": 27, "lap_start": 45, "lap_end": 61, "compound": "SOFT", "tyre_age_at_start": 0}, {"meeting_key": 1270, "session_key": 9896, "stint_number": 3, "driver_number": 44, "lap_start": 47, "lap_end": 62, "compound": "SOFT", "tyre_age_at_start": 3}, {"meeting_key": 1270, "session_key": 9896, "stint_number": 2, "driver_number": 14, "lap_start": 28, "lap_end": 62, "compound": "MEDIUM", "tyre_age_at_start": 1}, {"meeting_key": 1270, "session_key": 9896, "stint_number": 2, "driver_number": 87, "lap_start": 24, "lap_end": 62, "compound": "HARD", "tyre_age_at_start": 0}]