[{"meeting_key": 1248, "session_key": 9625, "stint_number": 1, "driver_number": 18, "lap_start": 1, "lap_end": 26, "compound": "MEDIUM", "tyre_age_at_start": 1}, {"meeting_key": 1248, "session_key": 9625, "stint_number": 1, "driver_number": 24, "lap_start": 1, "lap_end": 43, "compound": "HARD", "tyre_age_at_start": 1}, {"meeting_key": 1248, "session_key": 9625, "stint_number": 1, "driver_number": 44, "lap_start": 1, "lap_end": 28, "compound": "MEDIUM", "tyre_age_at_start": 0}, {"meeting_key": 1248, "session_key": 9625, "stint_number": 1, "driver_number": 14, "lap_start": 1, "lap_end": 15, "compound": "MEDIUM", "tyre_age_at_start": 1}, {"meeting_key": 1248, "session_key": 9625, "stint_number": 1, "driver_number": 20, "lap_start": 1, "lap_end": 30, "compound": "MEDIUM", "tyre_age_at_start": 0}, {"meeting_key": 1248, "session_key": 9625, "stint_number": 1, "driver_number": 55, "lap_start": 1, "lap_end": 32, "compound": "MEDIUM", "tyre_age_at_start": 0}, {"meeting_key": 1248, "session_key": 9625, "stint_number": 1, "driver_number": 4, "lap_start": 1, "lap_end": 30, "compound": "MEDIUM", "tyre_age_at_start": 0}, {"meeting_key": 1248, "session_key": 9625, "stint_number": 1, "driver_number": 10, "lap_start": 1, "lap_end": 28, "compound": "MEDIUM", "tyre_age_at_start": 0}, {"meeting_key": 1248, "session_key": 9625, "stint_number": 1, "driver_number": 23, "lap_start": null, "lap_end": null, "compound": "MEDIUM", "tyre_age_at_start": 0}, {"meeting_key": 1248, "session_key": 9625, "stint_number": 1, "driver_number": 81, "lap_start": 1, "lap_end": 39, "compound": "MEDIUM", "tyre_age_at_start": 0}, {"meeting_key": 1248, "session_key": 9625, "stint_number": 1, "driver_number": 30, "lap_start": 1, "lap_end": 39, "compound": "HARD", "tyre_age_at_start": 0}, {"meeting_key": 1248, "session_key": 9625, "stint_number": 1, "driver_number": 11, "lap_start": 1, "lap_end": 20, "compound": "HARD", "tyre_age_at_start": 0}, {"meeting_key": 1248, "session_key": 9625, "stint_number": 1, "driver_number": 31, "lap_start": 1, "lap_end": 48, "compound": "HARD", "tyre_age_at_start": 0}, {"meeting_key": 1248, "session_key": 9625, "stint_number": 1, "driver_number": 77, "lap_start": 1, "lap_end": 49, "compound": "HARD", "tyre_age_at_start": 1}, {"meeting_key": 1248, "session_key": 9625, "stint_number": 1, "driver_number": 1, "lap_start": 1, "lap_end": 26, "compound": "MEDIUM", "tyre_age_at_start": 0}, {"meeting_key": 1248, "session_key": 9625, "stint_number": 1, "driver_number": 27, "lap_start": 1, "lap_end": 29, "compound": "MEDIUM", "tyre_age_at_start": 0}, {"meeting_key": 1248, "session_key": 9625, "stint_number": 1, "driver_number": 16, "lap_start": 1, "lap_end": 31, "compound": "MEDIUM", "tyre_age_at_start": 0}, {"meeting_key": 1248, "session_key": 9625, "stint_number": 1, "driver_number": 22, "lap_start": null, "lap_end": null, "compound": "MEDIUM", "tyre_age_at_start": 0}, {"meeting_key": 1248, "session_key": 9625, "stint_number": 1, "driver_number": 43, "lap_start": 1, "lap_end": 47, "compound": "HARD", "tyre_age_at_start": 0}, {"meeting_key": 1248, "session_key": 9625, "stint_number": 1, "driver_number": 63, "lap_start": 1, "lap_end": 31, "compound": "MEDIUM", "tyre_age_at_start": 0}, {"meeting_key": 1248, "session_key": 9625, "stint_number": 2, "driver_number": 11, "lap_start": 21, "lap_end": 43, "compound": "MEDIUM", "tyre_age_at_start": 0}, {"meeting_key": 1248, "session_key": 9625, "stint_number": 2, "driver_number": 1, "lap_start": 27, "lap_end": 71, "compound": "HARD", "tyre_age_at_start": 0}, {"meeting_key": 1248, "session_key": 9625, "stint_number": 2, "driver_number": 18, "lap_start": 27, "lap_end": 70, "compound": "HARD", "tyre_age_at_start": 1}, {"meeting_key": 1248, "session_key": 9625, "stint_number": 2, "driver_number": 44, "lap_start": 29, "lap_end": 71, "compound": "HARD", "tyre_age_at_start": 0}, {"meeting_key": 1248, "session_key": 9625, "stint_number": 2, "driver_number": 10, "lap_start": 29, "lap_end": 70, "compound": "HARD", "tyre_age_at_start": 0}, {"meeting_key": 1248, "session_key": 9625, "stint_number": 2, "driver_number": 27, "lap_start": 30, "lap_end": 70, "compound": "HARD", "tyre_age_at_start": 0}, {"meeting_key": 1248, "session_key": 9625, "stint_number": 2, "driver_number": 4, "lap_start": 31, "lap_end": 71, "compound": "HARD", "tyre_age_at_start": 0}, {"meeting_key": 1248, "session_key": 9625, "stint_number": 2, "driver_number": 20, "lap_start": 31, "lap_end": 71, "compound": "HARD", "tyre_age_at_start": 0}, {"meeting_key": 1248, "session_key": 9625, "stint_number": 2, "driver_number": 16, "lap_start": 32, "lap_end": 69, "compound": "HARD", "tyre_age_at_start": 0}, {"meeting_key": 1248, "session_key": 9625, "stint_number": 2, "driver_number": 63, "lap_start": 32, "lap_end": 71, "compound": "HARD", "tyre_age_at_start": 0}, {"meeting_key": 1248, "session_key": 9625, "stint_number": 2, "driver_number": 55, "lap_start": 33, "lap_end": 71, "compound": "HARD", "tyre_age_at_start": 0}, {"meeting_key": 1248, "session_key": 9625, "stint_number": 2, "driver_number": 81, "lap_start": 40, "lap_end": 71, "compound": "HARD", "tyre_age_at_start": 0}, {"meeting_key": 1248, "session_key": 9625, "stint_number": 2, "driver_number": 30, "lap_start": 40, "lap_end": 65, "compound": "MEDIUM", "tyre_age_at_start": 0}, {"meeting_key": 1248, "session_key": 9625, "stint_number": 2, "driver_number": 24, "lap_start": 44, "lap_end": 70, "compound": "MEDIUM", "tyre_age_at_start": 1}, {"meeting_key": 1248, "session_key": 9625, "stint_number": 3, "driver_number": 11, "lap_start": 44, "lap_end": 68, "compound": "MEDIUM", "tyre_age_at_start": 0}, {"meeting_key": 1248, "session_key": 9625, "stint_number": 2, "driver_number": 43, "lap_start": 48, "lap_end": 70, "compound": "MEDIUM", "tyre_age_at_start": 0}, {"meeting_key": 1248, "session_key": 9625, "stint_number": 2, "driver_number": 31, "lap_start": 49, "lap_end": 70, "compound": "MEDIUM", "tyre_age_at_start": 0}, {"meeting_key": 1248, "session_key": 9625, "stint_number": 2, "driver_number": 77, "lap_start": 50, "lap_end": 70, "compound": "MEDIUM", "tyre_age_at_start": 0}, {"meeting_key": 1248, "session_key": 9625, "stint_number": 3, "driver_number": 30, "lap_start": 66, "lap_end": 70, "compound": "SOFT", "tyre_age_at_start": 0}, {"meeting_key": 1248, "session_key": 9625, "stint_number": 3, "driver_number": 16, "lap_start": 70, "lap_end": 71, "compound": "SOFT", "tyre_age_at_start": 0}, {"meeting_key": 1248, "session_key": 9625, "stint_number": 4, "driver_number": 11, "lap_start": 69, "lap_end": 70, "compound": "SOFT", "tyre_age_at_start": 0}]