[{"meeting_key": 1223, "session_key": 9181, "stint_number": 1, "driver_number": 18, "lap_start": 1, "lap_end": 30, "compound": "MEDIUM", "tyre_age_at_start": 1}, {"meeting_key": 1223, "session_key": 9181, "stint_number": 1, "driver_number": 23, "lap_start": 1, "lap_end": 33, "compound": "HARD", "tyre_age_at_start": 0}, {"meeting_key": 1223, "session_key": 9181, "stint_number": 1, "driver_number": 27, "lap_start": 1, "lap_end": 23, "compound": "MEDIUM", "tyre_age_at_start": 0}, {"meeting_key": 1223, "session_key": 9181, "stint_number": 1, "driver_number": 22, "lap_start": 1, "lap_end": 9, "compound": "MEDIUM", "tyre_age_at_start": 0}, {"meeting_key": 1223, "session_key": 9181, "stint_number": 1, "driver_number": 20, "lap_start": 1, "lap_end": 23, "compound": "MEDIUM", "tyre_age_at_start": 0}, {"meeting_key": 1223, "session_key": 9181, "stint_number": 1, "driver_number": 11, "lap_start": 1, "lap_end": 1, "compound": "MEDIUM", "tyre_age_at_start": 0}, {"meeting_key": 1223, "session_key": 9181, "stint_number": 1, "driver_number": 2, "lap_start": 1, "lap_end": 22, "compound": "MEDIUM", "tyre_age_at_start": 0}, {"meeting_key": 1223, "session_key": 9181, "stint_number": 1, "driver_number": 31, "lap_start": 1, "lap_end": 34, "compound": "HARD", "tyre_age_at_start": 0}, {"meeting_key": 1223, "session_key": 9181, "stint_number": 1, "driver_number": 55, "lap_start": 1, "lap_end": 30, "compound": "MEDIUM", "tyre_age_at_start": 0}, {"meeting_key": 1223, "session_key": 9181, "stint_number": 1, "driver_number": 24, "lap_start": 1, "lap_end": 21, "compound": "MEDIUM", "tyre_age_at_start": 0}, {"meeting_key": 1223, "session_key": 9181, "stint_number": 1, "driver_number": 44, "lap_start": 1, "lap_end": 24, "compound": "MEDIUM", "tyre_age_at_start": 0}, {"meeting_key": 1223, "session_key": 9181, "stint_number": 1, "driver_number": 14, "lap_start": 1, "lap_end": 29, "compound": "MEDIUM", "tyre_age_at_start": 1}, {"meeting_key": 1223, "session_key": 9181, "stint_number": 1, "driver_number": 1, "lap_start": 1, "lap_end": 19, "compound": "MEDIUM", "tyre_age_at_start": 0}, {"meeting_key": 1223, "session_key": 9181, "stint_number": 1, "driver_number": 3, "lap_start": 1, "lap_end": 27, "compound": "MEDIUM", "tyre_age_at_start": 0}, {"meeting_key": 1223, "session_key": 9181, "stint_number": 1, "driver_number": 63, "lap_start": 1, "lap_end": 26, "compound": "MEDIUM", "tyre_age_at_start": 0}, {"meeting_key": 1223, "session_key": 9181, "stint_number": 1, "driver_number": 10, "lap_start": 1, "lap_end": 28, "compound": "MEDIUM", "tyre_age_at_start": 0}, {"meeting_key": 1223, "session_key": 9181, "stint_number": 1, "driver_number": 77, "lap_start": 1, "lap_end": 31, "compound": "MEDIUM", "tyre_age_at_start": 0}, {"meeting_key": 1223, "session_key": 9181, "stint_number": 1, "driver_number": 16, "lap_start": 1, "lap_end": 31, "compound": "MEDIUM", "tyre_age_at_start": 0}, {"meeting_key": 1223, "session_key": 9181, "stint_number": 1, "driver_number": 4, "lap_start": 1, "lap_end": 11, "compound": "SOFT", "tyre_age_at_start": 0}, {"meeting_key": 1223, "session_key": 9181, "stint_number": 1, "driver_number": 81, "lap_start": 1, "lap_end": 25, "compound": "MEDIUM", "tyre_age_at_start": 0}, {"meeting_key": 1223, "session_key": 9181, "stint_number": 2, "driver_number": 22, "lap_start": 10, "lap_end": 34, "compound": "HARD", "tyre_age_at_start": 0}, {"meeting_key": 1223, "session_key": 9181, "stint_number": 2, "driver_number": 4, "lap_start": 12, "lap_end": 33, "compound": "HARD", "tyre_age_at_start": 0}, {"meeting_key": 1223, "session_key": 9181, "stint_number": 2, "driver_number": 1, "lap_start": 20, "lap_end": 33, "compound": "HARD", "tyre_age_at_start": 0}, {"meeting_key": 1223, "session_key": 9181, "stint_number": 2, "driver_number": 24, "lap_start": 22, "lap_end": 34, "compound": "HARD", "tyre_age_at_start": 0}, {"meeting_key": 1223, "session_key": 9181, "stint_number": 2, "driver_number": 2, "lap_start": 23, "lap_end": 34, "compound": "HARD", "tyre_age_at_start": 0}, {"meeting_key": 1223, "session_key": 9181, "stint_number": 2, "driver_number": 27, "lap_start": 24, "lap_end": 34, "compound": "HARD", "tyre_age_at_start": 0}, {"meeting_key": 1223, "session_key": 9181, "stint_number": 2, "driver_number": 20, "lap_start": 24, "lap_end": 31, "compound": "HARD", "tyre_age_at_start": 0}, {"meeting_key": 1223, "session_key": 9181, "stint_number": 2, "driver_number": 44, "lap_start": 25, "lap_end": 34, "compound": "HARD", "tyre_age_at_start": 0}, {"meeting_key": 1223, "session_key": 9181, "stint_number": 2, "driver_number": 81, "lap_start": 26, "lap_end": 34, "compound": "HARD", "tyre_age_at_start": 0}, {"meeting_key": 1223, "session_key": 9181, "stint_number": 2, "driver_number": 63, "lap_start": 27, "lap_end": 34, "compound": "HARD", "tyre_age_at_start": 0}, {"meeting_key": 1223, "session_key": 9181, "stint_number": 2, "driver_number": 3, "lap_start": 28, "lap_end": 34, "compound": "HARD", "tyre_age_at_start": 0}, {"meeting_key": 1223, "session_key": 9181, "stint_number": 2, "driver_number": 10, "lap_start": 29, "lap_end": 34, "compound": "HARD", "tyre_age_at_start": 0}, {"meeting_key": 1223, "session_key": 9181, "stint_number": 2, "driver_number": 14, "lap_start": 30, "lap_end": 34, "compound": "HARD", "tyre_age_at_start": 1}, {"meeting_key": 1223, "session_key": 9181, "stint_number": 2, "driver_number": 55, "lap_start": 31, "lap_end": 34, "compound": "HARD", "tyre_age_at_start": 0}, {"meeting_key": 1223, "session_key": 9181, "stint_number": 2, "driver_number": 18, "lap_start": 31, "lap_end": 34, "compound": "HARD", "tyre_age_at_start": 1}, {"meeting_key": 1223, "session_key": 9181, "stint_number": 2, "driver_number": 16, "lap_start": 32, "lap_end": 34, "compound": "HARD", "tyre_age_at_start": 0}, {"meeting_key": 1223, "session_key": 9181, "stint_number": 2, "driver_number": 77, "lap_start": 32, "lap_end": 34, "compound": "HARD", "tyre_age_at_start": 0}, {"meeting_key": 1223, "session_key": 9181, "stint_number": 3, "driver_number": 1, "lap_start": 34, "lap_end": 34, "compound": "HARD", "tyre_age_at_start": 0}, {"meeting_key": 1223, "session_key": 9181, "stint_number": 3, "driver_number": 4, "lap_start": 34, "lap_end": 34, "compound": "MEDIUM", "tyre_age_at_start": 0}, {"meeting_key": 1223, "session_key": 9181, "stint_number": 2, "driver_number": 23, "lap_start": 34, "lap_end": 34, "compound": "MEDIUM", "tyre_age_at_start": 0}, {"meeting_key": 1223, "session_key": 9181, "stint_number": 4, "driver_number": 1, "lap_start": 35, "lap_end": 71, "compound": "HARD", "tyre_age_at_start": 1}, {"meeting_key": 1223, "session_key": 9181, "stint_number": 3, "driver_number": 16, "lap_start": 35, "lap_end": 71, "compound": "HARD", "tyre_age_at_start": 3}, {"meeting_key": 1223, "session_key": 9181, "stint_number": 3, "driver_number": 44, "lap_start": 35, "lap_end": 71, "compound": "MEDIUM", "tyre_age_at_start": 4}, {"meeting_key": 1223, "session_key": 9181, "stint_number": 3, "driver_number": 55, "lap_start": 35, "lap_end": 71, "compound": "HARD", "tyre_age_at_start": 4}, {"meeting_key": 1223, "session_key": 9181, "stint_number": 3, "driver_number": 81, "lap_start": 35, "lap_end": 71, "compound": "MEDIUM", "tyre_age_at_start": 3}, {"meeting_key": 1223, "session_key": 9181, "stint_number": 3, "driver_number": 3, "lap_start": 35, "lap_end": 71, "compound": "HARD", "tyre_age_at_start": 7}, {"meeting_key": 1223, "session_key": 9181, "stint_number": 3, "driver_number": 63, "lap_start": 35, "lap_end": 71, "compound": "MEDIUM", "tyre_age_at_start": 5}, {"meeting_key": 1223, "session_key": 9181, "stint_number": 3, "driver_number": 22, "lap_start": 35, "lap_end": 71, "compound": "HARD", "tyre_age_at_start": 0}, {"meeting_key": 1223, "session_key": 9181, "stint_number": 3, "driver_number": 27, "lap_start": 35, "lap_end": 71, "compound": "MEDIUM", "tyre_age_at_start": 0}, {"meeting_key": 1223, "session_key": 9181, "stint_number": 4, "driver_number": 4, "lap_start": 35, "lap_end": 71, "compound": "MEDIUM", "tyre_age_at_start": 1}, {"meeting_key": 1223, "session_key": 9181, "stint_number": 3, "driver_number": 10, "lap_start": 35, "lap_end": 71, "compound": "HARD", "tyre_age_at_start": 6}, {"meeting_key": 1223, "session_key": 9181, "stint_number": 3, "driver_number": 23, "lap_start": 35, "lap_end": 71, "compound": "MEDIUM", "tyre_age_at_start": 1}, {"meeting_key": 1223, "session_key": 9181, "stint_number": 3, "driver_number": 24, "lap_start": 35, "lap_end": 71, "compound": "HARD", "tyre_age_at_start": 13}, {"meeting_key": 1223, "session_key": 9181, "stint_number": 2, "driver_number": 31, "lap_start": 35, "lap_end": 71, "compound": "MEDIUM", "tyre_age_at_start": 0}, {"meeting_key": 1223, "session_key": 9181, "stint_number": 3, "driver_number": 2, "lap_start": 35, "lap_end": 70, "compound": "MEDIUM", "tyre_age_at_start": 0}, {"meeting_key": 1223, "session_key": 9181, "stint_number": 3, "driver_number": 18, "lap_start": 35, "lap_end": 66, "compound": "HARD", "tyre_age_at_start": 5}, {"meeting_key": 1223, "session_key": 9181, "stint_number": 3, "driver_number": 77, "lap_start": 35, "lap_end": 71, "compound": "HARD", "tyre_age_at_start": 3}, {"meeting_key": 1223, "session_key": 9181, "stint_number": 3, "driver_number": 14, "lap_start": 35, "lap_end": 47, "compound": "HARD", "tyre_age_at_start": 6}]