[{"meeting_key": 1254, "session_key": 9693, "stint_number": 1, "driver_number": 18, "lap_start": 1, "lap_end": 2, "compound": "INTERMEDIATE", "tyre_age_at_start": 0}, {"meeting_key": 1254, "session_key": 9693, "stint_number": 1, "driver_number": 12, "lap_start": 1, "lap_end": 2, "compound": "INTERMEDIATE", "tyre_age_at_start": 0}, {"meeting_key": 1254, "session_key": 9693, "stint_number": 1, "driver_number": 14, "lap_start": 1, "lap_end": 2, "compound": "INTERMEDIATE", "tyre_age_at_start": 0}, {"meeting_key": 1254, "session_key": 9693, "stint_number": 1, "driver_number": 63, "lap_start": 1, "lap_end": 2, "compound": "INTERMEDIATE", "tyre_age_at_start": 0}, {"meeting_key": 1254, "session_key": 9693, "stint_number": 1, "driver_number": 7, "lap_start": null, "lap_end": null, "compound": "INTERMEDIATE", "tyre_age_at_start": 0}, {"meeting_key": 1254, "session_key": 9693, "stint_number": 1, "driver_number": 4, "lap_start": 1, "lap_end": 2, "compound": "INTERMEDIATE", "tyre_age_at_start": 0}, {"meeting_key": 1254, "session_key": 9693, "stint_number": 1, "driver_number": 27, "lap_start": 1, "lap_end": 2, "compound": "INTERMEDIATE", "tyre_age_at_start": 0}, {"meeting_key": 1254, "session_key": 9693, "stint_number": 1, "driver_number": 55, "lap_start": null, "lap_end": null, "compound": "INTERMEDIATE", "tyre_age_at_start": 0}, {"meeting_key": 1254, "session_key": 9693, "stint_number": 1, "driver_number": 31, "lap_start": 1, "lap_end": 2, "compound": "INTERMEDIATE", "tyre_age_at_start": 0}, {"meeting_key": 1254, "session_key": 9693, "stint_number": 1, "driver_number": 22, "lap_start": 1, "lap_end": 2, "compound": "INTERMEDIATE", "tyre_age_at_start": 0}, {"meeting_key": 1254, "session_key": 9693, "stint_number": 1, "driver_number": 10, "lap_start": 1, "lap_end": 2, "compound": "INTERMEDIATE", "tyre_age_at_start": 0}, {"meeting_key": 1254, "session_key": 9693, "stint_number": 1, "driver_number": 44, "lap_start": 1, "lap_end": 2, "compound": "INTERMEDIATE", "tyre_age_at_start": 0}, {"meeting_key": 1254, "session_key": 9693, "stint_number": 1, "driver_number": 1, "lap_start": 1, "lap_end": 2, "compound": "INTERMEDIATE", "tyre_age_at_start": 0}, {"meeting_key": 1254, "session_key": 9693, "stint_number": 1, "driver_number": 6, "lap_start": null, "lap_end": null, "compound": "INTERMEDIATE", "tyre_age_at_start": 0}, {"meeting_key": 1254, "session_key": 9693, "stint_number": 1, "driver_number": 23, "lap_start": 1, "lap_end": 2, "compound": "INTERMEDIATE", "tyre_age_at_start": 0}, {"meeting_key": 1254, "session_key": 9693, "stint_number": 1, "driver_number": 30, "lap_start": null, "lap_end": null, "compound": "INTERMEDIATE", "tyre_age_at_start": 0}, {"meeting_key": 1254, "session_key": 9693, "stint_number": 1, "driver_number": 16, "lap_start": 1, "lap_end": 2, "compound": "INTERMEDIATE", "tyre_age_at_start": 0}, {"meeting_key": 1254, "session_key": 9693, "stint_number": 1, "driver_number": 81, "lap_start": 1, "lap_end": 2, "compound": "INTERMEDIATE", "tyre_age_at_start": 0}, {"meeting_key": 1254, "session_key": 9693, "stint_number": 1, "driver_number": 87, "lap_start": 1, "lap_end": 2, "compound": "INTERMEDIATE", "tyre_age_at_start": 0}, {"meeting_key": 1254, "session_key": 9693, "stint_number": 1, "driver_number": 5, "lap_start": 1, "lap_end": 2, "compound": "INTERMEDIATE", "tyre_age_at_start": 0}, {"meeting_key": 1254, "session_key": 9693, "stint_number": 2, "driver_number": 30, "lap_start": null, "lap_end": null, "compound": "INTERMEDIATE", "tyre_age_at_start": 0}, {"meeting_key": 1254, "session_key": 9693, "stint_number": 3, "driver_number": 30, "lap_start": 1, "lap_end": 2, "compound": "INTERMEDIATE", "tyre_age_at_start": 0}, {"meeting_key": 1254, "session_key": 9693, "stint_number": 2, "driver_number": 4, "lap_start": 2, "lap_end": 3, "compound": "INTERMEDIATE", "tyre_age_at_start": 0}, {"meeting_key": 1254, "session_key": 9693, "stint_number": 2, "driver_number": 1, "lap_start": 2, "lap_end": 3, "compound": "INTERMEDIATE", "tyre_age_at_start": 2}, {"meeting_key": 1254, "session_key": 9693, "stint_number": 2, "driver_number": 81, "lap_start": 2, "lap_end": 3, "compound": "INTERMEDIATE", "tyre_age_at_start": 0}, {"meeting_key": 1254, "session_key": 9693, "stint_number": 2, "driver_number": 63, "lap_start": 2, "lap_end": 3, "compound": "INTERMEDIATE", "tyre_age_at_start": 2}, {"meeting_key": 1254, "session_key": 9693, "stint_number": 2, "driver_number": 16, "lap_start": 2, "lap_end": 3, "compound": "INTERMEDIATE", "tyre_age_at_start": 2}, {"meeting_key": 1254, "session_key": 9693, "stint_number": 2, "driver_number": 23, "lap_start": 2, "lap_end": 3, "compound": "INTERMEDIATE", "tyre_age_at_start": 0}, {"meeting_key": 1254, "session_key": 9693, "stint_number": 2, "driver_number": 22, "lap_start": 2, "lap_end": 3, "compound": "INTERMEDIATE", "tyre_age_at_start": 2}, {"meeting_key": 1254, "session_key": 9693, "stint_number": 2, "driver_number": 10, "lap_start": 2, "lap_end": 3, "compound": "INTERMEDIATE", "tyre_age_at_start": 0}, {"meeting_key": 1254, "session_key": 9693, "stint_number": 2, "driver_number": 44, "lap_start": 2, "lap_end": 3, "compound": "INTERMEDIATE", "tyre_age_at_start": 2}, {"meeting_key": 1254, "session_key": 9693, "stint_number": 2, "driver_number": 14, "lap_start": 2, "lap_end": 3, "compound": "INTERMEDIATE", "tyre_age_at_start": 2}, {"meeting_key": 1254, "session_key": 9693, "stint_number": 2, "driver_number": 27, "lap_start": 2, "lap_end": 3, "compound": "INTERMEDIATE", "tyre_age_at_start": 0}, {"meeting_key": 1254, "session_key": 9693, "stint_number": 2, "driver_number": 18, "lap_start": 2, "lap_end": 3, "compound": "INTERMEDIATE", "tyre_age_at_start": 2}, {"meeting_key": 1254, "session_key": 9693, "stint_number": 2, "driver_number": 5, "lap_start": 2, "lap_end": 2, "compound": "INTERMEDIATE", "tyre_age_at_start": 0}, {"meeting_key": 1254, "session_key": 9693, "stint_number": 2, "driver_number": 31, "lap_start": 2, "lap_end": 3, "compound": "INTERMEDIATE", "tyre_age_at_start": 2}, {"meeting_key": 1254, "session_key": 9693, "stint_number": 2, "driver_number": 12, "lap_start": 2, "lap_end": 3, "compound": "INTERMEDIATE", "tyre_age_at_start": 2}, {"meeting_key": 1254, "session_key": 9693, "stint_number": 4, "driver_number": 30, "lap_start": 2, "lap_end": 3, "compound": "INTERMEDIATE", "tyre_age_at_start": 2}, {"meeting_key": 1254, "session_key": 9693, "stint_number": 2, "driver_number": 87, "lap_start": 2, "lap_end": 2, "compound": "INTERMEDIATE", "tyre_age_at_start": 0}, {"meeting_key": 1254, "session_key": 9693, "stint_number": 3, "driver_number": 5, "lap_start": 3, "lap_end": 3, "compound": "INTERMEDIATE", "tyre_age_at_start": 0}, {"meeting_key": 1254, "session_key": 9693, "stint_number": 3, "driver_number": 87, "lap_start": 3, "lap_end": 3, "compound": "INTERMEDIATE", "tyre_age_at_start": 0}, {"meeting_key": 1254, "session_key": 9693, "stint_number": 3, "driver_number": 1, "lap_start": 3, "lap_end": 4, "compound": "INTERMEDIATE", "tyre_age_at_start": 0}, {"meeting_key": 1254, "session_key": 9693, "stint_number": 3, "driver_number": 4, "lap_start": 3, "lap_end": 4, "compound": "INTERMEDIATE", "tyre_age_at_start": 0}, {"meeting_key": 1254, "session_key": 9693, "stint_number": 3, "driver_number": 81, "lap_start": 3, "lap_end": 4, "compound": "INTERMEDIATE", "tyre_age_at_start": 0}, {"meeting_key": 1254, "session_key": 9693, "stint_number": 3, "driver_number": 63, "lap_start": 3, "lap_end": 4, "compound": "INTERMEDIATE", "tyre_age_at_start": 3}, {"meeting_key": 1254, "session_key": 9693, "stint_number": 3, "driver_number": 16, "lap_start": 3, "lap_end": 4, "compound": "INTERMEDIATE", "tyre_age_at_start": 3}, {"meeting_key": 1254, "session_key": 9693, "stint_number": 3, "driver_number": 22, "lap_start": 3, "lap_end": 4, "compound": "INTERMEDIATE", "tyre_age_at_start": 0}, {"meeting_key": 1254, "session_key": 9693, "stint_number": 3, "driver_number": 23, "lap_start": 3, "lap_end": 4, "compound": "INTERMEDIATE", "tyre_age_at_start": 1}, {"meeting_key": 1254, "session_key": 9693, "stint_number": 3, "driver_number": 44, "lap_start": 3, "lap_end": 4, "compound": "INTERMEDIATE", "tyre_age_at_start": 3}, {"meeting_key": 1254, "session_key": 9693, "stint_number": 3, "driver_number": 14, "lap_start": 3, "lap_end": 4, "compound": "INTERMEDIATE", "tyre_age_at_start": 3}, {"meeting_key": 1254, "session_key": 9693, "stint_number": 3, "driver_number": 10, "lap_start": 3, "lap_end": 4, "compound": "INTERMEDIATE", "tyre_age_at_start": 3}, {"meeting_key": 1254, "session_key": 9693, "stint_number": 3, "driver_number": 27, "lap_start": 3, "lap_end": 4, "compound": "INTERMEDIATE", "tyre_age_at_start": 3}, {"meeting_key": 1254, "session_key": 9693, "stint_number": 3, "driver_number": 18, "lap_start": 3, "lap_end": 4, "compound": "INTERMEDIATE", "tyre_age_at_start": 3}, {"meeting_key": 1254, "session_key": 9693, "stint_number": 3, "driver_number": 12, "lap_start": 3, "lap_end": 4, "compound": "INTERMEDIATE", "tyre_age_at_start": 0}, {"meeting_key": 1254, "session_key": 9693, "stint_number": 4, "driver_number": 5, "lap_start": 3, "lap_end": 3, "compound": "INTERMEDIATE", "tyre_age_at_start": 0}, {"meeting_key": 1254, "session_key": 9693, "stint_number": 3, "driver_number": 31, "lap_start": 3, "lap_end": 4, "compound": "INTERMEDIATE", "tyre_age_at_start": 3}, {"meeting_key": 1254, "session_key": 9693, "stint_number": 4, "driver_number": 87, "lap_start": 3, "lap_end": 3, "compound": "INTERMEDIATE", "tyre_age_at_start": 0}, {"meeting_key": 1254, "session_key": 9693, "stint_number": 5, "driver_number": 30, "lap_start": 3, "lap_end": 4, "compound": "INTERMEDIATE", "tyre_age_at_start": 3}, {"meeting_key": 1254, "session_key": 9693, "stint_number": 5, "driver_number": 5, "lap_start": 4, "lap_end": 4, "compound": "INTERMEDIATE", "tyre_age_at_start": 3}, {"meeting_key": 1254, "session_key": 9693, "stint_number": 5, "driver_number": 87, "lap_start": 4, "lap_end": 4, "compound": "INTERMEDIATE", "tyre_age_at_start": 3}, {"meeting_key": 1254, "session_key": 9693, "stint_number": 4, "driver_number": 4, "lap_start": 4, "lap_end": 34, "compound": "INTERMEDIATE", "tyre_age_at_start": 0}, {"meeting_key": 1254, "session_key": 9693, "stint_number": 4, "driver_number": 1, "lap_start": 4, "lap_end": 34, "compound": "INTERMEDIATE", "tyre_age_at_start": 0}, {"meeting_key": 1254, "session_key": 9693, "stint_number": 4, "driver_number": 63, "lap_start": 4, "lap_end": 34, "compound": "INTERMEDIATE", "tyre_age_at_start": 4}, {"meeting_key": 1254, "session_key": 9693, "stint_number": 4, "driver_number": 81, "lap_start": 4, "lap_end": 34, "compound": "INTERMEDIATE", "tyre_age_at_start": 0}, {"meeting_key": 1254, "session_key": 9693, "stint_number": 4, "driver_number": 22, "lap_start": 4, "lap_end": 33, "compound": "INTERMEDIATE", "tyre_age_at_start": 0}, {"meeting_key": 1254, "session_key": 9693, "stint_number": 4, "driver_number": 16, "lap_start": 4, "lap_end": 34, "compound": "INTERMEDIATE", "tyre_age_at_start": 4}, {"meeting_key": 1254, "session_key": 9693, "stint_number": 4, "driver_number": 23, "lap_start": 4, "lap_end": 33, "compound": "INTERMEDIATE", "tyre_age_at_start": 2}, {"meeting_key": 1254, "session_key": 9693, "stint_number": 4, "driver_number": 44, "lap_start": 4, "lap_end": 33, "compound": "INTERMEDIATE", "tyre_age_at_start": 4}, {"meeting_key": 1254, "session_key": 9693, "stint_number": 4, "driver_number": 14, "lap_start": 4, "lap_end": 32, "compound": "INTERMEDIATE", "tyre_age_at_start": 4}, {"meeting_key": 1254, "session_key": 9693, "stint_number": 4, "driver_number": 10, "lap_start": 4, "lap_end": 33, "compound": "INTERMEDIATE", "tyre_age_at_start": 4}, {"meeting_key": 1254, "session_key": 9693, "stint_number": 4, "driver_number": 27, "lap_start": 4, "lap_end": 33, "compound": "INTERMEDIATE", "tyre_age_at_start": 4}, {"meeting_key": 1254, "session_key": 9693, "stint_number": 4, "driver_number": 18, "lap_start": 4, "lap_end": 33, "compound": "INTERMEDIATE", "tyre_age_at_start": 4}, {"meeting_key": 1254, "session_key": 9693, "stint_number": 6, "driver_number": 5, "lap_start": 4, "lap_end": 44, "compound": "MEDIUM", "tyre_age_at_start": 4}, {"meeting_key": 1254, "session_key": 9693, "stint_number": 4, "driver_number": 12, "lap_start": 4, "lap_end": 33, "compound": "INTERMEDIATE", "tyre_age_at_start": 4}, {"meeting_key": 1254, "session_key": 9693, "stint_number": 6, "driver_number": 30, "lap_start": 4, "lap_end": 33, "compound": "INTERMEDIATE", "tyre_age_at_start": 0}, {"meeting_key": 1254, "session_key": 9693, "stint_number": 4, "driver_number": 31, "lap_start": 4, "lap_end": 39, "compound": "INTERMEDIATE", "tyre_age_at_start": 0}, {"meeting_key": 1254, "session_key": 9693, "stint_number": 6, "driver_number": 87, "lap_start": 4, "lap_end": 44, "compound": "MEDIUM", "tyre_age_at_start": 0}, {"meeting_key": 1254, "session_key": 9693, "stint_number": 5, "driver_number": 44, "lap_start": 33, "lap_end": 47, "compound": "HARD", "tyre_age_at_start": 1}, {"meeting_key": 1254, "session_key": 9693, "stint_number": 5, "driver_number": 23, "lap_start": 33, "lap_end": 44, "compound": "MEDIUM", "tyre_age_at_start": 0}, {"meeting_key": 1254, "session_key": 9693, "stint_number": 5, "driver_number": 22, "lap_start": 33, "lap_end": 47, "compound": "MEDIUM", "tyre_age_at_start": 0}, {"meeting_key": 1254, "session_key": 9693, "stint_number": 5, "driver_number": 10, "lap_start": 33, "lap_end": 46, "compound": "HARD", "tyre_age_at_start": 0}, {"meeting_key": 1254, "session_key": 9693, "stint_number": 5, "driver_number": 12, "lap_start": 33, "lap_end": 44, "compound": "HARD", "tyre_age_at_start": 0}, {"meeting_key": 1254, "session_key": 9693, "stint_number": 5, "driver_number": 18, "lap_start": 33, "lap_end": 44, "compound": "HARD", "tyre_age_at_start": 1}, {"meeting_key": 1254, "session_key": 9693, "stint_number": 5, "driver_number": 27, "lap_start": 33, "lap_end": 44, "compound": "MEDIUM", "tyre_age_at_start": 0}, {"meeting_key": 1254, "session_key": 9693, "stint_number": 5, "driver_number": 4, "lap_start": 34, "lap_end": 44, "compound": "HARD", "tyre_age_at_start": 1}, {"meeting_key": 1254, "session_key": 9693, "stint_number": 5, "driver_number": 81, "lap_start": 34, "lap_end": 44, "compound": "HARD", "tyre_age_at_start": 1}, {"meeting_key": 1254, "session_key": 9693, "stint_number": 7, "driver_number": 30, "lap_start": 33, "lap_end": 46, "compound": "MEDIUM", "tyre_age_at_start": 0}, {"meeting_key": 1254, "session_key": 9693, "stint_number": 5, "driver_number": 1, "lap_start": 34, "lap_end": 46, "compound": "MEDIUM", "tyre_age_at_start": 0}, {"meeting_key": 1254, "session_key": 9693, "stint_number": 5, "driver_number": 63, "lap_start": 34, "lap_end": 44, "compound": "HARD", "tyre_age_at_start": 0}, {"meeting_key": 1254, "session_key": 9693, "stint_number": 5, "driver_number": 16, "lap_start": 34, "lap_end": 47, "compound": "HARD", "tyre_age_at_start": 1}, {"meeting_key": 1254, "session_key": 9693, "stint_number": 5, "driver_number": 31, "lap_start": 39, "lap_end": 46, "compound": "MEDIUM", "tyre_age_at_start": 0}, {"meeting_key": 1254, "session_key": 9693, "stint_number": 6, "driver_number": 4, "lap_start": 44, "lap_end": 57, "compound": "INTERMEDIATE", "tyre_age_at_start": 0}, {"meeting_key": 1254, "session_key": 9693, "stint_number": 6, "driver_number": 23, "lap_start": 44, "lap_end": 57, "compound": "INTERMEDIATE", "tyre_age_at_start": 0}, {"meeting_key": 1254, "session_key": 9693, "stint_number": 6, "driver_number": 63, "lap_start": 44, "lap_end": 57, "compound": "INTERMEDIATE", "tyre_age_at_start": 0}, {"meeting_key": 1254, "session_key": 9693, "stint_number": 6, "driver_number": 18, "lap_start": 44, "lap_end": 57, "compound": "INTERMEDIATE", "tyre_age_at_start": 0}, {"meeting_key": 1254, "session_key": 9693, "stint_number": 6, "driver_number": 27, "lap_start": 44, "lap_end": 57, "compound": "INTERMEDIATE", "tyre_age_at_start": 0}, {"meeting_key": 1254, "session_key": 9693, "stint_number": 6, "driver_number": 12, "lap_start": 44, "lap_end": 57, "compound": "INTERMEDIATE", "tyre_age_at_start": 0}, {"meeting_key": 1254, "session_key": 9693, "stint_number": 7, "driver_number": 5, "lap_start": 44, "lap_end": 45, "compound": "INTERMEDIATE", "tyre_age_at_start": 0}, {"meeting_key": 1254, "session_key": 9693, "stint_number": 6, "driver_number": 81, "lap_start": 44, "lap_end": 57, "compound": "INTERMEDIATE", "tyre_age_at_start": 0}, {"meeting_key": 1254, "session_key": 9693, "stint_number": 7, "driver_number": 87, "lap_start": 44, "lap_end": 57, "compound": "INTERMEDIATE", "tyre_age_at_start": 0}, {"meeting_key": 1254, "session_key": 9693, "stint_number": 6, "driver_number": 1, "lap_start": 46, "lap_end": 57, "compound": "INTERMEDIATE", "tyre_age_at_start": 0}, {"meeting_key": 1254, "session_key": 9693, "stint_number": 6, "driver_number": 10, "lap_start": 46, "lap_end": 57, "compound": "INTERMEDIATE", "tyre_age_at_start": 0}, {"meeting_key": 1254, "session_key": 9693, "stint_number": 6, "driver_number": 31, "lap_start": 46, "lap_end": 57, "compound": "INTERMEDIATE", "tyre_age_at_start": 0}, {"meeting_key": 1254, "session_key": 9693, "stint_number": 6, "driver_number": 44, "lap_start": 47, "lap_end": 57, "compound": "INTERMEDIATE", "tyre_age_at_start": 0}, {"meeting_key": 1254, "session_key": 9693, "stint_number": 6, "driver_number": 22, "lap_start": 47, "lap_end": 57, "compound": "INTERMEDIATE", "tyre_age_at_start": 0}, {"meeting_key": 1254, "session_key": 9693, "stint_number": 6, "driver_number": 16, "lap_start": 47, "lap_end": 57, "compound": "INTERMEDIATE", "tyre_age_at_start": 0}]